frame,time,act,segment,payload,mask,iterations,cv_block_errors,zx_block_errors,cv_min_margin,zx_min_margin,weak,risky_codewords,lifted,grown
0,0.0,title,0,Pause anywhere. Scan me.,7,0,1,0,-0.15650588274002075,45.0,1,1,0,0
1,0.033,title,0,Pause anywhere. Scan me.,7,0,1,0,-0.15650588274002075,45.0,1,1,0,0
2,0.067,title,0,Pause anywhere. Scan me.,7,0,1,0,-0.15650588274002075,45.0,1,1,0,0
3,0.1,title,0,Pause anywhere. Scan me.,7,0,1,0,-0.15650588274002075,45.0,1,1,0,0
4,0.133,title,0,Pause anywhere. Scan me.,7,0,1,0,-0.15650588274002075,45.0,1,1,0,0
5,0.167,title,0,Pause anywhere. Scan me.,7,0,1,0,-0.15650588274002075,45.0,1,1,0,0
6,0.2,title,0,Pause anywhere. Scan me.,7,0,1,0,-0.15650588274002075,45.0,1,1,0,0
7,0.233,title,0,Pause anywhere. Scan me.,7,0,1,0,-0.15650588274002075,45.0,1,1,0,0
8,0.267,title,0,Pause anywhere. Scan me.,7,0,1,0,-0.15650588274002075,45.0,1,1,0,0
9,0.3,title,0,Pause anywhere. Scan me.,7,0,1,0,-0.15650588274002075,45.0,1,1,0,0
10,0.333,title,0,Pause anywhere. Scan me.,7,0,1,0,-0.15650588274002075,45.0,1,1,0,0
11,0.367,title,0,Pause anywhere. Scan me.,7,0,1,0,-0.15650588274002075,45.0,1,1,0,0
12,0.4,title,0,Pause anywhere. Scan me.,7,0,1,0,-0.15650588274002075,45.0,1,1,0,0
13,0.433,title,0,Pause anywhere. Scan me.,7,0,1,0,-0.15650588274002075,45.0,1,1,0,0
14,0.467,title,0,Pause anywhere. Scan me.,7,0,1,0,-0.15650588274002075,45.0,1,1,0,0
15,0.5,title,0,Pause anywhere. Scan me.,7,0,1,0,-0.15650588274002075,45.0,1,1,0,0
16,0.533,title,0,Pause anywhere. Scan me.,7,0,1,0,-0.15650588274002075,45.0,1,1,0,0
17,0.567,title,0,Pause anywhere. Scan me.,7,0,1,0,-0.15650588274002075,45.0,1,1,0,0
18,0.6,title,0,Pause anywhere. Scan me.,7,0,1,0,-0.15650588274002075,45.0,1,1,0,0
19,0.633,title,0,Pause anywhere. Scan me.,7,0,1,0,-0.15650588274002075,45.0,1,1,0,0
20,0.667,title,0,Pause anywhere. Scan me.,7,0,1,0,-0.15650588274002075,45.0,1,1,0,0
21,0.7,title,0,Pause anywhere. Scan me.,7,0,1,0,-0.15650588274002075,45.0,1,1,0,0
22,0.733,title,0,Pause anywhere. Scan me.,7,0,1,0,-0.15650588274002075,45.0,1,1,0,0
23,0.767,title,0,Pause anywhere. Scan me.,7,0,1,0,-0.15650588274002075,45.0,1,1,0,0
24,0.8,title,0,Pause anywhere. Scan me.,7,0,1,0,-0.15650588274002075,45.0,1,1,0,0
25,0.833,title,0,Pause anywhere. Scan me.,7,0,1,0,-0.15650588274002075,45.0,1,1,0,0
26,0.867,title,0,Pause anywhere. Scan me.,7,0,1,0,-0.15650588274002075,45.0,1,1,0,0
27,0.9,title,0,Pause anywhere. Scan me.,7,0,1,0,-0.15650588274002075,45.0,1,1,0,0
28,0.933,title,0,Pause anywhere. Scan me.,7,0,1,0,-0.15650588274002075,45.0,1,1,0,0
29,0.967,title,0,Pause anywhere. Scan me.,7,0,1,0,-0.15650588274002075,45.0,1,1,0,0
30,1.0,title,0,Pause anywhere. Scan me.,7,0,1,0,-0.15640538930892944,45.0,1,1,0,0
31,1.033,title,0,Pause anywhere. Scan me.,7,0,1,0,-0.1561363935470581,45.0,1,1,0,0
32,1.067,title,0,Pause anywhere. Scan me.,7,0,1,0,-0.15568947792053223,45.0,1,1,0,0
33,1.1,title,0,Pause anywhere. Scan me.,7,0,1,0,-0.1549532413482666,45.0,1,1,0,0
34,1.133,title,0,Pause anywhere. Scan me.,7,0,1,0,-0.15373748540878296,45.0,1,1,0,0
35,1.167,title,0,Pause anywhere. Scan me.,7,0,1,0,-0.152399480342865,45.0,1,1,0,0
36,1.2,title,0,Pause anywhere. Scan me.,7,0,1,0,-0.15052759647369385,45.0,1,1,0,0
37,1.233,title,0,Pause anywhere. Scan me.,7,0,1,0,-0.14877665042877197,45.0,1,1,0,0
38,1.267,title,0,Pause anywhere. Scan me.,7,0,1,0,-0.1465258002281189,24.0,1,1,0,0
39,1.3,title,0,Pause anywhere. Scan me.,7,0,1,0,-0.14374923706054688,41.0,1,1,0,0
40,1.333,title,0,Pause anywhere. Scan me.,7,0,1,0,-0.14049315452575684,45.0,1,1,0,0
41,1.367,title,0,Pause anywhere. Scan me.,7,0,1,0,-0.13765549659729004,21.0,1,1,0,0
42,1.4,title,0,Pause anywhere. Scan me.,7,0,1,0,-0.13442248106002808,19.0,1,1,0,0
43,1.433,title,0,Pause anywhere. Scan me.,7,0,1,0,-0.12957030534744263,45.0,1,1,0,0
44,1.467,title,0,Pause anywhere. Scan me.,7,0,1,0,-0.12569212913513184,19.0,1,1,0,0
45,1.5,title,0,Pause anywhere. Scan me.,7,0,1,0,-0.12008875608444214,17.0,1,1,1,128
46,1.533,title,0,Pause anywhere. Scan me.,7,0,1,0,-0.11533164978027344,17.0,1,1,1,148
47,1.567,title,0,Pause anywhere. Scan me.,7,0,1,0,-0.10945117473602295,17.0,1,1,1,150
48,1.6,title,0,Pause anywhere. Scan me.,7,1,1,0,-0.08478683233261108,28.0,38,4,1,158
49,1.633,title,0,Pause anywhere. Scan me.,7,1,1,0,-0.09532111883163452,20.0,34,4,1,163
50,1.667,title,0,Pause anywhere. Scan me.,7,1,1,0,-0.08975446224212646,20.0,30,4,1,154
51,1.7,title,0,Pause anywhere. Scan me.,7,0,1,0,-0.08279269933700562,41.0,26,4,1,151
52,1.733,title,0,Pause anywhere. Scan me.,7,0,1,0,-0.04229766130447388,18.0,19,4,1,151
53,1.767,title,0,Pause anywhere. Scan me.,7,0,0,0,0.007055521011352539,52.0,11,2,1,151
54,1.8,title,0,Pause anywhere. Scan me.,7,0,0,0,0.014958620071411133,42.0,9,2,1,151
55,1.833,title,0,Pause anywhere. Scan me.,7,0,0,0,0.011672675609588623,19.0,13,3,1,151
56,1.867,title,0,Pause anywhere. Scan me.,7,0,0,0,0.008265852928161621,18.0,28,3,1,151
57,1.9,title,0,Pause anywhere. Scan me.,7,0,0,0,0.0069481730461120605,19.0,18,3,1,151
58,1.933,title,0,Pause anywhere. Scan me.,7,0,0,0,0.00023233890533447266,18.0,18,3,1,135
59,1.967,title,0,Pause anywhere. Scan me.,7,0,2,0,-0.0024709105491638184,18.0,12,2,1,93
60,2.0,title,0,Pause anywhere. Scan me.,7,0,2,0,-0.00512927770614624,42.0,17,2,1,88
61,2.033,title,0,Pause anywhere. Scan me.,7,0,2,0,-0.006622135639190674,19.0,20,2,0,73
62,2.067,title,0,Pause anywhere. Scan me.,7,0,1,0,-0.0084342360496521,67.0,17,2,0,61
63,2.1,title,0,Pause anywhere. Scan me.,7,0,1,0,-0.009876847267150879,72.0,14,2,0,46
64,2.133,title,0,Pause anywhere. Scan me.,7,0,1,0,-0.010860323905944824,52.0,11,1,0,33
65,2.167,title,0,Pause anywhere. Scan me.,7,0,1,0,-0.011394202709197998,54.0,13,2,0,27
66,2.2,title,0,Pause anywhere. Scan me.,7,0,2,0,-0.012262165546417236,67.0,13,2,0,23
67,2.233,title,0,Pause anywhere. Scan me.,7,0,2,0,-0.013033747673034668,63.0,12,2,0,21
68,2.267,title,0,Pause anywhere. Scan me.,7,0,2,0,-0.01399141550064087,72.0,9,2,0,13
69,2.3,title,0,Pause anywhere. Scan me.,7,0,1,0,-0.015059113502502441,72.0,6,1,0,8
70,2.333,title,0,Pause anywhere. Scan me.,7,0,1,0,-0.015970587730407715,60.0,3,1,0,5
71,2.367,title,0,Pause anywhere. Scan me.,7,0,1,0,-0.016869843006134033,72.0,1,1,0,0
72,2.4,title,0,Pause anywhere. Scan me.,7,0,0,0,0.060140132904052734,76.0,0,0,0,0
73,2.433,title,0,Pause anywhere. Scan me.,7,0,0,0,0.06067395210266113,76.0,0,0,0,0
74,2.467,title,0,Pause anywhere. Scan me.,7,0,0,0,0.06092393398284912,76.0,0,0,0,0
75,2.5,title,0,Pause anywhere. Scan me.,7,0,0,0,0.06106114387512207,89.0,0,0,0,0
76,2.533,title,0,Pause anywhere. Scan me.,7,0,0,0,0.0610651969909668,84.0,0,0,0,0
77,2.567,title,0,Pause anywhere. Scan me.,7,0,0,0,0.061073362827301025,84.0,0,0,0,0
78,2.6,title,0,Pause anywhere. Scan me.,7,0,0,0,0.061012208461761475,84.0,0,0,0,0
79,2.633,title,0,Pause anywhere. Scan me.,7,0,0,0,0.061012208461761475,84.0,0,0,0,0
80,2.667,title,0,Pause anywhere. Scan me.,7,0,0,0,0.06090080738067627,96.0,0,0,0,0
81,2.7,title,0,Pause anywhere. Scan me.,7,0,0,0,0.060864150524139404,96.0,0,0,0,0
82,2.733,title,0,Pause anywhere. Scan me.,7,0,0,0,0.06075006723403931,102.0,0,0,0,0
83,2.767,title,0,Pause anywhere. Scan me.,7,0,0,0,0.06075006723403931,102.0,0,0,0,0
84,2.8,title,0,Pause anywhere. Scan me.,7,0,0,0,0.060678064823150635,102.0,0,0,0,0
85,2.833,title,0,Pause anywhere. Scan me.,7,0,0,0,0.06062507629394531,102.0,0,0,0,0
86,2.867,title,0,Pause anywhere. Scan me.,7,0,0,0,0.06062507629394531,102.0,0,0,0,0
87,2.9,title,0,Pause anywhere. Scan me.,7,0,0,0,0.06062507629394531,102.0,0,0,0,0
88,2.933,title,0,Pause anywhere. Scan me.,7,0,0,0,0.06062507629394531,102.0,0,0,0,0
89,2.967,title,0,Pause anywhere. Scan me.,7,0,0,0,0.06062507629394531,102.0,0,0,0,0
90,3.0,title,0,Pause anywhere. Scan me.,7,0,0,0,0.06062507629394531,102.0,0,0,0,0
91,3.033,title,0,Pause anywhere. Scan me.,7,0,0,0,0.06062507629394531,102.0,0,0,0,0
92,3.067,title,0,Pause anywhere. Scan me.,7,0,0,0,0.06062507629394531,102.0,0,0,0,0
93,3.1,title,0,Pause anywhere. Scan me.,7,0,0,0,0.06062507629394531,102.0,0,0,0,0
94,3.133,title,0,Pause anywhere. Scan me.,7,0,0,0,0.06062507629394531,102.0,0,0,0,0
95,3.167,title,0,Pause anywhere. Scan me.,7,0,0,0,0.06062507629394531,102.0,0,0,0,0
96,3.2,title,0,Pause anywhere. Scan me.,7,0,0,0,0.06062507629394531,102.0,0,0,0,0
97,3.233,title,0,Pause anywhere. Scan me.,7,0,0,0,0.06062507629394531,102.0,0,0,0,0
98,3.267,title,0,Pause anywhere. Scan me.,7,0,0,0,0.06062507629394531,102.0,0,0,0,0
99,3.3,title,0,Pause anywhere. Scan me.,7,0,0,0,0.06062507629394531,102.0,0,0,0,0
100,3.333,title,0,Pause anywhere. Scan me.,7,0,0,0,0.06062507629394531,102.0,0,0,0,0
101,3.367,title,0,Pause anywhere. Scan me.,7,0,0,0,0.06062507629394531,102.0,0,0,0,0
102,3.4,title,0,Pause anywhere. Scan me.,7,0,0,0,0.06062507629394531,102.0,0,0,0,0
103,3.433,title,0,Pause anywhere. Scan me.,7,0,0,0,0.06062507629394531,102.0,0,0,0,0
104,3.467,title,0,Pause anywhere. Scan me.,7,0,0,0,0.06062507629394531,102.0,0,0,0,0
105,3.5,title,0,Pause anywhere. Scan me.,7,0,0,0,0.06062507629394531,102.0,0,0,0,0
106,3.533,title,0,Pause anywhere. Scan me.,7,0,0,0,0.06062507629394531,102.0,0,0,0,0
107,3.567,title,0,Pause anywhere. Scan me.,7,0,0,0,0.06062507629394531,102.0,0,0,0,0
108,3.6,title,0,Pause anywhere. Scan me.,7,0,0,0,0.06062507629394531,102.0,0,0,0,0
109,3.633,title,0,Pause anywhere. Scan me.,7,0,0,0,0.06062507629394531,102.0,0,0,0,0
110,3.667,title,0,Pause anywhere. Scan me.,7,0,0,0,0.06062507629394531,102.0,0,0,0,0
111,3.7,title,0,Pause anywhere. Scan me.,7,0,0,0,0.06062507629394531,102.0,0,0,0,0
112,3.733,title,0,Pause anywhere. Scan me.,7,0,0,0,0.06062507629394531,102.0,0,0,0,0
113,3.767,title,0,Pause anywhere. Scan me.,7,0,0,0,0.06062507629394531,102.0,0,0,0,0
114,3.8,title,0,Pause anywhere. Scan me.,7,0,0,0,0.06062507629394531,102.0,0,0,0,0
115,3.833,title,0,Pause anywhere. Scan me.,7,0,0,0,0.04301619529724121,82.0,0,0,0,0
116,3.867,title,0,Pause anywhere. Scan me.,7,0,0,0,0.04301619529724121,82.0,0,0,0,0
117,3.9,title,0,Pause anywhere. Scan me.,7,0,0,0,0.04301619529724121,82.0,0,0,0,0
118,3.933,title,0,Pause anywhere. Scan me.,7,0,0,0,0.027228951454162598,56.0,1,1,0,0
119,3.967,title,0,Pause anywhere. Scan me.,7,0,0,0,0.027228951454162598,56.0,1,1,0,0
120,4.0,flower,1,1/8 - YOU,2,0,0,0,0.22401395440101624,52.0,0,0,0,0
121,4.033,flower,1,1/8 - YOU,2,0,0,0,0.22401395440101624,52.0,0,0,0,0
122,4.067,flower,1,1/8 - YOU,2,0,0,0,0.2268366813659668,39.0,0,0,0,0
123,4.1,flower,1,1/8 - YOU,2,0,0,0,0.2268366813659668,39.0,0,0,0,0
124,4.133,flower,1,1/8 - YOU,2,0,0,0,0.229120135307312,17.0,0,0,0,0
125,4.167,flower,1,1/8 - YOU,2,0,0,0,0.22261619567871094,18.0,0,0,0,0
126,4.2,flower,1,1/8 - YOU,2,0,0,0,0.22260260581970215,71.0,0,0,0,0
127,4.233,flower,1,1/8 - YOU,2,0,0,0,0.2123929262161255,85.0,0,0,0,0
128,4.267,flower,1,1/8 - YOU,2,0,0,0,0.11283218860626221,13.0,2,1,0,0
129,4.3,flower,1,1/8 - YOU,2,0,0,0,0.00950467586517334,-15.0,1,1,0,0
130,4.333,flower,1,1/8 - YOU,2,0,1,0,-0.10964137315750122,-11.0,2,1,0,0
131,4.367,flower,1,1/8 - YOU,2,0,1,0,-0.2377663254737854,-10.0,3,1,0,0
132,4.4,flower,1,1/8 - YOU,2,0,1,1,-0.3928472697734833,-1.0,4,1,0,0
133,4.433,flower,1,1/8 - YOU,2,0,1,1,-0.5513703227043152,-9.0,4,1,0,0
134,4.467,flower,1,1/8 - YOU,2,0,1,1,-0.6095802187919617,-14.0,4,1,0,0
135,4.5,flower,1,1/8 - YOU,2,0,1,1,-0.62417072057724,-21.0,5,1,0,0
136,4.533,flower,1,1/8 - YOU,2,0,1,1,-0.6292470097541809,-27.0,5,1,0,0
137,4.567,flower,1,1/8 - YOU,2,0,1,1,-0.6246393322944641,-27.0,5,1,0,0
138,4.6,flower,1,1/8 - YOU,2,0,1,1,-0.6175621151924133,-25.0,5,1,0,0
139,4.633,flower,1,1/8 - YOU,2,0,1,1,-0.6271224617958069,-23.0,5,1,0,0
140,4.667,flower,1,1/8 - YOU,2,0,1,1,-0.6288762092590332,-23.0,5,1,0,0
141,4.7,flower,1,1/8 - YOU,2,0,1,1,-0.6214865446090698,-23.0,5,1,0,0
142,4.733,flower,1,1/8 - YOU,2,0,1,1,-0.631852388381958,-23.0,5,1,0,0
143,4.767,flower,1,1/8 - YOU,2,0,1,1,-0.6320506930351257,-22.0,5,1,0,0
144,4.8,flower,1,1/8 - YOU,2,0,1,1,-0.6322082877159119,-22.0,5,1,0,0
145,4.833,flower,1,1/8 - YOU,2,0,1,1,-0.6307290196418762,-22.0,5,1,0,0
146,4.867,flower,1,1/8 - YOU,2,0,1,1,-0.6304763555526733,-21.0,5,1,0,0
147,4.9,flower,1,1/8 - YOU,2,0,1,1,-0.6309341192245483,-23.0,5,1,0,0
148,4.933,flower,1,1/8 - YOU,2,0,1,1,-0.6294656991958618,-23.0,5,1,0,0
149,4.967,flower,1,1/8 - YOU,2,0,1,1,-0.6265125870704651,-24.0,5,1,0,0
150,5.0,flower,1,1/8 - YOU,2,0,1,1,-0.6250292062759399,-24.0,5,1,0,0
151,5.033,flower,1,1/8 - YOU,2,0,1,1,-0.623553991317749,-24.0,5,1,0,0
152,5.067,flower,1,1/8 - YOU,2,0,1,1,-0.623553991317749,-24.0,5,1,0,0
153,5.1,flower,1,1/8 - YOU,2,0,1,1,-0.623553991317749,-24.0,5,1,0,0
154,5.133,flower,1,1/8 - YOU,2,0,1,1,-0.6235512495040894,-24.0,5,1,0,0
155,5.167,flower,1,1/8 - YOU,2,0,1,1,-0.6250441670417786,-24.0,5,1,0,0
156,5.2,flower,1,1/8 - YOU,2,0,1,1,-0.6250224113464355,-24.0,5,1,0,0
157,5.233,flower,1,1/8 - YOU,2,0,1,1,-0.6309694647789001,-24.0,5,1,0,0
158,5.267,flower,1,1/8 - YOU,2,0,1,1,-0.6383781433105469,-25.0,5,1,0,0
159,5.3,flower,1,1/8 - YOU,2,0,1,1,-0.6384406089782715,-22.0,5,1,0,0
160,5.333,flower,1,1/8 - YOU,2,0,1,1,-0.6517677903175354,-23.0,5,1,0,0
161,5.367,flower,1,1/8 - YOU,2,0,1,1,-0.6517990231513977,-24.0,5,1,0,0
162,5.4,flower,1,1/8 - YOU,2,0,1,1,-0.6533177495002747,-24.0,5,1,0,0
163,5.433,flower,1,1/8 - YOU,2,0,1,1,-0.6518669724464417,-26.0,5,1,0,0
164,5.467,flower,1,1/8 - YOU,2,0,1,1,-0.6563469171524048,-26.0,5,1,0,0
165,5.5,flower,2,2/8 - FOUND,7,0,1,1,-0.15562838315963745,-16.0,4,1,0,0
166,5.533,flower,2,2/8 - FOUND,7,0,1,1,-0.14091014862060547,-13.0,4,1,0,0
167,5.567,flower,2,2/8 - FOUND,7,0,1,1,-0.12762778997421265,-11.0,4,1,0,0
168,5.6,flower,2,2/8 - FOUND,7,0,1,1,-0.10693812370300293,-10.0,3,1,0,0
169,5.633,flower,2,2/8 - FOUND,7,0,1,1,-0.08627563714981079,-9.0,3,1,0,0
170,5.667,flower,2,2/8 - FOUND,7,0,1,1,-0.0581895112991333,-1.0,3,1,0,0
171,5.7,flower,2,2/8 - FOUND,7,0,1,1,-0.05529743432998657,-1.0,3,1,0,0
172,5.733,flower,2,2/8 - FOUND,7,0,1,1,-0.04791867733001709,4.0,3,1,0,0
173,5.767,flower,2,2/8 - FOUND,7,0,1,1,-0.045004963874816895,5.0,3,1,0,0
174,5.8,flower,2,2/8 - FOUND,7,0,1,1,-0.03464442491531372,6.0,3,1,0,0
175,5.833,flower,2,2/8 - FOUND,7,0,1,1,-0.03762882947921753,6.0,3,1,0,0
176,5.867,flower,2,2/8 - FOUND,7,0,1,1,-0.03762209415435791,8.0,3,1,0,0
177,5.9,flower,2,2/8 - FOUND,7,0,1,1,-0.04497098922729492,9.0,6,2,0,0
178,5.933,flower,2,2/8 - FOUND,7,0,1,1,-0.03765195608139038,9.0,3,1,0,0
179,5.967,flower,2,2/8 - FOUND,7,0,1,1,-0.03765469789505005,8.0,3,1,0,0
180,6.0,flower,2,2/8 - FOUND,7,0,1,1,-0.040630877017974854,9.0,2,1,0,0
181,6.033,flower,2,2/8 - FOUND,7,0,1,1,-0.03624868392944336,9.0,2,1,0,0
182,6.067,flower,2,2/8 - FOUND,7,0,1,1,-0.03326296806335449,9.0,2,1,0,0
183,6.1,flower,2,2/8 - FOUND,7,0,1,1,-0.03024190664291382,8.0,2,1,0,0
184,6.133,flower,2,2/8 - FOUND,7,0,1,1,-0.03172934055328369,9.0,2,1,0,0
185,6.167,flower,2,2/8 - FOUND,7,0,0,1,0.002280712127685547,9.0,2,1,0,0
186,6.2,flower,2,2/8 - FOUND,7,0,0,1,0.014149010181427002,9.0,2,1,0,0
187,6.233,flower,2,2/8 - FOUND,7,0,0,1,0.01570028066635132,9.0,2,1,0,0
188,6.267,flower,2,2/8 - FOUND,7,0,0,1,0.014230489730834961,9.0,2,1,0,0
189,6.3,flower,2,2/8 - FOUND,7,0,0,1,0.012797415256500244,9.0,2,1,0,0
190,6.333,flower,2,2/8 - FOUND,7,0,0,1,0.014322876930236816,9.0,2,1,0,0
191,6.367,flower,2,2/8 - FOUND,7,0,0,1,0.014360904693603516,9.0,2,1,0,0
192,6.4,flower,2,2/8 - FOUND,7,0,0,1,0.014411211013793945,9.0,2,1,0,0
193,6.433,flower,2,2/8 - FOUND,7,0,0,1,0.014676094055175781,3.0,3,2,0,0
194,6.467,flower,2,2/8 - FOUND,7,0,1,1,-0.01330411434173584,-8.0,4,3,0,0
195,6.5,flower,2,2/8 - FOUND,7,0,1,1,-0.069496750831604,-15.0,4,3,0,0
196,6.533,flower,2,2/8 - FOUND,7,0,1,1,-0.03691840171813965,-19.0,3,2,0,0
197,6.567,flower,2,2/8 - FOUND,7,0,0,1,0.014836370944976807,-19.0,3,2,0,0
198,6.6,flower,2,2/8 - FOUND,7,0,0,1,0.01478201150894165,-19.0,3,2,0,0
199,6.633,flower,2,2/8 - FOUND,7,0,0,1,0.014844536781311035,-18.0,3,2,0,0
200,6.667,flower,2,2/8 - FOUND,7,0,0,1,0.014917850494384766,-18.0,3,2,0,0
201,6.7,flower,2,2/8 - FOUND,7,0,0,1,0.014974892139434814,-18.0,3,2,0,0
202,6.733,flower,2,2/8 - FOUND,7,0,0,1,0.015089035034179688,-18.0,3,2,0,0
203,6.767,flower,2,2/8 - FOUND,7,0,0,1,0.016598165035247803,-18.0,3,2,0,0
204,6.8,flower,2,2/8 - FOUND,7,0,0,1,0.015155613422393799,-18.0,3,2,0,0
205,6.833,flower,2,2/8 - FOUND,7,0,1,1,-0.027413785457611084,-18.0,4,2,0,0
206,6.867,flower,2,2/8 - FOUND,7,0,1,1,-0.34810584783554077,-18.0,4,2,0,0
207,6.9,flower,2,2/8 - FOUND,7,0,1,1,-0.4365929365158081,-18.0,4,2,0,0
208,6.933,flower,2,2/8 - FOUND,7,0,1,1,-0.39638862013816833,-14.0,5,2,0,0
209,6.967,flower,2,2/8 - FOUND,7,0,1,1,-0.33548504114151,-18.0,6,2,0,0
210,7.0,flower,3,3/8 - THE,1,0,2,1,-0.15641623735427856,-11.0,7,2,1,0
211,7.033,flower,3,3/8 - THE,1,0,2,1,-0.22733110189437866,4.0,7,2,1,0
212,7.067,flower,3,3/8 - THE,1,0,1,1,-0.2863383889198303,4.0,7,2,1,0
213,7.1,flower,3,3/8 - THE,1,0,1,1,-0.2640702426433563,4.0,7,2,3,0
214,7.133,flower,3,3/8 - THE,1,0,1,1,-0.22846269607543945,6.0,8,2,4,0
215,7.167,flower,3,3/8 - THE,1,0,1,1,-0.15586066246032715,-9.0,8,2,4,0
216,7.2,flower,3,3/8 - THE,1,0,1,1,-0.15582668781280518,4.0,9,2,5,0
217,7.233,flower,3,3/8 - THE,1,0,1,1,-0.1557139754295349,-9.0,9,2,5,0
218,7.267,flower,3,3/8 - THE,1,0,1,1,-0.15546399354934692,-7.0,9,2,5,0
219,7.3,flower,3,3/8 - THE,1,0,1,1,-0.15544092655181885,1.0,9,2,5,0
220,7.333,flower,3,3/8 - THE,1,0,1,1,-0.1554599404335022,1.0,9,2,5,0
221,7.367,flower,3,3/8 - THE,1,0,1,1,-0.1554884910583496,1.0,9,2,5,0
222,7.4,flower,3,3/8 - THE,1,0,1,1,-0.15520864725112915,1.0,10,3,5,0
223,7.433,flower,3,3/8 - THE,1,0,1,1,-0.15488672256469727,-3.0,11,3,5,0
224,7.467,flower,3,3/8 - THE,1,0,2,2,-0.15404993295669556,5.0,11,3,5,0
225,7.5,flower,3,3/8 - THE,1,0,1,1,-0.18188202381134033,2.0,13,3,6,0
226,7.533,flower,3,3/8 - THE,1,0,2,2,-0.24098166823387146,4.0,13,3,6,0
227,7.567,flower,3,3/8 - THE,1,0,2,2,-0.22760283946990967,5.0,12,3,6,0
228,7.6,flower,3,3/8 - THE,1,0,2,2,-0.24963322281837463,6.0,13,3,6,0
229,7.633,flower,3,3/8 - THE,1,0,2,2,-0.24075612425804138,-1.0,13,3,6,0
230,7.667,flower,3,3/8 - THE,1,0,2,2,-0.2049923539161682,-2.0,13,3,6,0
231,7.7,flower,3,3/8 - THE,1,0,2,2,-0.16950571537017822,-3.0,14,3,6,0
232,7.733,flower,3,3/8 - THE,1,0,2,2,-0.1857154369354248,-8.0,14,3,5,0
233,7.767,flower,3,3/8 - THE,1,0,2,2,-0.2035728096961975,-7.0,13,3,5,0
234,7.8,flower,3,3/8 - THE,1,0,2,2,-0.15336120128631592,-15.0,13,3,4,0
235,7.833,flower,3,3/8 - THE,1,0,1,2,-0.15347671508789062,-16.0,13,4,4,0
236,7.867,flower,3,3/8 - THE,1,0,1,2,-0.1505466103553772,-16.0,13,4,4,0
237,7.9,flower,3,3/8 - THE,1,0,1,2,-0.14433330297470093,-25.0,13,4,4,0
238,7.933,flower,3,3/8 - THE,1,0,2,2,-0.1913432478904724,-22.0,14,4,4,0
239,7.967,flower,3,3/8 - THE,1,0,2,3,-0.4040132164955139,-22.0,14,4,4,0
240,8.0,flower,3,3/8 - THE,1,0,1,3,-0.5278552174568176,-25.0,15,4,4,0
241,8.033,flower,3,3/8 - THE,1,0,1,2,-0.5762819051742554,-19.0,17,4,3,0
242,8.067,flower,3,3/8 - THE,1,0,1,2,-0.5478724837303162,-11.0,19,4,2,0
243,8.1,flower,3,3/8 - THE,1,0,1,2,-0.5238805413246155,-10.0,19,4,2,0
244,8.133,flower,3,3/8 - THE,1,0,1,3,-0.4525187313556671,-9.0,17,3,2,0
245,8.167,flower,3,3/8 - THE,1,0,2,3,-0.3680049479007721,-10.0,19,3,2,0
246,8.2,flower,3,3/8 - THE,1,0,2,3,-0.36503279209136963,-12.0,20,3,0,0
247,8.233,flower,3,3/8 - THE,1,0,2,3,-0.5423641800880432,-14.0,20,3,1,0
248,8.267,flower,3,3/8 - THE,1,0,1,2,-0.574469804763794,-13.0,21,3,1,0
249,8.3,flower,3,3/8 - THE,1,0,1,2,-0.5725775957107544,-17.0,23,4,1,0
250,8.333,flower,3,3/8 - THE,1,0,2,3,-0.5426874756813049,-16.0,22,4,1,0
251,8.367,flower,3,3/8 - THE,1,0,2,3,-0.5039814710617065,-21.0,23,4,1,0
252,8.4,flower,3,3/8 - THE,1,0,2,3,-0.47566306591033936,-16.0,22,4,1,0
253,8.433,flower,3,3/8 - THE,1,0,2,3,-0.4915453791618347,-15.0,22,4,1,0
254,8.467,flower,3,3/8 - THE,1,0,2,3,-0.5563991069793701,-16.0,22,4,1,0
255,8.5,flower,4,4/8 - MESSAGE,5,0,2,2,-0.44168147444725037,-31.0,16,3,17,0
256,8.533,flower,4,4/8 - MESSAGE,5,0,2,2,-0.44167056679725647,-31.0,16,3,17,0
257,8.567,flower,4,4/8 - MESSAGE,5,0,2,2,-0.4402225911617279,-31.0,16,3,17,0
258,8.6,flower,4,4/8 - MESSAGE,5,0,2,2,-0.4402497112751007,-31.0,16,3,17,0
259,8.633,flower,4,4/8 - MESSAGE,5,0,2,2,-0.44028910994529724,-31.0,16,3,17,0
260,8.667,flower,4,4/8 - MESSAGE,5,0,2,2,-0.4402293860912323,-31.0,17,3,17,0
261,8.7,flower,4,4/8 - MESSAGE,5,0,2,2,-0.44022801518440247,-31.0,16,3,17,0
262,8.733,flower,4,4/8 - MESSAGE,5,0,2,2,-0.4402022063732147,-31.0,17,3,17,0
263,8.767,flower,4,4/8 - MESSAGE,5,0,2,2,-0.4401954114437103,-31.0,18,3,17,0
264,8.8,flower,4,4/8 - MESSAGE,5,0,2,2,-0.4400976002216339,-31.0,20,3,14,0
265,8.833,flower,4,4/8 - MESSAGE,5,0,2,2,-0.43998077511787415,-31.0,21,3,12,0
266,8.867,flower,4,4/8 - MESSAGE,5,0,2,2,-0.4399617612361908,-31.0,21,3,12,0
267,8.9,flower,4,4/8 - MESSAGE,5,0,2,2,-0.4399767220020294,-31.0,20,3,12,0
268,8.933,flower,4,4/8 - MESSAGE,5,0,2,2,-0.4399658143520355,-31.0,21,3,12,0
269,8.967,flower,4,4/8 - MESSAGE,5,0,2,2,-0.4399889409542084,-31.0,20,3,12,0
270,9.0,flower,4,4/8 - MESSAGE,5,0,2,2,-0.439982146024704,-31.0,20,3,12,0
271,9.033,flower,4,4/8 - MESSAGE,5,0,2,2,-0.43996039032936096,-31.0,20,3,12,0
272,9.067,flower,4,4/8 - MESSAGE,5,0,2,2,-0.43995901942253113,-31.0,20,3,12,0
273,9.1,flower,4,4/8 - MESSAGE,5,0,2,2,-0.44003239274024963,-31.0,20,3,13,0
274,9.133,flower,4,4/8 - MESSAGE,5,0,2,2,-0.4051678478717804,-31.0,20,3,19,0
275,9.167,flower,4,4/8 - MESSAGE,5,0,2,2,-0.35386404395103455,-31.0,18,3,19,0
276,9.2,flower,4,4/8 - MESSAGE,5,0,2,2,-0.2862989902496338,-31.0,18,3,19,0
277,9.233,flower,4,4/8 - MESSAGE,5,0,2,2,-0.2868273854255676,-31.0,17,3,19,0
278,9.267,flower,4,4/8 - MESSAGE,5,0,1,2,-0.28735584020614624,-31.0,15,3,19,0
279,9.3,flower,4,4/8 - MESSAGE,5,0,2,1,-0.2871982455253601,-31.0,14,3,19,0
280,9.333,flower,4,4/8 - MESSAGE,5,0,2,1,-0.28703659772872925,-31.0,14,3,19,0
281,9.367,flower,4,4/8 - MESSAGE,5,0,1,2,-0.2869035005569458,-31.0,14,3,19,0
282,9.4,flower,4,4/8 - MESSAGE,5,0,2,2,-0.2867581248283386,-31.0,14,3,19,0
283,9.433,flower,4,4/8 - MESSAGE,5,0,1,2,-0.28687357902526855,-31.0,15,3,19,0
284,9.467,flower,4,4/8 - MESSAGE,5,0,1,2,-0.2868857979774475,-31.0,18,3,19,0
285,9.5,flower,4,4/8 - MESSAGE,5,0,1,2,-0.28689396381378174,-31.0,18,3,19,0
286,9.533,flower,4,4/8 - MESSAGE,5,0,2,2,-0.28674453496932983,-31.0,18,3,21,0
287,9.567,flower,4,4/8 - MESSAGE,5,0,2,2,-0.28659921884536743,-31.0,19,4,24,0
288,9.6,flower,4,4/8 - MESSAGE,5,0,2,2,-0.28638046979904175,-31.0,16,3,25,0
289,9.633,flower,4,4/8 - MESSAGE,5,0,2,2,-0.2861427664756775,-31.0,15,3,27,0
290,9.667,flower,4,4/8 - MESSAGE,5,0,2,2,-0.28609931468963623,-31.0,15,3,28,0
291,9.7,flower,4,4/8 - MESSAGE,5,0,2,2,-0.28592950105667114,-31.0,17,3,28,0
292,9.733,flower,4,4/8 - MESSAGE,5,0,2,2,-0.2859688997268677,-31.0,18,3,28,0
293,9.767,flower,4,4/8 - MESSAGE,5,0,2,2,-0.286182165145874,-31.0,14,3,28,0
294,9.8,flower,4,4/8 - MESSAGE,5,0,1,2,-0.28604090213775635,-31.0,15,3,28,0
295,9.833,flower,4,4/8 - MESSAGE,5,0,1,2,-0.28589552640914917,-43.0,16,4,28,0
296,9.867,flower,4,4/8 - MESSAGE,5,0,1,2,-0.2851484417915344,-31.0,19,4,28,0
297,9.9,flower,4,4/8 - MESSAGE,5,0,1,2,-0.28486454486846924,-31.0,18,4,28,0
298,9.933,flower,4,4/8 - MESSAGE,5,0,2,2,-0.28489577770233154,-31.0,20,4,28,0
299,9.967,flower,4,4/8 - MESSAGE,5,0,1,2,-0.2848455309867859,-31.0,19,4,28,0
300,10.0,flower,5,5/8 - HIDDEN,0,0,2,2,-0.49943220615386963,-13.0,23,4,18,0
301,10.033,flower,5,5/8 - HIDDEN,0,0,2,2,-0.4535117447376251,-13.0,23,4,19,0
302,10.067,flower,5,5/8 - HIDDEN,0,0,2,2,-0.4430873990058899,-13.0,22,3,19,0
303,10.1,flower,5,5/8 - HIDDEN,0,0,2,2,-0.4253169000148773,-13.0,22,3,20,0
304,10.133,flower,5,5/8 - HIDDEN,0,0,2,2,-0.41804948449134827,-13.0,21,4,20,0
305,10.167,flower,5,5/8 - HIDDEN,0,0,2,2,-0.4017786681652069,-13.0,22,4,20,0
306,10.2,flower,5,5/8 - HIDDEN,0,0,2,2,-0.4208695590496063,-13.0,23,4,20,0
307,10.233,flower,5,5/8 - HIDDEN,0,0,2,2,-0.428234726190567,-13.0,23,4,18,0
308,10.267,flower,5,5/8 - HIDDEN,0,0,2,2,-0.4917667508125305,-13.0,20,4,17,0
309,10.3,flower,5,5/8 - HIDDEN,0,0,2,3,-0.5242242217063904,-11.0,20,4,17,0
310,10.333,flower,5,5/8 - HIDDEN,0,0,2,3,-0.5374441146850586,-11.0,20,4,17,0
311,10.367,flower,5,5/8 - HIDDEN,0,0,2,2,-0.5474880337715149,-20.0,20,4,17,0
312,10.4,flower,5,5/8 - HIDDEN,0,0,2,2,-0.5680840015411377,-14.0,19,4,16,0
313,10.433,flower,5,5/8 - HIDDEN,0,0,2,2,-0.5607174038887024,-14.0,19,4,16,0
314,10.467,flower,5,5/8 - HIDDEN,0,0,2,2,-0.5594785809516907,-14.0,20,4,16,0
315,10.5,flower,5,5/8 - HIDDEN,0,0,2,2,-0.5582995414733887,-14.0,20,4,15,0
316,10.533,flower,5,5/8 - HIDDEN,0,0,2,2,-0.5613707900047302,-14.0,20,4,14,0
317,10.567,flower,5,5/8 - HIDDEN,0,0,2,2,-0.5570090413093567,-14.0,19,4,14,0
318,10.6,flower,5,5/8 - HIDDEN,0,0,1,2,-0.5600953102111816,-14.0,20,4,14,0
319,10.633,flower,5,5/8 - HIDDEN,0,0,1,2,-0.430302232503891,-15.0,22,4,17,0
320,10.667,flower,5,5/8 - HIDDEN,0,0,2,2,-0.19672656059265137,-16.0,19,4,16,0
321,10.7,flower,5,5/8 - HIDDEN,0,0,1,2,-0.19694387912750244,-15.0,19,4,16,0
322,10.733,flower,5,5/8 - HIDDEN,0,0,1,2,-0.19570773839950562,-15.0,20,4,16,0
323,10.767,flower,5,5/8 - HIDDEN,0,0,1,2,-0.180982768535614,-13.0,18,4,16,0
324,10.8,flower,5,5/8 - HIDDEN,0,0,1,2,-0.16451364755630493,-17.0,17,4,16,0
325,10.833,flower,5,5/8 - HIDDEN,0,0,1,2,-0.16107147932052612,-14.0,19,4,16,0
326,10.867,flower,5,5/8 - HIDDEN,0,0,1,2,-0.15028440952301025,-12.0,21,4,16,0
327,10.9,flower,5,5/8 - HIDDEN,0,0,1,2,-0.27407342195510864,-13.0,19,4,16,0
328,10.933,flower,5,5/8 - HIDDEN,0,0,1,2,-0.33007997274398804,-22.0,19,4,15,0
329,10.967,flower,5,5/8 - HIDDEN,0,0,1,2,-0.33011800050735474,-25.0,21,4,15,0
330,11.0,flower,5,5/8 - HIDDEN,0,0,1,2,-0.330217182636261,-25.0,20,4,15,0
331,11.033,flower,5,5/8 - HIDDEN,0,0,1,2,-0.33020222187042236,-24.0,20,4,13,0
332,11.067,flower,5,5/8 - HIDDEN,0,0,1,2,-0.3299930691719055,-24.0,20,4,13,0
333,11.1,flower,5,5/8 - HIDDEN,0,0,2,2,-0.329794704914093,-26.0,20,4,13,0
334,11.133,flower,5,5/8 - HIDDEN,0,0,1,2,-0.33037883043289185,-20.0,21,4,15,0
335,11.167,flower,5,5/8 - HIDDEN,0,0,1,2,-0.3302253484725952,-23.0,20,4,15,0
336,11.2,flower,5,5/8 - HIDDEN,0,0,1,2,-0.32996177673339844,-21.0,19,4,15,0
337,11.233,flower,5,5/8 - HIDDEN,0,0,1,2,-0.32999032735824585,-16.0,23,4,15,0
338,11.267,flower,5,5/8 - HIDDEN,0,0,1,2,-0.3297688961029053,-9.0,23,4,15,0
339,11.3,flower,5,5/8 - HIDDEN,0,0,1,3,-0.32938581705093384,-11.0,20,4,15,0
340,11.333,flower,5,5/8 - HIDDEN,0,0,1,3,-0.32931387424468994,-12.0,20,4,15,0
341,11.367,flower,5,5/8 - HIDDEN,0,0,1,3,-0.3292105793952942,-13.0,20,4,15,0
342,11.4,flower,5,5/8 - HIDDEN,0,0,1,3,-0.3291277289390564,-12.0,22,5,15,0
343,11.433,flower,5,5/8 - HIDDEN,0,0,1,3,-0.32870393991470337,-12.0,22,5,14,0
344,11.467,flower,5,5/8 - HIDDEN,0,0,1,2,-0.3288044333457947,-12.0,22,5,14,0
345,11.5,flower,6,6/8 - INSIDE,1,0,1,2,-0.14574605226516724,-5.0,14,4,26,0
346,11.533,flower,6,6/8 - INSIDE,1,0,1,1,-0.06672698259353638,-8.0,14,4,30,0
347,11.567,flower,6,6/8 - INSIDE,1,0,0,1,0.029322266578674316,-17.0,12,4,31,0
348,11.6,flower,6,6/8 - INSIDE,1,0,0,1,0.029566824436187744,-13.0,11,4,33,0
349,11.633,flower,6,6/8 - INSIDE,1,0,0,1,0.02971893548965454,-29.0,10,3,33,0
350,11.667,flower,6,6/8 - INSIDE,1,0,1,1,-0.03229987621307373,-19.0,10,3,33,0
351,11.7,flower,6,6/8 - INSIDE,1,1,0,1,0.029680907726287842,-5.0,11,4,34,0
352,11.733,flower,6,6/8 - INSIDE,1,1,0,1,0.030043601989746094,-5.0,12,4,34,0
353,11.767,flower,6,6/8 - INSIDE,1,0,0,1,0.029811322689056396,-5.0,11,4,31,0
354,11.8,flower,6,6/8 - INSIDE,1,0,0,1,0.03002864122390747,-5.0,10,4,31,0
355,11.833,flower,6,6/8 - INSIDE,1,0,0,1,0.030123770236968994,-5.0,12,4,32,0
356,11.867,flower,6,6/8 - INSIDE,1,0,0,1,0.03013056516647339,-5.0,10,3,33,0
357,11.9,flower,6,6/8 - INSIDE,1,0,0,1,0.008468210697174072,-5.0,10,3,34,0
358,11.933,flower,6,6/8 - INSIDE,1,0,0,1,0.03036552667617798,-1.0,11,3,34,0
359,11.967,flower,6,6/8 - INSIDE,1,0,0,1,0.030134618282318115,-1.0,10,3,34,0
360,12.0,flower,6,6/8 - INSIDE,1,0,0,1,0.03027588129043579,0.0,9,3,34,0
361,12.033,flower,6,6/8 - INSIDE,1,0,0,1,0.030688822269439697,3.0,11,3,32,0
362,12.067,flower,6,6/8 - INSIDE,1,0,0,1,0.030756771564483643,-1.0,13,4,34,0
363,12.1,flower,6,6/8 - INSIDE,1,0,0,1,0.030874907970428467,-1.0,12,4,34,0
364,12.133,flower,6,6/8 - INSIDE,1,1,0,1,0.03075265884399414,4.0,12,4,35,0
365,12.167,flower,6,6/8 - INSIDE,1,0,0,1,0.03089529275894165,-1.0,10,3,33,0
366,12.2,flower,6,6/8 - INSIDE,1,0,0,1,0.030812442302703857,-1.0,12,4,33,0
367,12.233,flower,6,6/8 - INSIDE,1,0,0,1,0.030843675136566162,2.0,14,4,35,0
368,12.267,flower,6,6/8 - INSIDE,1,0,0,1,0.03085726499557495,0.0,13,4,34,0
369,12.3,flower,6,6/8 - INSIDE,1,0,0,1,0.03096592426300049,0.0,13,4,34,0
370,12.333,flower,6,6/8 - INSIDE,1,0,0,1,0.031092286109924316,-1.0,12,4,31,0
371,12.367,flower,6,6/8 - INSIDE,1,0,0,1,0.03135174512863159,-13.0,12,4,30,0
372,12.4,flower,6,6/8 - INSIDE,1,0,0,1,0.03143864870071411,0.0,12,4,31,0
373,12.433,flower,6,6/8 - INSIDE,1,0,0,1,0.03145498037338257,0.0,15,4,30,0
374,12.467,flower,6,6/8 - INSIDE,1,0,0,1,0.01968449354171753,-5.0,15,4,31,0
375,12.5,flower,6,6/8 - INSIDE,1,1,0,1,0.013825714588165283,-4.0,14,4,31,0
376,12.533,flower,6,6/8 - INSIDE,1,0,0,1,0.009303629398345947,-9.0,16,4,30,0
377,12.567,flower,6,6/8 - INSIDE,1,0,0,1,0.0018175244331359863,-12.0,14,4,30,0
378,12.6,flower,6,6/8 - INSIDE,1,0,1,1,-0.005589842796325684,-9.0,16,4,30,0
379,12.633,flower,6,6/8 - INSIDE,1,0,0,1,0.0019506216049194336,-13.0,12,3,30,0
380,12.667,flower,6,6/8 - INSIDE,1,0,0,1,0.010921478271484375,-15.0,13,3,28,0
381,12.7,flower,6,6/8 - INSIDE,1,0,0,1,0.010943174362182617,-18.0,17,4,29,0
382,12.733,flower,6,6/8 - INSIDE,1,0,0,1,0.015458524227142334,-20.0,15,3,29,0
383,12.767,flower,6,6/8 - INSIDE,1,0,0,1,0.019804000854492188,-23.0,13,3,29,0
384,12.8,flower,6,6/8 - INSIDE,1,0,0,1,0.02570486068725586,-25.0,14,3,28,0
385,12.833,flower,6,6/8 - INSIDE,1,0,0,2,0.0317646861076355,-3.0,13,3,27,0
386,12.867,flower,6,6/8 - INSIDE,1,0,0,2,0.03166550397872925,-2.0,15,3,27,0
387,12.9,flower,6,6/8 - INSIDE,1,0,0,2,0.03185296058654785,-2.0,16,3,27,0
388,12.933,flower,6,6/8 - INSIDE,1,0,0,2,0.03203773498535156,-3.0,16,4,27,0
389,12.967,flower,6,6/8 - INSIDE,1,1,0,2,0.032040417194366455,-3.0,17,4,27,0
390,13.0,flower,7,You paused at the right moment.,5,0,0,2,0.014030814170837402,-2.0,20,4,26,0
391,13.033,flower,7,You paused at the right moment.,5,0,0,2,0.014006376266479492,-2.0,21,4,27,0
392,13.067,flower,7,You paused at the right moment.,5,0,0,1,0.012615382671356201,-15.0,24,4,27,0
393,13.1,flower,7,You paused at the right moment.,5,0,0,1,0.013828396797180176,-16.0,24,4,30,0
394,13.133,flower,7,You paused at the right moment.,5,0,0,1,0.021174609661102295,-15.0,21,4,30,0
395,13.167,flower,7,You paused at the right moment.,5,1,0,1,0.010829150676727295,-6.0,23,4,31,0
396,13.2,flower,7,You paused at the right moment.,5,1,0,2,0.034109294414520264,-9.0,21,4,35,0
397,13.233,flower,7,You paused at the right moment.,5,1,0,1,0.032070279121398926,-3.0,17,4,34,0
398,13.267,flower,7,You paused at the right moment.,5,1,0,2,0.023092687129974365,-4.0,20,4,36,0
399,13.3,flower,7,You paused at the right moment.,5,1,0,2,0.013901829719543457,-2.0,24,4,39,0
400,13.333,flower,7,You paused at the right moment.,5,0,0,1,0.006565093994140625,-2.0,19,4,41,0
401,13.367,flower,7,You paused at the right moment.,5,0,0,1,0.011064112186431885,-3.0,17,4,42,0
402,13.4,flower,7,You paused at the right moment.,5,1,0,1,0.002479076385498047,-2.0,17,4,42,0
403,13.433,flower,7,You paused at the right moment.,5,1,0,1,0.025949418544769287,-3.0,16,4,40,0
404,13.467,flower,7,You paused at the right moment.,5,1,0,1,0.01566225290298462,-2.0,17,4,40,0
405,13.5,flower,7,You paused at the right moment.,5,1,0,1,0.0301821231842041,-3.0,16,4,41,0
406,13.533,flower,7,You paused at the right moment.,5,1,0,1,0.03464716672897339,-2.0,17,4,41,0
407,13.567,flower,7,You paused at the right moment.,5,0,0,1,0.042214810848236084,-2.0,12,4,40,0
408,13.6,flower,7,You paused at the right moment.,5,1,0,1,0.051019906997680664,-1.0,11,4,40,0
409,13.633,flower,7,You paused at the right moment.,5,0,0,1,0.06726354360580444,-1.0,8,3,40,0
410,13.667,flower,7,You paused at the right moment.,5,0,0,1,0.07005774974822998,-2.0,12,4,40,0
411,13.7,flower,7,You paused at the right moment.,5,0,0,1,0.05300039052963257,-5.0,12,3,39,0
412,13.733,flower,7,You paused at the right moment.,5,0,0,1,0.016384899616241455,-10.0,13,4,38,0
413,13.767,flower,7,You paused at the right moment.,5,0,2,1,-0.13709306716918945,-13.0,15,4,32,0
414,13.8,flower,7,You paused at the right moment.,5,0,2,1,-0.2567906081676483,-12.0,17,4,28,0
415,13.833,flower,7,You paused at the right moment.,5,0,2,1,-0.11638981103897095,-22.0,18,4,30,0
416,13.867,flower,7,You paused at the right moment.,5,0,1,1,-0.07653868198394775,-19.0,17,4,32,0
417,13.9,flower,7,You paused at the right moment.,5,0,1,1,-0.0824652910232544,-22.0,17,4,33,0
418,13.933,flower,7,You paused at the right moment.,5,0,1,1,-0.08095479011535645,-24.0,19,4,33,0
419,13.967,flower,7,You paused at the right moment.,5,0,1,1,-0.09414881467819214,-22.0,19,4,32,0
420,14.0,bird,7,You paused at the right moment.,5,1,1,0,-0.20063060522079468,-22.0,23,4,31,0
421,14.033,bird,7,You paused at the right moment.,5,0,1,1,-0.1471887230873108,-19.0,22,4,32,0
422,14.067,bird,7,You paused at the right moment.,5,0,1,1,-0.18266445398330688,-14.0,23,4,30,0
423,14.1,bird,7,You paused at the right moment.,5,0,1,1,-0.03236234188079834,-11.0,21,4,32,0
424,14.133,bird,7,You paused at the right moment.,5,0,1,0,-0.04581719636917114,-4.0,21,4,32,0
425,14.167,bird,7,You paused at the right moment.,5,0,1,0,-0.06638461351394653,-5.0,18,4,33,0
426,14.2,bird,7,You paused at the right moment.,5,0,1,0,-0.09743750095367432,-5.0,16,4,33,0
427,14.233,bird,7,You paused at the right moment.,5,0,1,0,-0.1195182204246521,-5.0,15,4,33,0
428,14.267,bird,7,You paused at the right moment.,5,0,1,0,-0.12239795923233032,-5.0,13,4,32,0
429,14.3,bird,7,You paused at the right moment.,5,0,1,0,-0.1517094373703003,-5.0,17,4,32,0
430,14.333,bird,7,You paused at the right moment.,5,0,1,1,-0.13824772834777832,-4.0,14,3,31,0
431,14.367,bird,7,You paused at the right moment.,5,0,1,1,-0.15594762563705444,-5.0,15,4,31,0
432,14.4,bird,7,You paused at the right moment.,5,0,1,1,-0.13527286052703857,-9.0,15,3,31,0
433,14.433,bird,7,You paused at the right moment.,5,0,1,1,-0.15007388591766357,-14.0,17,3,26,0
434,14.467,bird,7,You paused at the right moment.,5,1,1,1,-0.150262713432312,-21.0,17,4,28,0
435,14.5,bird,8,7/8 - THIS,3,0,0,2,0.05446749925613403,-15.0,14,4,32,0
436,14.533,bird,8,7/8 - THIS,3,0,0,2,0.0655030608177185,-9.0,14,4,35,0
437,14.567,bird,8,7/8 - THIS,3,0,0,3,0.0657150149345398,-9.0,12,5,36,0
438,14.6,bird,8,7/8 - THIS,3,0,0,2,0.06598395109176636,-9.0,12,4,38,0
439,14.633,bird,8,7/8 - THIS,3,1,0,2,0.06650286912918091,-10.0,11,4,39,0
440,14.667,bird,8,7/8 - THIS,3,1,0,1,0.06664139032363892,-6.0,12,4,41,0
441,14.7,bird,8,7/8 - THIS,3,0,0,1,0.06692397594451904,-3.0,18,4,43,0
442,14.733,bird,8,7/8 - THIS,3,0,0,1,0.06722009181976318,0.0,8,3,42,0
443,14.767,bird,8,7/8 - THIS,3,0,0,1,0.06739532947540283,0.0,8,3,42,0
444,14.8,bird,8,7/8 - THIS,3,0,0,1,0.06740075349807739,-1.0,12,3,42,0
445,14.833,bird,8,7/8 - THIS,3,0,0,1,0.06722551584243774,0.0,13,3,40,0
446,14.867,bird,8,7/8 - THIS,3,0,1,2,-0.013885498046875,1.0,13,4,40,0
447,14.9,bird,8,7/8 - THIS,3,2,1,1,-0.12192118167877197,-2.0,19,4,39,0
448,14.933,bird,8,7/8 - THIS,3,0,1,2,-0.10386139154434204,-3.0,21,4,37,0
449,14.967,bird,8,7/8 - THIS,3,1,1,1,-0.08808362483978271,-8.0,17,4,41,0
450,15.0,bird,8,7/8 - THIS,3,0,1,2,-0.09486204385757446,-7.0,16,4,37,0
451,15.033,bird,8,7/8 - THIS,3,0,1,2,-0.06970864534378052,-9.0,17,4,35,0
452,15.067,bird,8,7/8 - THIS,3,0,1,2,-0.05652272701263428,-14.0,16,4,31,0
453,15.1,bird,8,7/8 - THIS,3,0,1,2,-0.013722538948059082,-19.0,17,4,29,0
454,15.133,bird,8,7/8 - THIS,3,0,0,2,0.011448562145233154,-21.0,14,4,25,0
455,15.167,bird,8,7/8 - THIS,3,0,0,2,0.020230531692504883,-21.0,21,4,25,0
456,15.2,bird,8,7/8 - THIS,3,0,1,2,-0.06846028566360474,-20.0,19,4,24,0
457,15.233,bird,8,7/8 - THIS,3,0,1,1,-0.13368487358093262,-19.0,17,3,20,0
458,15.267,bird,8,7/8 - THIS,3,0,1,1,-0.11477333307266235,-18.0,17,3,21,0
459,15.3,bird,8,7/8 - THIS,3,0,1,1,-0.0841103196144104,-16.0,22,4,20,0
460,15.333,bird,8,7/8 - THIS,3,0,1,1,-0.05787026882171631,-15.0,23,4,20,0
461,15.367,bird,8,7/8 - THIS,3,0,1,1,-0.016696035861968994,-14.0,16,4,20,0
462,15.4,bird,8,7/8 - THIS,3,0,0,1,0.0393214225769043,-13.0,14,3,16,0
463,15.433,bird,8,7/8 - THIS,3,0,0,1,0.06874150037765503,-10.0,11,2,13,0
464,15.467,bird,8,7/8 - THIS,3,0,0,1,0.069233238697052,-9.0,10,2,13,0
465,15.5,bird,8,7/8 - THIS,3,0,0,1,0.06959456205368042,-6.0,7,2,11,0
466,15.533,bird,8,7/8 - THIS,3,0,0,1,0.07022756338119507,-3.0,7,2,11,0
467,15.567,bird,8,7/8 - THIS,3,0,1,1,-0.18828004598617554,0.0,7,2,11,0
468,15.6,bird,8,7/8 - THIS,3,0,1,0,-0.557726263999939,-9.0,7,2,7,0
469,15.633,bird,8,7/8 - THIS,3,0,1,0,-0.5448881387710571,-8.0,4,2,7,0
470,15.667,bird,8,7/8 - THIS,3,0,1,0,-0.5260363221168518,-4.0,6,2,7,0
471,15.7,bird,8,7/8 - THIS,3,0,1,0,-0.5202332735061646,-1.0,5,2,7,0
472,15.733,bird,8,7/8 - THIS,3,0,1,0,-0.4925193190574646,2.0,5,2,4,0
473,15.767,bird,8,7/8 - THIS,3,0,1,0,-0.4958188533782959,2.0,4,2,2,0
474,15.8,bird,8,7/8 - THIS,3,0,1,0,-0.4901367127895355,2.0,5,3,2,0
475,15.833,bird,8,7/8 - THIS,3,0,1,0,-0.46789300441741943,1.0,6,2,0,0
476,15.867,bird,8,7/8 - THIS,3,0,1,0,-0.4768896996974945,1.0,7,2,0,0
477,15.9,bird,8,7/8 - THIS,3,0,1,0,-0.46507707238197327,-1.0,12,4,0,0
478,15.933,bird,8,7/8 - THIS,3,0,1,0,-0.440079927444458,-8.0,5,2,0,0
479,15.967,bird,8,7/8 - THIS,3,0,1,1,-0.42574891448020935,3.0,9,2,0,0
480,16.0,bird,9,8/8 - FILM,3,0,1,1,-0.19981145858764648,2.0,8,2,0,0
481,16.033,bird,9,8/8 - FILM,3,0,1,1,-0.267959326505661,-6.0,9,2,0,0
482,16.067,bird,9,8/8 - FILM,3,0,1,1,-0.3122551739215851,-6.0,4,1,0,0
483,16.1,bird,9,8/8 - FILM,3,0,1,1,-0.3346768021583557,-4.0,5,2,0,0
484,16.133,bird,9,8/8 - FILM,3,0,1,1,-0.33430594205856323,-4.0,8,2,2,0
485,16.167,bird,9,8/8 - FILM,3,0,1,1,-0.2539447546005249,-4.0,10,2,5,0
486,16.2,bird,9,8/8 - FILM,3,0,1,1,-0.10415208339691162,-8.0,15,4,5,0
487,16.233,bird,9,8/8 - FILM,3,0,1,1,-0.26250672340393066,-11.0,12,2,8,0
488,16.267,bird,9,8/8 - FILM,3,0,1,1,-0.3824664354324341,-12.0,13,4,8,0
489,16.3,bird,9,8/8 - FILM,3,0,1,1,-0.4132693111896515,-13.0,13,3,9,0
490,16.333,bird,9,8/8 - FILM,3,0,1,1,-0.41592225432395935,-15.0,15,3,9,0
491,16.367,bird,9,8/8 - FILM,3,0,1,1,-0.366766095161438,-15.0,16,3,10,0
492,16.4,bird,9,8/8 - FILM,3,0,1,2,-0.2172083854675293,-16.0,17,3,13,0
493,16.433,bird,9,8/8 - FILM,3,0,1,1,-0.325153112411499,-17.0,18,4,13,0
494,16.467,bird,9,8/8 - FILM,3,0,1,1,-0.4166136682033539,-18.0,18,4,13,0
495,16.5,bird,9,8/8 - FILM,3,0,1,1,-0.425187885761261,-18.0,18,4,13,0
496,16.533,bird,9,8/8 - FILM,3,0,1,1,-0.159359872341156,-17.0,16,3,13,0
497,16.567,bird,9,8/8 - FILM,3,0,1,2,-0.2642970681190491,-16.0,16,3,13,0
498,16.6,bird,9,8/8 - FILM,3,0,1,2,-0.25708675384521484,-15.0,17,4,13,0
499,16.633,bird,9,8/8 - FILM,3,0,1,2,-0.21028059720993042,-14.0,16,4,13,0
500,16.667,bird,9,8/8 - FILM,3,0,1,1,-0.045503437519073486,-15.0,15,4,14,0
501,16.7,bird,9,8/8 - FILM,3,0,1,1,-0.02091383934020996,-14.0,9,2,14,0
502,16.733,bird,9,8/8 - FILM,3,0,1,1,-0.01226496696472168,-15.0,8,2,15,0
503,16.767,bird,9,8/8 - FILM,3,0,0,1,0.06325358152389526,-16.0,8,2,16,0
504,16.8,bird,9,8/8 - FILM,3,0,0,1,0.02225184440612793,-20.0,8,3,13,0
505,16.833,bird,9,8/8 - FILM,3,1,1,1,-0.21724778413772583,-20.0,8,2,15,0
506,16.867,bird,9,8/8 - FILM,3,0,1,1,-0.19290810823440552,-11.0,15,3,14,0
507,16.9,bird,9,8/8 - FILM,3,0,1,1,-0.6450124979019165,-9.0,15,4,14,0
508,16.933,bird,9,8/8 - FILM,3,0,1,1,-0.6619027853012085,-3.0,14,4,14,0
509,16.967,bird,9,8/8 - FILM,3,1,1,1,-0.7143259048461914,-18.0,12,4,15,0
510,17.0,bird,9,8/8 - FILM,3,0,1,1,-0.6247819662094116,-10.0,13,4,14,0
511,17.033,bird,9,8/8 - FILM,3,1,1,1,-0.5105248689651489,-6.0,13,4,16,0
512,17.067,bird,9,8/8 - FILM,3,0,1,1,-0.2357395589351654,-11.0,11,5,18,0
513,17.1,bird,9,8/8 - FILM,3,0,1,1,-0.2892521619796753,-7.0,10,3,16,0
514,17.133,bird,9,8/8 - FILM,3,0,1,1,-0.240646094083786,-3.0,10,3,19,0
515,17.167,bird,9,8/8 - FILM,3,0,1,1,-0.3233056664466858,-17.0,11,3,18,0
516,17.2,bird,9,8/8 - FILM,3,0,1,1,-0.6838870048522949,-8.0,10,3,18,0
517,17.233,bird,9,8/8 - FILM,3,0,1,1,-0.6274838447570801,-5.0,11,3,18,0
518,17.267,bird,9,8/8 - FILM,3,0,1,2,-0.4715661108493805,-4.0,11,2,19,0
519,17.3,bird,9,8/8 - FILM,3,0,1,2,-0.5731345415115356,-12.0,11,2,19,0
520,17.333,bird,9,8/8 - FILM,3,0,2,2,-0.5298466086387634,-3.0,12,2,19,0
521,17.367,bird,9,8/8 - FILM,3,0,2,1,-0.4766872525215149,-25.0,13,4,19,0
522,17.4,bird,9,8/8 - FILM,3,0,2,1,-0.48432549834251404,-24.0,11,3,19,0
523,17.433,bird,9,8/8 - FILM,3,0,2,1,-0.6297794580459595,-17.0,10,2,19,0
524,17.467,bird,9,8/8 - FILM,3,0,2,1,-0.7054949402809143,-16.0,9,2,19,0
525,17.5,bird,10,1/8 - YOU,1,0,1,1,-0.3863242268562317,-21.0,13,3,11,0
526,17.533,bird,10,1/8 - YOU,1,0,1,1,-0.2890239357948303,-20.0,15,4,17,0
527,17.567,bird,10,1/8 - YOU,1,0,1,2,-0.2538456320762634,-9.0,14,3,18,0
528,17.6,bird,10,1/8 - YOU,1,0,1,2,-0.014347374439239502,-7.0,10,3,18,0
529,17.633,bird,10,1/8 - YOU,1,0,0,1,0.025217175483703613,-21.0,15,3,18,0
530,17.667,bird,10,1/8 - YOU,1,0,0,1,0.006267666816711426,-9.0,14,3,18,0
531,17.7,bird,10,1/8 - YOU,1,0,1,2,-0.04904472827911377,-6.0,13,3,18,0
532,17.733,bird,10,1/8 - YOU,1,0,1,1,-0.02521991729736328,-7.0,16,4,18,0
533,17.767,bird,10,1/8 - YOU,1,0,1,2,-0.054896771907806396,-4.0,16,4,22,0
534,17.8,bird,10,1/8 - YOU,1,0,1,3,-0.0713699460029602,-6.0,15,3,18,0
535,17.833,bird,10,1/8 - YOU,1,0,1,3,-0.17566198110580444,-11.0,12,3,20,0
536,17.867,bird,10,1/8 - YOU,1,0,0,2,0.020316123962402344,-5.0,10,3,19,0
537,17.9,bird,10,1/8 - YOU,1,0,0,2,0.008176147937774658,-14.0,9,3,19,0
538,17.933,bird,10,1/8 - YOU,1,0,0,2,0.018206536769866943,-7.0,11,4,20,0
539,17.967,bird,10,1/8 - YOU,1,0,0,2,0.044396400451660156,-9.0,9,3,24,0
540,18.0,bird,10,1/8 - YOU,1,0,0,1,0.04431354999542236,-10.0,7,3,25,0
541,18.033,bird,10,1/8 - YOU,1,0,1,1,-0.059354960918426514,-6.0,8,3,24,0
542,18.067,bird,10,1/8 - YOU,1,0,1,1,-0.04261279106140137,-13.0,14,4,24,0
543,18.1,bird,10,1/8 - YOU,1,0,1,1,-0.45865049958229065,-10.0,9,3,24,0
544,18.133,bird,10,1/8 - YOU,1,0,2,1,-0.2665221393108368,-15.0,14,3,24,0
545,18.167,bird,10,1/8 - YOU,1,0,2,2,-0.486205518245697,-18.0,13,3,24,0
546,18.2,bird,10,1/8 - YOU,1,0,2,1,-0.2326560616493225,-21.0,14,3,24,0
547,18.233,bird,10,1/8 - YOU,1,0,2,1,-0.23678824305534363,-20.0,10,3,26,0
548,18.267,bird,10,1/8 - YOU,1,0,1,2,-0.2345917820930481,-22.0,9,3,28,0
549,18.3,bird,10,1/8 - YOU,1,0,1,2,-0.11254554986953735,-8.0,7,3,28,0
550,18.333,bird,10,1/8 - YOU,1,0,0,2,0.04454582929611206,4.0,9,3,34,0
551,18.367,bird,10,1/8 - YOU,1,0,0,2,0.0441858172416687,-8.0,7,2,37,0
552,18.4,bird,10,1/8 - YOU,1,0,0,1,0.04319965839385986,-16.0,11,2,34,0
553,18.433,bird,10,1/8 - YOU,1,0,0,1,0.043620765209198,-10.0,13,4,34,0
554,18.467,bird,10,1/8 - YOU,1,0,1,1,-0.21615833044052124,-3.0,12,3,33,0
555,18.5,bird,10,1/8 - YOU,1,0,1,2,-0.20225930213928223,-4.0,12,3,36,0
556,18.533,bird,10,1/8 - YOU,1,0,1,3,-0.32117709517478943,-20.0,12,4,36,0
557,18.567,bird,10,1/8 - YOU,1,0,2,2,-0.296429842710495,-10.0,15,4,35,0
558,18.6,bird,10,1/8 - YOU,1,0,1,2,-0.15253394842147827,-6.0,15,4,34,0
559,18.633,bird,10,1/8 - YOU,1,0,1,1,-0.14738702774047852,-18.0,16,4,35,0
560,18.667,bird,10,1/8 - YOU,1,0,1,1,-0.06422621011734009,-14.0,13,2,28,0
561,18.7,bird,10,1/8 - YOU,1,0,1,1,-0.03700941801071167,-15.0,10,2,36,0
562,18.733,bird,10,1/8 - YOU,1,0,1,1,-0.233879953622818,-21.0,10,2,36,0
563,18.767,bird,10,1/8 - YOU,1,0,2,1,-0.22935649752616882,-27.0,9,2,35,0
564,18.8,bird,10,1/8 - YOU,1,0,2,1,-0.26336389780044556,-28.0,8,3,32,0
565,18.833,bird,10,1/8 - YOU,1,0,1,1,-0.23325100541114807,-11.0,10,2,31,0
566,18.867,bird,10,1/8 - YOU,1,0,1,1,-0.28204450011253357,-32.0,9,3,30,0
567,18.9,bird,10,1/8 - YOU,1,0,1,1,-0.1707228422164917,-24.0,11,2,24,0
568,18.933,bird,10,1/8 - YOU,1,1,1,1,-0.20048385858535767,-1.0,8,3,26,0
569,18.967,bird,10,1/8 - YOU,1,1,1,1,-0.308450311422348,-11.0,13,5,25,0
570,19.0,bird,11,2/8 - FOUND,7,0,2,3,-0.7331246733665466,-33.0,22,3,18,0
571,19.033,bird,11,2/8 - FOUND,7,0,2,3,-0.6832391023635864,-17.0,20,4,18,0
572,19.067,bird,11,2/8 - FOUND,7,0,2,2,-0.5466635227203369,-23.0,14,3,18,0
573,19.1,bird,11,2/8 - FOUND,7,0,2,2,-0.11188948154449463,-8.0,15,3,18,0
574,19.133,bird,11,2/8 - FOUND,7,0,2,2,-0.12811005115509033,-10.0,13,2,18,0
575,19.167,bird,11,2/8 - FOUND,7,0,1,2,-0.15912896394729614,-6.0,13,2,18,0
576,19.2,bird,11,2/8 - FOUND,7,0,2,2,-0.1708478331565857,-11.0,12,2,18,0
577,19.233,bird,11,2/8 - FOUND,7,0,2,2,-0.17750120162963867,-5.0,11,3,11,0
578,19.267,bird,11,2/8 - FOUND,7,0,2,2,-0.3061002492904663,-17.0,15,3,7,0
579,19.3,bird,11,2/8 - FOUND,7,0,2,2,-0.5003939867019653,-33.0,22,3,0,0
580,19.333,bird,11,2/8 - FOUND,7,0,2,2,-0.5116671919822693,-24.0,19,3,0,0
581,19.367,bird,11,2/8 - FOUND,7,0,2,2,-0.6603392958641052,-10.0,22,3,0,0
582,19.4,bird,11,2/8 - FOUND,7,0,2,2,-0.4321781396865845,-18.0,20,3,0,0
583,19.433,bird,11,2/8 - FOUND,7,0,2,2,-0.5481876730918884,-12.0,17,2,0,0
584,19.467,bird,11,2/8 - FOUND,7,0,2,2,-0.2882346510887146,-15.0,14,2,0,0
585,19.5,bird,11,2/8 - FOUND,7,0,1,2,-0.4364584684371948,-15.0,13,2,0,0
586,19.533,bird,11,2/8 - FOUND,7,0,1,2,-0.04833841323852539,3.0,10,2,0,0
587,19.567,bird,11,2/8 - FOUND,7,0,1,2,-0.08168965578079224,-8.0,9,3,0,0
588,19.6,bird,11,2/8 - FOUND,7,0,1,2,-0.10103452205657959,-13.0,11,3,0,0
589,19.633,bird,11,2/8 - FOUND,7,0,1,1,-0.041568219661712646,-4.0,9,3,0,0
590,19.667,bird,11,2/8 - FOUND,7,0,1,1,-0.17165875434875488,-6.0,10,2,0,0
591,19.7,bird,11,2/8 - FOUND,7,0,1,1,-0.09305942058563232,-21.0,10,3,0,0
592,19.733,bird,11,2/8 - FOUND,7,0,1,1,-0.4182790517807007,-16.0,11,3,0,0
593,19.767,bird,11,2/8 - FOUND,7,0,1,1,-0.4414260983467102,-15.0,10,2,0,0
594,19.8,bird,11,2/8 - FOUND,7,0,1,1,-0.671475350856781,-16.0,15,3,0,0
595,19.833,bird,11,2/8 - FOUND,7,0,1,1,-0.6323360204696655,-17.0,18,3,0,0
596,19.867,bird,11,2/8 - FOUND,7,0,2,2,-0.5195486545562744,-21.0,17,3,2,0
597,19.9,bird,11,2/8 - FOUND,7,0,2,1,-0.27684321999549866,-23.0,17,3,8,0
598,19.933,bird,11,2/8 - FOUND,7,0,2,1,-0.2831107974052429,-35.0,18,3,8,0
599,19.967,bird,11,2/8 - FOUND,7,0,2,1,-0.5033484697341919,-34.0,16,3,12,0
600,20.0,bird,11,2/8 - FOUND,7,0,2,2,-0.6570655703544617,-21.0,16,3,17,0
601,20.033,bird,11,2/8 - FOUND,7,0,2,2,-0.5257863402366638,-14.0,16,4,18,0
602,20.067,bird,11,2/8 - FOUND,7,1,2,2,-0.5672404766082764,-11.0,17,4,19,0
603,20.1,bird,11,2/8 - FOUND,7,0,1,1,-0.651852011680603,-11.0,15,3,24,0
604,20.133,bird,11,2/8 - FOUND,7,0,2,2,-0.6028208136558533,-16.0,16,3,26,0
605,20.167,bird,11,2/8 - FOUND,7,0,1,1,-0.6722999215126038,-21.0,10,3,26,0
606,20.2,bird,11,2/8 - FOUND,7,0,1,1,-0.6056925058364868,-23.0,14,3,26,0
607,20.233,bird,11,2/8 - FOUND,7,0,1,1,-0.49179258942604065,-14.0,15,3,27,0
608,20.267,bird,11,2/8 - FOUND,7,0,1,1,-0.33502861857414246,-23.0,10,2,27,0
609,20.3,bird,11,2/8 - FOUND,7,0,1,1,-0.5341907739639282,-34.0,18,3,27,0
610,20.333,bird,11,2/8 - FOUND,7,0,2,2,-0.2486049234867096,-26.0,20,4,25,0
611,20.367,bird,11,2/8 - FOUND,7,0,2,2,-0.4589656889438629,-26.0,13,3,21,0
612,20.4,bird,11,2/8 - FOUND,7,0,2,2,-0.4263887107372284,-6.0,12,3,20,0
613,20.433,bird,11,2/8 - FOUND,7,0,2,2,-0.5401961803436279,-8.0,13,3,13,0
614,20.467,bird,11,2/8 - FOUND,7,0,2,2,-0.7151422500610352,-16.0,14,3,13,0
615,20.5,bird,12,3/8 - THE,2,1,2,1,-0.19138675928115845,-10.0,15,3,38,0
616,20.533,bird,12,3/8 - THE,2,0,2,0,-0.15344274044036865,-19.0,16,3,38,0
617,20.567,bird,12,3/8 - THE,2,0,1,0,-0.18652093410491943,-14.0,12,3,39,0
618,20.6,bird,12,3/8 - THE,2,0,1,0,-0.20293980836868286,1.0,7,3,40,0
619,20.633,bird,12,3/8 - THE,2,0,2,0,-0.2096896767616272,-23.0,8,3,40,0
620,20.667,bird,12,3/8 - THE,2,0,2,1,-0.22279679775238037,-10.0,13,3,40,0
621,20.7,bird,12,3/8 - THE,2,0,1,0,-0.17099720239639282,-24.0,14,4,41,0
622,20.733,bird,12,3/8 - THE,2,0,2,0,-0.12389904260635376,-31.0,15,3,47,0
623,20.767,bird,12,3/8 - THE,2,0,1,0,-0.29515570402145386,-39.0,16,3,48,0
624,20.8,bird,12,3/8 - THE,2,0,2,1,-0.6047130823135376,-31.0,17,3,52,0
625,20.833,bird,12,3/8 - THE,2,0,2,2,-0.5963412523269653,-21.0,17,3,52,0
626,20.867,bird,12,3/8 - THE,2,0,2,2,-0.4234559237957001,-30.0,12,3,50,0
627,20.9,bird,12,3/8 - THE,2,0,2,1,-0.31605997681617737,-23.0,10,3,51,0
628,20.933,bird,12,3/8 - THE,2,0,1,1,-0.11009907722473145,-7.0,6,2,53,0
629,20.967,bird,12,3/8 - THE,2,0,1,0,-0.1278696060180664,0.0,7,2,48,0
630,21.0,bird,12,3/8 - THE,2,0,1,0,-0.19111233949661255,-6.0,8,2,48,0
631,21.033,bird,12,3/8 - THE,2,0,1,0,-0.07576847076416016,11.0,6,2,46,0
632,21.067,bird,12,3/8 - THE,2,0,1,0,-0.2588485777378082,-15.0,11,2,44,0
633,21.1,bird,12,3/8 - THE,2,0,1,0,-0.37690383195877075,-31.0,9,2,45,0
634,21.133,bird,12,3/8 - THE,2,0,1,0,-0.2768757939338684,-18.0,7,2,45,0
635,21.167,bird,12,3/8 - THE,2,0,1,0,-0.0855054259300232,-6.0,5,2,39,0
636,21.2,bird,12,3/8 - THE,2,0,1,0,-0.01629936695098877,4.0,5,2,39,0
637,21.233,bird,12,3/8 - THE,2,0,1,1,-0.0029341578483581543,-11.0,8,4,39,0
638,21.267,bird,12,3/8 - THE,2,0,0,0,0.0001004934310913086,3.0,6,2,37,0
639,21.3,bird,12,3/8 - THE,2,0,1,1,-0.09489321708679199,-1.0,7,3,41,0
640,21.333,bird,12,3/8 - THE,2,0,1,0,-0.11650121212005615,0.0,7,3,40,0
641,21.367,bird,12,3/8 - THE,2,0,1,0,-0.2988980710506439,-1.0,7,2,41,0
642,21.4,bird,12,3/8 - THE,2,0,2,1,-0.6546041369438171,0.0,6,2,41,0
643,21.433,bird,12,3/8 - THE,2,0,2,1,-0.603874921798706,-3.0,11,4,38,0
644,21.467,bird,12,3/8 - THE,2,0,2,1,-0.5814234614372253,-15.0,11,4,36,0
645,21.5,bird,12,3/8 - THE,2,0,2,1,-0.569177508354187,-21.0,13,4,34,0
646,21.533,bird,12,3/8 - THE,2,0,2,1,-0.6090205907821655,-25.0,11,4,34,0
647,21.567,bird,12,3/8 - THE,2,0,2,1,-0.7121768593788147,-21.0,10,3,34,0
648,21.6,bird,12,3/8 - THE,2,0,2,1,-0.7371971607208252,-15.0,11,3,40,0
649,21.633,bird,12,3/8 - THE,2,0,2,1,-0.7388992309570312,-18.0,13,3,38,0
650,21.667,bird,12,3/8 - THE,2,0,2,1,-0.7189974188804626,-20.0,11,3,37,0
651,21.7,bird,12,3/8 - THE,2,0,2,1,-0.49197322130203247,-24.0,13,3,37,0
652,21.733,bird,12,3/8 - THE,2,0,1,1,-0.16615045070648193,-9.0,6,3,35,0
653,21.767,bird,12,3/8 - THE,2,0,1,1,-0.13355720043182373,-22.0,5,2,38,0
654,21.8,bird,12,3/8 - THE,2,0,2,1,-0.1134842038154602,-4.0,10,3,35,0
655,21.833,bird,12,3/8 - THE,2,0,1,1,-0.4653216004371643,-15.0,8,1,31,0
656,21.867,bird,12,3/8 - THE,2,0,2,2,-0.38492104411125183,-46.0,11,2,31,0
657,21.9,bird,12,3/8 - THE,2,0,2,2,-0.47872215509414673,-35.0,12,2,30,0
658,21.933,bird,12,3/8 - THE,2,0,2,1,-0.5149735808372498,-22.0,14,2,29,0
659,21.967,bird,12,3/8 - THE,2,0,1,1,-0.49905866384506226,-21.0,15,3,29,0
660,22.0,bird,13,4/8 - MESSAGE,3,0,2,2,-0.3414456248283386,-35.0,15,3,20,0
661,22.033,bird,13,4/8 - MESSAGE,3,0,2,2,-0.37160059809684753,-13.0,14,3,22,0
662,22.067,bird,13,4/8 - MESSAGE,3,0,2,1,-0.4163093864917755,-14.0,13,3,22,0
663,22.1,bird,13,4/8 - MESSAGE,3,0,2,1,-0.4429284930229187,-14.0,13,2,25,0
664,22.133,bird,13,4/8 - MESSAGE,3,0,2,2,-0.4839845597743988,-16.0,11,2,29,0
665,22.167,bird,13,4/8 - MESSAGE,3,0,2,2,-0.4542941451072693,-12.0,15,3,29,0
666,22.2,bird,13,4/8 - MESSAGE,3,0,2,2,-0.5666061043739319,-33.0,16,4,29,0
667,22.233,bird,13,4/8 - MESSAGE,3,0,2,2,-0.6524714231491089,-19.0,15,4,25,0
668,22.267,bird,13,4/8 - MESSAGE,3,0,2,2,-0.6612629890441895,-13.0,15,3,24,0
669,22.3,bird,13,4/8 - MESSAGE,3,0,2,2,-0.6992449760437012,-26.0,14,3,26,0
670,22.333,bird,13,4/8 - MESSAGE,3,0,2,2,-0.7119703888893127,-37.0,17,4,24,0
671,22.367,bird,13,4/8 - MESSAGE,3,0,2,2,-0.7025594711303711,-15.0,17,4,23,0
672,22.4,bird,13,4/8 - MESSAGE,3,0,2,2,-0.672890841960907,-12.0,19,4,22,0
673,22.433,bird,13,4/8 - MESSAGE,3,0,2,2,-0.6361558437347412,-14.0,18,4,23,0
674,22.467,bird,13,4/8 - MESSAGE,3,0,2,2,-0.5873922109603882,-13.0,15,3,19,0
675,22.5,bird,13,4/8 - MESSAGE,3,0,2,2,-0.5048426985740662,-11.0,12,2,18,0
676,22.533,bird,13,4/8 - MESSAGE,3,0,2,2,-0.37326738238334656,-11.0,13,2,19,0
677,22.567,bird,13,4/8 - MESSAGE,3,0,2,2,-0.3765519857406616,-7.0,14,3,22,0
678,22.6,bird,13,4/8 - MESSAGE,3,0,2,2,-0.4163514971733093,-13.0,14,3,24,0
679,22.633,bird,13,4/8 - MESSAGE,3,0,2,2,-0.4254554510116577,-20.0,13,2,27,0
680,22.667,bird,13,4/8 - MESSAGE,3,0,2,2,-0.38353413343429565,-15.0,16,3,27,0
681,22.7,bird,13,4/8 - MESSAGE,3,0,2,1,-0.44233211874961853,-11.0,19,3,27,0
682,22.733,bird,13,4/8 - MESSAGE,3,0,2,1,-0.3705587387084961,-10.0,20,4,23,0
683,22.767,bird,13,4/8 - MESSAGE,3,0,1,1,-0.31203511357307434,-10.0,18,3,23,0
684,22.8,bird,13,4/8 - MESSAGE,3,0,1,1,-0.30810117721557617,-10.0,15,4,24,0
685,22.833,bird,13,4/8 - MESSAGE,3,0,1,1,-0.31007084250450134,-9.0,14,4,24,0
686,22.867,bird,13,4/8 - MESSAGE,3,1,1,1,-0.3347460925579071,-8.0,13,4,24,0
687,22.9,bird,13,4/8 - MESSAGE,3,0,1,1,-0.36289331316947937,-8.0,12,3,24,0
688,22.933,bird,13,4/8 - MESSAGE,3,0,1,1,-0.3852565288543701,-8.0,14,3,24,0
689,22.967,bird,13,4/8 - MESSAGE,3,0,1,1,-0.38631609082221985,-10.0,11,3,25,0
690,23.0,bird,13,4/8 - MESSAGE,3,0,1,1,-0.42436742782592773,-9.0,14,3,23,0
691,23.033,bird,13,4/8 - MESSAGE,3,0,1,1,-0.4417480230331421,-10.0,19,4,23,0
692,23.067,bird,13,4/8 - MESSAGE,3,0,1,1,-0.4813859462738037,-15.0,21,4,20,0
693,23.1,bird,13,4/8 - MESSAGE,3,0,1,1,-0.5106837749481201,-6.0,19,4,20,0
694,23.133,bird,13,4/8 - MESSAGE,3,0,1,1,-0.5119701623916626,-6.0,19,3,18,0
695,23.167,bird,13,4/8 - MESSAGE,3,0,1,1,-0.5047503113746643,-6.0,17,3,21,0
696,23.2,bird,13,4/8 - MESSAGE,3,0,1,1,-0.5095562934875488,-16.0,19,4,20,0
697,23.233,bird,13,4/8 - MESSAGE,3,0,1,2,-0.4931468963623047,-10.0,19,4,18,0
698,23.267,bird,13,4/8 - MESSAGE,3,0,2,2,-0.44878995418548584,-8.0,22,4,17,0
699,23.3,bird,13,4/8 - MESSAGE,3,0,2,2,-0.3985973298549652,-11.0,23,4,17,0
700,23.333,bird,13,4/8 - MESSAGE,3,0,1,2,-0.4519740343093872,-11.0,18,3,17,0
701,23.367,bird,13,4/8 - MESSAGE,3,0,1,2,-0.4803277850151062,-11.0,16,3,17,0
702,23.4,bird,13,4/8 - MESSAGE,3,0,1,1,-0.48499929904937744,-12.0,17,3,16,0
703,23.433,bird,13,4/8 - MESSAGE,3,0,1,1,-0.4672301113605499,-16.0,17,3,15,0
704,23.467,bird,13,4/8 - MESSAGE,3,0,1,1,-0.4611852765083313,-17.0,17,3,15,0
705,23.5,bird,14,This bird is made of data.,2,0,0,3,0.0476686954498291,-11.0,9,3,13,0
706,23.533,bird,14,This bird is made of data.,2,0,0,3,0.05232524871826172,-12.0,11,3,13,0
707,23.567,bird,14,This bird is made of data.,2,0,0,1,0.05415374040603638,-13.0,10,3,14,0
708,23.6,bird,14,This bird is made of data.,2,0,1,2,-0.21203291416168213,-11.0,12,3,14,0
709,23.633,bird,14,This bird is made of data.,2,0,0,1,0.03704476356506348,-10.0,8,3,15,0
710,23.667,bird,14,This bird is made of data.,2,0,0,1,0.04398614168167114,-9.0,9,3,15,0
711,23.7,bird,14,This bird is made of data.,2,0,0,1,0.01992630958557129,-7.0,8,3,15,0
712,23.733,bird,14,This bird is made of data.,2,0,1,1,-0.005535483360290527,-7.0,10,4,15,0
713,23.767,bird,14,This bird is made of data.,2,0,0,1,0.011887311935424805,-11.0,9,3,15,0
714,23.8,bird,14,This bird is made of data.,2,0,0,1,0.013271510601043701,-5.0,8,2,15,0
715,23.833,bird,14,This bird is made of data.,2,0,0,1,0.008787453174591064,-4.0,9,3,15,0
716,23.867,bird,14,This bird is made of data.,2,0,0,1,0.019287824630737305,-5.0,11,3,15,0
717,23.9,bird,14,This bird is made of data.,2,0,0,1,0.02847057580947876,-6.0,8,3,15,0
718,23.933,bird,14,This bird is made of data.,2,0,0,1,0.040541231632232666,-7.0,7,2,15,0
719,23.967,bird,14,This bird is made of data.,2,0,0,1,0.06016594171524048,-9.0,10,3,16,0
720,24.0,sea,14,This bird is made of data.,2,0,1,2,-0.25529366731643677,-11.0,9,3,16,0
721,24.033,sea,14,This bird is made of data.,2,0,1,2,-0.23450618982315063,-5.0,15,3,16,0
722,24.067,sea,14,This bird is made of data.,2,0,1,2,-0.41307777166366577,-13.0,12,4,16,0
723,24.1,sea,14,This bird is made of data.,2,0,1,2,-0.40462180972099304,-12.0,13,2,17,0
724,24.133,sea,14,This bird is made of data.,2,0,1,3,-0.5247689485549927,-15.0,20,4,17,0
725,24.167,sea,14,This bird is made of data.,2,1,1,2,-0.3112458884716034,-19.0,16,4,21,0
726,24.2,sea,14,This bird is made of data.,2,0,2,2,-0.49231693148612976,-18.0,17,3,20,0
727,24.233,sea,14,This bird is made of data.,2,0,1,2,-0.5699626207351685,-15.0,17,4,16,0
728,24.267,sea,14,This bird is made of data.,2,0,1,1,-0.5952804088592529,-13.0,17,3,18,0
729,24.3,sea,14,This bird is made of data.,2,0,1,1,-0.5712816715240479,-7.0,15,3,17,0
730,24.333,sea,14,This bird is made of data.,2,0,1,1,-0.548240602016449,-5.0,10,3,19,0
731,24.367,sea,14,This bird is made of data.,2,0,1,1,-0.5254372954368591,-7.0,9,2,20,0
732,24.4,sea,14,This bird is made of data.,2,0,1,2,-0.49276793003082275,-2.0,8,2,22,0
733,24.433,sea,14,This bird is made of data.,2,0,1,1,-0.46893900632858276,0.0,8,2,23,0
734,24.467,sea,14,This bird is made of data.,2,0,1,1,-0.433834046125412,-8.0,12,3,25,0
735,24.5,sea,14,This bird is made of data.,2,0,1,1,-0.3570807874202728,-16.0,14,4,25,0
736,24.533,sea,14,This bird is made of data.,2,0,1,1,-0.34475740790367126,3.0,9,2,27,0
737,24.567,sea,14,This bird is made of data.,2,1,1,1,-0.2911253571510315,-1.0,13,4,34,0
738,24.6,sea,14,This bird is made of data.,2,0,1,1,-0.2274574637413025,1.0,17,3,29,0
739,24.633,sea,14,This bird is made of data.,2,0,1,1,-0.12240207195281982,-10.0,15,4,27,0
740,24.667,sea,14,This bird is made of data.,2,0,1,1,-0.03073906898498535,-11.0,16,4,27,0
741,24.7,sea,14,This bird is made of data.,2,0,1,1,-0.2000519037246704,-13.0,9,2,28,0
742,24.733,sea,14,This bird is made of data.,2,0,1,1,-0.11715328693389893,-7.0,10,3,28,0
743,24.767,sea,14,This bird is made of data.,2,0,1,0,-0.058126986026763916,-13.0,9,2,31,0
744,24.8,sea,14,This bird is made of data.,2,0,1,0,-0.08444178104400635,-13.0,8,3,25,0
745,24.833,sea,14,This bird is made of data.,2,0,1,1,-0.09861797094345093,-15.0,7,2,25,0
746,24.867,sea,14,This bird is made of data.,2,0,1,1,-0.09755837917327881,-16.0,8,2,24,0
747,24.9,sea,14,This bird is made of data.,2,0,1,1,-0.11248171329498291,-12.0,8,2,22,0
748,24.933,sea,14,This bird is made of data.,2,0,1,1,-0.2682363986968994,-16.0,9,3,20,0
749,24.967,sea,14,This bird is made of data.,2,0,2,2,-0.34317219257354736,-10.0,10,3,17,0
750,25.0,sea,15,5/8 - HIDDEN,0,0,1,1,-0.05545639991760254,-11.0,17,3,4,0
751,25.033,sea,15,5/8 - HIDDEN,0,0,0,0,0.02944725751876831,-9.0,13,4,4,0
752,25.067,sea,15,5/8 - HIDDEN,0,0,0,0,0.022397160530090332,-11.0,14,4,4,0
753,25.1,sea,15,5/8 - HIDDEN,0,0,1,1,-0.0645453929901123,-12.0,11,4,4,0
754,25.133,sea,15,5/8 - HIDDEN,0,0,1,1,-0.09734654426574707,-11.0,12,4,4,0
755,25.167,sea,15,5/8 - HIDDEN,0,0,0,1,0.007530927658081055,-13.0,8,2,4,0
756,25.2,sea,15,5/8 - HIDDEN,0,0,0,0,0.013666808605194092,-13.0,8,2,4,0
757,25.233,sea,15,5/8 - HIDDEN,0,0,0,0,0.06636703014373779,-11.0,6,2,4,0
758,25.267,sea,15,5/8 - HIDDEN,0,0,0,0,0.06630998849868774,-11.0,8,2,4,0
759,25.3,sea,15,5/8 - HIDDEN,0,0,1,0,-0.10888469219207764,-11.0,9,2,4,0
760,25.333,sea,15,5/8 - HIDDEN,0,0,1,0,-0.3123977780342102,-11.0,11,3,0,0
761,25.367,sea,15,5/8 - HIDDEN,0,0,1,0,-0.2960101366043091,-11.0,10,2,0,0
762,25.4,sea,15,5/8 - HIDDEN,0,0,1,0,-0.27671554684638977,-11.0,10,2,0,0
763,25.433,sea,15,5/8 - HIDDEN,0,0,1,0,-0.2427693009376526,-11.0,8,2,0,0
764,25.467,sea,15,5/8 - HIDDEN,0,0,1,0,-0.20602202415466309,-11.0,8,2,0,0
765,25.5,sea,15,5/8 - HIDDEN,0,0,1,0,-0.16625374555587769,-11.0,8,2,0,0
766,25.533,sea,15,5/8 - HIDDEN,0,0,1,0,-0.13080644607543945,-11.0,8,2,0,0
767,25.567,sea,15,5/8 - HIDDEN,0,0,1,0,-0.0791657567024231,-11.0,9,2,0,0
768,25.6,sea,15,5/8 - HIDDEN,0,0,1,0,-0.05996757745742798,-11.0,8,2,0,0
769,25.633,sea,15,5/8 - HIDDEN,0,0,1,0,-0.04086047410964966,-11.0,8,2,0,0
770,25.667,sea,15,5/8 - HIDDEN,0,0,1,0,-0.014287590980529785,-11.0,8,2,0,0
771,25.7,sea,15,5/8 - HIDDEN,0,0,0,0,0.01675581932067871,-11.0,8,2,0,0
772,25.733,sea,15,5/8 - HIDDEN,0,0,0,0,0.03293699026107788,-11.0,8,2,0,0
773,25.767,sea,15,5/8 - HIDDEN,0,0,0,0,0.020964086055755615,-11.0,8,2,0,0
774,25.8,sea,15,5/8 - HIDDEN,0,0,1,0,-0.06056123971939087,-12.0,15,4,0,0
775,25.833,sea,15,5/8 - HIDDEN,0,0,1,0,-0.07540982961654663,-12.0,16,4,0,0
776,25.867,sea,15,5/8 - HIDDEN,0,0,1,0,-0.08875876665115356,-12.0,16,4,0,0
777,25.9,sea,15,5/8 - HIDDEN,0,0,1,0,-0.10201799869537354,-12.0,16,4,0,0
778,25.933,sea,15,5/8 - HIDDEN,0,0,1,0,-0.12121754884719849,-12.0,15,3,0,0
779,25.967,sea,15,5/8 - HIDDEN,0,0,1,0,-0.12125557661056519,-12.0,15,3,0,0
780,26.0,sea,15,5/8 - HIDDEN,0,0,1,0,-0.1346072554588318,-12.0,15,3,0,0
781,26.033,sea,15,5/8 - HIDDEN,0,0,1,0,-0.13901114463806152,-12.0,14,3,0,0
782,26.067,sea,15,5/8 - HIDDEN,0,0,1,0,-0.15072590112686157,-12.0,15,3,0,0
783,26.1,sea,15,5/8 - HIDDEN,0,0,1,0,-0.16090303659439087,-12.0,15,4,0,0
784,26.133,sea,15,5/8 - HIDDEN,0,0,1,0,-0.16376644372940063,-12.0,16,4,0,0
785,26.167,sea,15,5/8 - HIDDEN,0,0,1,0,-0.16810661554336548,-12.0,14,3,0,0
786,26.2,sea,15,5/8 - HIDDEN,0,0,1,0,-0.1709510087966919,-12.0,14,3,0,0
787,26.233,sea,15,5/8 - HIDDEN,0,0,1,0,-0.17666447162628174,-12.0,14,3,0,0
788,26.267,sea,15,5/8 - HIDDEN,0,0,1,0,-0.020374536514282227,-12.0,11,3,4,0
789,26.3,sea,15,5/8 - HIDDEN,0,0,1,0,-0.09580749273300171,-12.0,11,3,4,0
790,26.333,sea,15,5/8 - HIDDEN,0,0,1,0,-0.145932137966156,-12.0,11,3,4,0
791,26.367,sea,15,5/8 - HIDDEN,0,0,1,0,-0.19750356674194336,-12.0,12,4,4,0
792,26.4,sea,15,5/8 - HIDDEN,0,0,1,0,-0.2534217834472656,-12.0,13,4,4,0
793,26.433,sea,15,5/8 - HIDDEN,0,0,1,0,-0.28567683696746826,-12.0,12,3,4,0
794,26.467,sea,15,5/8 - HIDDEN,0,0,1,0,-0.3356752097606659,-12.0,13,3,4,0
795,26.5,sea,16,6/8 - INSIDE,2,0,2,1,-0.24905997514724731,-11.0,15,4,3,0
796,26.533,sea,16,6/8 - INSIDE,2,0,2,1,-0.1885884404182434,-12.0,12,3,5,0
797,26.567,sea,16,6/8 - INSIDE,2,0,2,1,-0.15638095140457153,-12.0,12,3,5,0
798,26.6,sea,16,6/8 - INSIDE,2,0,2,1,-0.19226688146591187,-12.0,11,3,5,0
799,26.633,sea,16,6/8 - INSIDE,2,0,2,1,-0.21456629037857056,-11.0,11,3,5,0
800,26.667,sea,16,6/8 - INSIDE,2,0,2,1,-0.24423089623451233,-14.0,13,4,5,0
801,26.7,sea,16,6/8 - INSIDE,2,0,2,1,-0.30345410108566284,-12.0,12,4,6,0
802,26.733,sea,16,6/8 - INSIDE,2,0,2,1,-0.31983089447021484,-13.0,14,4,6,0
803,26.767,sea,16,6/8 - INSIDE,2,0,2,1,-0.3462652266025543,-13.0,13,4,6,0
804,26.8,sea,16,6/8 - INSIDE,2,0,2,1,-0.359417200088501,-14.0,14,4,6,0
805,26.833,sea,16,6/8 - INSIDE,2,0,2,1,-0.30157819390296936,-14.0,14,4,8,0
806,26.867,sea,16,6/8 - INSIDE,2,0,2,1,-0.18331104516983032,-12.0,13,3,8,0
807,26.9,sea,16,6/8 - INSIDE,2,0,1,1,-0.1418827772140503,-12.0,13,3,8,0
808,26.933,sea,16,6/8 - INSIDE,2,0,1,1,-0.18902719020843506,-13.0,13,3,8,0
809,26.967,sea,16,6/8 - INSIDE,2,0,1,1,-0.24958980083465576,-13.0,12,3,7,0
810,27.0,sea,16,6/8 - INSIDE,2,0,1,1,-0.18900275230407715,-13.0,12,3,10,0
811,27.033,sea,16,6/8 - INSIDE,2,0,1,1,-0.08005422353744507,-12.0,12,3,13,0
812,27.067,sea,16,6/8 - INSIDE,2,0,1,1,-0.084880530834198,-15.0,11,3,15,0
813,27.1,sea,16,6/8 - INSIDE,2,0,1,1,-0.0659295916557312,-15.0,10,3,15,0
814,27.133,sea,16,6/8 - INSIDE,2,0,1,0,-0.05729705095291138,-14.0,10,3,18,0
815,27.167,sea,16,6/8 - INSIDE,2,0,1,0,-0.029492080211639404,-11.0,10,3,18,0
816,27.2,sea,16,6/8 - INSIDE,2,0,1,0,-0.0192144513130188,-6.0,11,3,18,0
817,27.233,sea,16,6/8 - INSIDE,2,0,0,0,0.007329881191253662,-8.0,10,3,18,0
818,27.267,sea,16,6/8 - INSIDE,2,0,0,0,0.019215822219848633,-7.0,11,4,19,0
819,27.3,sea,16,6/8 - INSIDE,2,0,0,0,0.040090203285217285,-7.0,10,3,19,0
820,27.333,sea,16,6/8 - INSIDE,2,0,0,0,0.015108048915863037,-6.0,12,4,22,0
821,27.367,sea,16,6/8 - INSIDE,2,0,1,0,-0.036440253257751465,-6.0,12,4,22,0
822,27.4,sea,16,6/8 - INSIDE,2,0,1,0,-0.18995362520217896,-5.0,10,3,21,0
823,27.433,sea,16,6/8 - INSIDE,2,0,1,0,-0.25049036741256714,-3.0,12,4,19,0
824,27.467,sea,16,6/8 - INSIDE,2,0,1,0,-0.2505202889442444,1.0,10,3,19,0
825,27.5,sea,16,6/8 - INSIDE,2,0,1,0,-0.25057458877563477,2.0,9,2,21,0
826,27.533,sea,16,6/8 - INSIDE,2,0,1,0,-0.22825077176094055,3.0,10,3,22,0
827,27.567,sea,16,6/8 - INSIDE,2,0,1,0,-0.2504088878631592,2.0,8,2,24,0
828,27.6,sea,16,6/8 - INSIDE,2,0,1,0,-0.22839072346687317,3.0,10,3,25,0
829,27.633,sea,16,6/8 - INSIDE,2,0,1,1,-0.2507104277610779,2.0,10,3,25,0
830,27.667,sea,16,6/8 - INSIDE,2,0,1,0,-0.2509440779685974,-2.0,12,4,26,0
831,27.7,sea,16,6/8 - INSIDE,2,0,1,0,-0.19056761264801025,-2.0,11,3,27,0
832,27.733,sea,16,6/8 - INSIDE,2,0,1,0,-0.037162959575653076,-1.0,9,3,27,0
833,27.767,sea,16,6/8 - INSIDE,2,0,1,0,-0.003421783447265625,-1.0,7,2,29,0
834,27.8,sea,16,6/8 - INSIDE,2,0,1,0,-0.003712475299835205,0.0,7,2,29,0
835,27.833,sea,16,6/8 - INSIDE,2,0,1,0,-0.00386732816696167,2.0,7,2,29,0
836,27.867,sea,16,6/8 - INSIDE,2,0,1,0,-0.003838837146759033,0.0,6,2,28,0
837,27.9,sea,16,6/8 - INSIDE,2,0,1,1,-0.005452632904052734,3.0,8,2,27,0
838,27.933,sea,16,6/8 - INSIDE,2,0,1,1,-0.011168718338012695,3.0,8,3,27,0
839,27.967,sea,16,6/8 - INSIDE,2,0,1,1,-0.03012239933013916,3.0,9,3,27,0
840,28.0,sea,17,7/8 - THIS,1,0,0,2,0.009023785591125488,-10.0,15,4,10,0
841,28.033,sea,17,7/8 - THIS,1,0,0,2,0.008877098560333252,-19.0,12,4,10,0
842,28.067,sea,17,7/8 - THIS,1,0,0,2,0.009245216846466064,-18.0,18,5,10,0
843,28.1,sea,17,7/8 - THIS,1,1,1,2,-0.1395789384841919,-8.0,16,5,13,0
844,28.133,sea,17,7/8 - THIS,1,0,2,2,-0.28112080693244934,-14.0,18,5,14,0
845,28.167,sea,17,7/8 - THIS,1,0,2,2,-0.3902336657047272,-26.0,15,4,16,0
846,28.2,sea,17,7/8 - THIS,1,0,2,2,-0.4714071750640869,-32.0,17,4,16,0
847,28.233,sea,17,7/8 - THIS,1,0,2,1,-0.4977871775627136,-37.0,17,3,17,0
848,28.267,sea,17,7/8 - THIS,1,0,1,1,-0.4119720458984375,-29.0,16,3,18,0
849,28.3,sea,17,7/8 - THIS,1,0,2,1,-0.19188249111175537,-33.0,15,3,21,0
850,28.333,sea,17,7/8 - THIS,1,0,1,1,-0.10632818937301636,-31.0,13,4,19,0
851,28.367,sea,17,7/8 - THIS,1,0,1,1,-0.1270328164100647,-28.0,15,4,19,0
852,28.4,sea,17,7/8 - THIS,1,0,1,0,-0.19343650341033936,-24.0,16,3,19,0
853,28.433,sea,17,7/8 - THIS,1,0,1,0,-0.22047260403633118,-21.0,15,3,24,0
854,28.467,sea,17,7/8 - THIS,1,0,1,0,-0.21174222230911255,-20.0,14,3,25,0
855,28.5,sea,17,7/8 - THIS,1,0,1,0,-0.15714436769485474,-29.0,15,4,25,0
856,28.533,sea,17,7/8 - THIS,1,0,1,1,-0.01363283395767212,-22.0,14,3,25,0
857,28.567,sea,17,7/8 - THIS,1,0,0,1,0.010299324989318848,3.0,15,4,23,0
858,28.6,sea,17,7/8 - THIS,1,0,0,1,0.010778844356536865,1.0,13,3,23,0
859,28.633,sea,17,7/8 - THIS,1,0,0,1,0.011144280433654785,-11.0,13,3,22,0
860,28.667,sea,17,7/8 - THIS,1,0,1,2,-0.07161176204681396,-4.0,11,3,21,0
861,28.7,sea,17,7/8 - THIS,1,0,1,1,-0.11858224868774414,-2.0,13,3,21,0
862,28.733,sea,17,7/8 - THIS,1,0,1,1,-0.07244443893432617,-25.0,18,3,19,0
863,28.767,sea,17,7/8 - THIS,1,0,2,1,-0.05332231521606445,-17.0,18,4,19,0
864,28.8,sea,17,7/8 - THIS,1,0,1,1,-0.21042323112487793,-14.0,15,4,18,0
865,28.833,sea,17,7/8 - THIS,1,0,1,1,-0.3449638783931732,-13.0,19,4,18,0
866,28.867,sea,17,7/8 - THIS,1,1,0,0,0.010773420333862305,-5.0,15,4,14,0
867,28.9,sea,17,7/8 - THIS,1,1,1,1,-0.43574258685112,-14.0,18,4,12,0
868,28.933,sea,17,7/8 - THIS,1,0,1,1,-0.43705204129219055,-16.0,19,4,9,0
869,28.967,sea,17,7/8 - THIS,1,0,1,1,-0.40733858942985535,-17.0,18,4,7,0
870,29.0,sea,17,7/8 - THIS,1,0,1,1,-0.36587363481521606,-16.0,17,4,8,0
871,29.033,sea,17,7/8 - THIS,1,0,1,1,-0.3053776025772095,-16.0,17,4,6,0
872,29.067,sea,17,7/8 - THIS,1,0,1,1,-0.2684442400932312,-18.0,16,3,7,0
873,29.1,sea,17,7/8 - THIS,1,0,1,1,-0.25185829401016235,-22.0,16,3,7,0
874,29.133,sea,17,7/8 - THIS,1,0,1,1,-0.2800096273422241,-18.0,15,3,7,0
875,29.167,sea,17,7/8 - THIS,1,0,1,1,-0.32441413402557373,-16.0,16,4,8,0
876,29.2,sea,17,7/8 - THIS,1,0,1,1,-0.38635408878326416,-16.0,16,4,8,0
877,29.233,sea,17,7/8 - THIS,1,0,1,2,-0.42472875118255615,-16.0,16,3,8,0
878,29.267,sea,17,7/8 - THIS,1,0,1,2,-0.4688466191291809,-18.0,14,4,8,0
879,29.3,sea,17,7/8 - THIS,1,0,1,2,-0.48490285873413086,-17.0,13,3,8,0
880,29.333,sea,17,7/8 - THIS,1,0,1,2,-0.495246946811676,-18.0,13,4,8,0
881,29.367,sea,17,7/8 - THIS,1,0,1,2,-0.4850713014602661,-15.0,14,4,8,0
882,29.4,sea,17,7/8 - THIS,1,0,1,2,-0.4143804907798767,-15.0,15,3,8,0
883,29.433,sea,17,7/8 - THIS,1,0,1,1,-0.21617329120635986,-18.0,13,4,5,0
884,29.467,sea,17,7/8 - THIS,1,0,0,1,0.013077259063720703,-22.0,15,4,4,0
885,29.5,sea,18,8/8 - FILM,7,0,1,0,-0.24701428413391113,-13.0,15,3,7,0
886,29.533,sea,18,8/8 - FILM,7,0,1,1,-0.31946414709091187,-10.0,9,3,8,0
887,29.567,sea,18,8/8 - FILM,7,0,2,0,-0.3575969636440277,-4.0,9,3,10,0
888,29.6,sea,18,8/8 - FILM,7,0,2,1,-0.36625805497169495,-2.0,10,2,12,0
889,29.633,sea,18,8/8 - FILM,7,0,2,1,-0.28642258048057556,-2.0,8,2,14,0
890,29.667,sea,18,8/8 - FILM,7,0,2,1,-0.18333005905151367,-4.0,10,3,17,0
891,29.7,sea,18,8/8 - FILM,7,0,1,1,-0.05333322286605835,-2.0,10,2,17,0
892,29.733,sea,18,8/8 - FILM,7,0,0,1,0.045549631118774414,-6.0,9,2,17,0
893,29.767,sea,18,8/8 - FILM,7,0,1,1,-0.032968223094940186,-7.0,11,3,17,0
894,29.8,sea,18,8/8 - FILM,7,0,1,1,-0.05225193500518799,-9.0,12,3,16,0
895,29.833,sea,18,8/8 - FILM,7,0,0,1,0.0541156530380249,-25.0,10,2,16,0
896,29.867,sea,18,8/8 - FILM,7,0,0,1,0.017239391803741455,-23.0,11,3,16,0
897,29.9,sea,18,8/8 - FILM,7,0,1,1,-0.04741060733795166,-17.0,12,3,17,0
898,29.933,sea,18,8/8 - FILM,7,0,1,1,-0.10183465480804443,-9.0,12,3,18,0
899,29.967,sea,18,8/8 - FILM,7,0,1,1,-0.16233885288238525,-7.0,13,3,18,0
900,30.0,sea,18,8/8 - FILM,7,0,1,1,-0.19439280033111572,-4.0,13,3,18,0
901,30.033,sea,18,8/8 - FILM,7,0,1,1,-0.22942578792572021,-2.0,12,3,16,0
902,30.067,sea,18,8/8 - FILM,7,0,1,1,-0.13925832509994507,-2.0,12,3,21,0
903,30.1,sea,18,8/8 - FILM,7,0,1,1,-0.25784608721733093,-2.0,9,3,19,0
904,30.133,sea,18,8/8 - FILM,7,0,1,1,-0.29916298389434814,-2.0,11,3,21,0
905,30.167,sea,18,8/8 - FILM,7,0,1,1,-0.3256760537624359,-4.0,11,3,20,0
906,30.2,sea,18,8/8 - FILM,7,0,1,1,-0.3442452847957611,-7.0,16,3,17,0
907,30.233,sea,18,8/8 - FILM,7,0,1,1,-0.08846533298492432,-8.0,18,4,21,0
908,30.267,sea,18,8/8 - FILM,7,0,1,2,-0.015133857727050781,-2.0,12,3,24,0
909,30.3,sea,18,8/8 - FILM,7,0,0,1,0.03619706630706787,-4.0,14,4,24,0
910,30.333,sea,18,8/8 - FILM,7,0,0,0,0.05379784107208252,-4.0,13,4,21,0
911,30.367,sea,18,8/8 - FILM,7,0,0,1,0.055586814880371094,0.0,11,4,25,0
912,30.4,sea,18,8/8 - FILM,7,0,0,1,0.04535943269729614,2.0,10,3,24,0
913,30.433,sea,18,8/8 - FILM,7,0,0,1,0.037740230560302734,-1.0,9,3,24,0
914,30.467,sea,18,8/8 - FILM,7,0,0,1,0.03744006156921387,-1.0,11,4,25,0
915,30.5,sea,18,8/8 - FILM,7,0,0,0,0.035584449768066406,-6.0,10,3,27,0
916,30.533,sea,18,8/8 - FILM,7,0,0,0,0.05460876226425171,-9.0,7,3,29,0
917,30.567,sea,18,8/8 - FILM,7,0,0,0,0.054377853870391846,7.0,8,3,29,0
918,30.6,sea,18,8/8 - FILM,7,0,0,1,0.054184913635253906,7.0,10,4,29,0
919,30.633,sea,18,8/8 - FILM,7,0,0,1,0.054203927516937256,4.0,6,3,31,0
920,30.667,sea,18,8/8 - FILM,7,0,0,1,0.05403280258178711,5.0,6,3,33,0
921,30.7,sea,18,8/8 - FILM,7,0,0,0,0.0538901686668396,-3.0,11,4,32,0
922,30.733,sea,18,8/8 - FILM,7,0,0,0,0.05348402261734009,1.0,11,3,33,0
923,30.767,sea,18,8/8 - FILM,7,0,0,1,0.053258538246154785,-2.0,11,2,33,0
924,30.8,sea,18,8/8 - FILM,7,0,0,1,0.05289173126220703,-7.0,6,2,32,0
925,30.833,sea,18,8/8 - FILM,7,0,0,1,0.0525059700012207,-8.0,8,2,26,0
926,30.867,sea,18,8/8 - FILM,7,0,0,1,0.05235379934310913,-9.0,7,2,26,0
927,30.9,sea,18,8/8 - FILM,7,0,0,1,0.05221664905548096,-10.0,8,2,26,0
928,30.933,sea,18,8/8 - FILM,7,0,0,1,0.05210524797439575,-9.0,11,3,26,0
929,30.967,sea,18,8/8 - FILM,7,0,0,1,0.0008965134620666504,-9.0,10,2,22,0
930,31.0,sea,19,1/8 - YOU,1,0,0,0,0.01814812421798706,-1.0,11,4,26,0
931,31.033,sea,19,1/8 - YOU,1,0,0,0,0.05292302370071411,-2.0,11,3,28,0
932,31.067,sea,19,1/8 - YOU,1,0,0,0,0.05535721778869629,-3.0,14,4,28,0
933,31.1,sea,19,1/8 - YOU,1,0,0,0,0.05402326583862305,-5.0,13,3,30,0
934,31.133,sea,19,1/8 - YOU,1,0,0,0,0.03158676624298096,-5.0,14,4,31,0
935,31.167,sea,19,1/8 - YOU,1,0,0,0,0.021146118640899658,-4.0,11,3,34,0
936,31.2,sea,19,1/8 - YOU,1,0,0,0,0.024034082889556885,-6.0,10,3,35,0
937,31.233,sea,19,1/8 - YOU,1,0,0,0,0.056069016456604004,-9.0,9,3,35,0
938,31.267,sea,19,1/8 - YOU,1,0,0,0,0.05604732036590576,-10.0,7,2,38,0
939,31.3,sea,19,1/8 - YOU,1,0,0,0,0.052950143814086914,-15.0,6,2,37,0
940,31.333,sea,19,1/8 - YOU,1,0,0,1,0.05658388137817383,-15.0,6,2,39,0
941,31.367,sea,19,1/8 - YOU,1,0,0,0,0.05670201778411865,-16.0,7,3,41,0
942,31.4,sea,19,1/8 - YOU,1,0,0,0,0.05685687065124512,-5.0,6,3,41,0
943,31.433,sea,19,1/8 - YOU,1,0,0,1,0.011258363723754883,-5.0,10,3,40,0
944,31.467,sea,19,1/8 - YOU,1,0,1,1,-0.013729274272918701,1.0,15,4,40,0
945,31.5,sea,19,1/8 - YOU,1,0,1,1,-0.09346693754196167,-5.0,16,4,39,0
946,31.533,sea,19,1/8 - YOU,1,0,1,1,-0.15085089206695557,-5.0,16,4,36,0
947,31.567,sea,19,1/8 - YOU,1,1,1,0,-0.013980567455291748,-7.0,16,4,41,0
948,31.6,sea,19,1/8 - YOU,1,0,1,1,-0.14492827653884888,-5.0,19,4,37,0
949,31.633,sea,19,1/8 - YOU,1,0,1,0,-0.09050428867340088,-5.0,18,4,37,0
950,31.667,sea,19,1/8 - YOU,1,0,0,0,0.008010447025299072,-3.0,13,3,37,0
951,31.7,sea,19,1/8 - YOU,1,0,0,0,0.009190857410430908,-1.0,8,2,36,0
952,31.733,sea,19,1/8 - YOU,1,0,0,0,0.01339644193649292,2.0,9,3,37,0
953,31.767,sea,19,1/8 - YOU,1,0,0,0,0.049012184143066406,-5.0,9,2,38,0
954,31.8,sea,19,1/8 - YOU,1,0,0,1,0.05380594730377197,-3.0,10,3,35,0
955,31.833,sea,19,1/8 - YOU,1,0,0,1,0.05716526508331299,-3.0,11,3,32,0
956,31.867,sea,19,1/8 - YOU,1,0,0,1,0.04529833793640137,-3.0,14,4,32,0
957,31.9,sea,19,1/8 - YOU,1,0,1,2,-0.029769182205200195,-4.0,14,4,32,0
958,31.933,sea,19,1/8 - YOU,1,1,1,2,-0.109508216381073,-4.0,16,4,31,0
959,31.967,sea,19,1/8 - YOU,1,0,1,2,-0.19800204038619995,-6.0,15,4,30,0
960,32.0,sea,19,1/8 - YOU,1,0,2,2,-0.27784299850463867,-3.0,17,4,30,0
961,32.033,sea,19,1/8 - YOU,1,0,2,2,-0.3236384689807892,-5.0,12,4,28,0
962,32.067,sea,19,1/8 - YOU,1,0,1,2,-0.40356358885765076,-9.0,13,4,32,0
963,32.1,sea,19,1/8 - YOU,1,0,1,2,-0.4450407922267914,-13.0,12,3,32,0
964,32.133,sea,19,1/8 - YOU,1,0,1,1,-0.4113540053367615,-5.0,10,3,35,0
965,32.167,sea,19,1/8 - YOU,1,0,1,1,-0.2666987180709839,-3.0,11,4,29,0
966,32.2,sea,19,1/8 - YOU,1,0,1,1,-0.033260226249694824,0.0,10,3,29,0
967,32.233,sea,19,1/8 - YOU,1,0,0,1,0.05713266134262085,0.0,10,3,27,0
968,32.267,sea,19,1/8 - YOU,1,0,0,1,0.05726981163024902,0.0,12,4,28,0
969,32.3,sea,19,1/8 - YOU,1,0,0,1,0.05717885494232178,1.0,11,3,27,0
970,32.333,sea,19,1/8 - YOU,1,0,0,1,0.05725353956222534,0.0,14,4,26,0
971,32.367,sea,19,1/8 - YOU,1,0,0,1,0.05705249309539795,-2.0,16,3,25,0
972,32.4,sea,19,1/8 - YOU,1,0,0,1,0.05291348695755005,-4.0,18,3,22,0
973,32.433,sea,19,1/8 - YOU,1,0,1,1,-0.19186484813690186,-7.0,19,4,22,0
974,32.467,sea,19,1/8 - YOU,1,0,1,1,-0.4690327048301697,-26.0,19,4,19,0
975,32.5,sea,20,2/8 - FOUND,7,0,2,2,-0.2903062403202057,-5.0,15,4,27,0
976,32.533,sea,20,2/8 - FOUND,7,0,1,1,-0.4401654899120331,-6.0,15,3,28,0
977,32.567,sea,20,2/8 - FOUND,7,0,1,1,-0.3846072256565094,-10.0,14,3,28,0
978,32.6,sea,20,2/8 - FOUND,7,0,2,1,-0.21032947301864624,-6.0,16,4,30,0
979,32.633,sea,20,2/8 - FOUND,7,0,2,1,-0.10109835863113403,-5.0,14,4,32,0
980,32.667,sea,20,2/8 - FOUND,7,0,1,1,-0.06860154867172241,-5.0,15,4,35,0
981,32.7,sea,20,2/8 - FOUND,7,0,2,1,-0.2542857229709625,-5.0,14,4,36,0
982,32.733,sea,20,2/8 - FOUND,7,0,2,1,-0.28968000411987305,-20.0,17,4,37,0
983,32.767,sea,20,2/8 - FOUND,7,0,2,1,-0.30939435958862305,-29.0,17,4,38,0
984,32.8,sea,20,2/8 - FOUND,7,0,2,1,-0.22224125266075134,-5.0,15,4,36,0
985,32.833,sea,20,2/8 - FOUND,7,0,1,1,-0.24777767062187195,-5.0,14,4,36,0
986,32.867,sea,20,2/8 - FOUND,7,0,1,1,-0.41777515411376953,-5.0,11,3,35,0
987,32.9,sea,20,2/8 - FOUND,7,0,1,1,-0.4825664162635803,-22.0,14,3,35,0
988,32.933,sea,20,2/8 - FOUND,7,0,2,1,-0.328227162361145,-5.0,14,4,29,0
989,32.967,sea,20,2/8 - FOUND,7,0,2,1,-0.15081697702407837,-5.0,15,4,28,0
990,33.0,sea,20,2/8 - FOUND,7,0,1,1,-0.10676836967468262,-5.0,14,3,28,0
991,33.033,sea,20,2/8 - FOUND,7,0,1,1,-0.11149013042449951,-5.0,11,2,27,0
992,33.067,sea,20,2/8 - FOUND,7,0,1,1,-0.12470728158950806,-5.0,18,3,27,0
993,33.1,sea,20,2/8 - FOUND,7,0,1,1,-0.1277133822441101,-5.0,18,4,25,0
994,33.133,sea,20,2/8 - FOUND,7,0,1,1,-0.12311798334121704,-5.0,15,4,25,0
995,33.167,sea,20,2/8 - FOUND,7,0,1,1,-0.11423951387405396,-5.0,12,4,23,0
996,33.2,sea,20,2/8 - FOUND,7,0,1,1,-0.06387704610824585,-5.0,14,4,19,0
997,33.233,sea,20,2/8 - FOUND,7,0,1,1,-0.09467864036560059,-5.0,12,3,19,0
998,33.267,sea,20,2/8 - FOUND,7,0,1,1,-0.06345051527023315,-8.0,18,4,17,0
999,33.3,sea,20,2/8 - FOUND,7,0,1,1,-0.04438275098800659,-8.0,18,4,17,0
1000,33.333,sea,20,2/8 - FOUND,7,0,1,1,-0.02535712718963623,-5.0,19,3,17,0
1001,33.367,sea,20,2/8 - FOUND,7,0,1,1,-0.00020235776901245117,-5.0,14,3,18,0
1002,33.4,sea,20,2/8 - FOUND,7,0,1,1,-0.006221473217010498,-6.0,12,3,18,0
1003,33.433,sea,20,2/8 - FOUND,7,0,1,1,-0.0061304569244384766,-5.0,13,3,16,0
1004,33.467,sea,20,2/8 - FOUND,7,0,1,1,-0.0013828873634338379,-6.0,11,3,14,0
1005,33.5,sea,20,2/8 - FOUND,7,0,1,1,-0.007202208042144775,-5.0,11,3,13,0
1006,33.533,sea,20,2/8 - FOUND,7,0,1,1,-0.01462852954864502,-5.0,12,3,13,0
1007,33.567,sea,20,2/8 - FOUND,7,0,1,1,-0.007271468639373779,-5.0,11,3,13,0
1008,33.6,sea,20,2/8 - FOUND,7,0,2,1,-0.004407942295074463,-6.0,10,3,15,0
1009,33.633,sea,20,2/8 - FOUND,7,0,2,2,-0.005899488925933838,-5.0,11,3,15,0
1010,33.667,sea,20,2/8 - FOUND,7,0,2,1,-0.005966067314147949,-10.0,12,3,15,0
1011,33.7,sea,20,2/8 - FOUND,7,0,0,1,0.010299324989318848,-9.0,13,3,15,0
1012,33.733,sea,20,2/8 - FOUND,7,0,0,1,0.014908313751220703,-8.0,13,3,13,0
1013,33.767,sea,20,2/8 - FOUND,7,0,0,1,0.015083551406860352,-6.0,14,3,12,0
1014,33.8,sea,20,2/8 - FOUND,7,0,1,1,-0.1915755271911621,-5.0,14,3,7,0
1015,33.833,sea,20,2/8 - FOUND,7,0,1,1,-0.2243385910987854,-6.0,14,3,7,0
1016,33.867,sea,20,2/8 - FOUND,7,0,1,1,-0.25107720494270325,-7.0,15,3,7,0
1017,33.9,sea,20,2/8 - FOUND,7,0,1,1,-0.24805206060409546,-6.0,16,4,7,0
1018,33.933,sea,20,2/8 - FOUND,7,0,1,1,-0.25682318210601807,-5.0,16,4,6,0
1019,33.967,sea,20,2/8 - FOUND,7,0,1,1,-0.2830008268356323,-5.0,18,4,6,0
1020,34.0,city,21,3/8 - THE,2,0,2,1,-0.29532140493392944,-25.0,17,4,13,0
1021,34.033,city,21,3/8 - THE,2,0,2,1,-0.3160994052886963,-27.0,15,4,13,0
1022,34.067,city,21,3/8 - THE,2,0,2,1,-0.3160586357116699,-23.0,13,4,13,0
1023,34.1,city,21,3/8 - THE,2,0,2,1,-0.3041958212852478,-18.0,10,3,13,0
1024,34.133,city,21,3/8 - THE,2,0,2,1,-0.29388830065727234,-6.0,9,2,13,0
1025,34.167,city,21,3/8 - THE,2,0,2,1,-0.26441389322280884,-4.0,9,2,13,0
1026,34.2,city,21,3/8 - THE,2,0,2,1,-0.24831557273864746,-12.0,9,2,15,0
1027,34.233,city,21,3/8 - THE,2,0,2,1,-0.22214347124099731,-10.0,8,2,14,0
1028,34.267,city,21,3/8 - THE,2,0,2,1,-0.18400788307189941,-7.0,8,2,14,0
1029,34.3,city,21,3/8 - THE,2,0,2,1,-0.1562613844871521,-2.0,7,2,14,0
1030,34.333,city,21,3/8 - THE,2,0,2,0,-0.11811357736587524,-38.0,7,2,13,0
1031,34.367,city,21,3/8 - THE,2,0,2,0,-0.10957205295562744,-41.0,8,2,11,0
1032,34.4,city,21,3/8 - THE,2,0,1,0,-0.10424989461898804,-40.0,8,3,8,0
1033,34.433,city,21,3/8 - THE,2,0,1,0,-0.09589982032775879,-50.0,9,3,8,0
1034,34.467,city,21,3/8 - THE,2,0,1,0,-0.09316402673721313,-49.0,10,3,7,0
1035,34.5,city,21,3/8 - THE,2,0,1,0,-0.09795504808425903,-47.0,9,3,7,0
1036,34.533,city,21,3/8 - THE,2,0,1,0,-0.09217649698257446,-20.0,5,2,7,0
1037,34.567,city,21,3/8 - THE,2,0,1,0,-0.09089279174804688,-17.0,7,2,10,0
1038,34.6,city,21,3/8 - THE,2,0,1,0,-0.08975178003311157,-15.0,8,2,10,0
1039,34.633,city,21,3/8 - THE,2,0,1,0,-0.15207481384277344,-14.0,8,2,10,0
1040,34.667,city,21,3/8 - THE,2,0,1,0,-0.22014933824539185,-15.0,8,2,10,0
1041,34.7,city,21,3/8 - THE,2,0,1,0,-0.2203693985939026,-14.0,8,2,13,0
1042,34.733,city,21,3/8 - THE,2,1,1,0,-0.221784770488739,-24.0,10,2,14,0
1043,34.767,city,21,3/8 - THE,2,0,1,0,-0.22873163223266602,-24.0,11,3,13,0
1044,34.8,city,21,3/8 - THE,2,0,1,1,-0.22696435451507568,-22.0,12,3,13,0
1045,34.833,city,21,3/8 - THE,2,0,1,1,-0.22115039825439453,-20.0,9,2,13,0
1046,34.867,city,21,3/8 - THE,2,0,1,1,-0.22855913639068604,-19.0,11,2,13,0
1047,34.9,city,21,3/8 - THE,2,0,1,1,-0.22848033905029297,-23.0,13,3,13,0
1048,34.933,city,21,3/8 - THE,2,0,1,1,-0.22530853748321533,-23.0,10,3,14,0
1049,34.967,city,21,3/8 - THE,2,0,1,0,-0.2250083088874817,-18.0,10,3,18,0
1050,35.0,city,21,3/8 - THE,2,0,1,0,-0.22177940607070923,-15.0,10,3,19,0
1051,35.033,city,21,3/8 - THE,2,0,1,0,-0.2228185534477234,-13.0,10,3,19,0
1052,35.067,city,21,3/8 - THE,2,0,1,0,-0.22228604555130005,-12.0,8,2,19,0
1053,35.1,city,21,3/8 - THE,2,0,2,0,-0.2642210125923157,-12.0,12,3,20,0
1054,35.133,city,21,3/8 - THE,2,0,2,1,-0.3745497167110443,-36.0,11,3,22,0
1055,35.167,city,21,3/8 - THE,2,0,2,0,-0.12059265375137329,-16.0,11,2,26,0
1056,35.2,city,21,3/8 - THE,2,0,1,0,-0.03694963455200195,-21.0,8,2,36,0
1057,35.233,city,21,3/8 - THE,2,0,0,0,0.05361032485961914,-15.0,4,1,39,0
1058,35.267,city,21,3/8 - THE,2,0,0,0,0.02143406867980957,-6.0,8,3,42,0
1059,35.3,city,21,3/8 - THE,2,0,0,1,0.008348703384399414,-11.0,8,3,42,0
1060,35.333,city,21,3/8 - THE,2,0,1,1,-0.06909739971160889,-20.0,13,4,42,0
1061,35.367,city,21,3/8 - THE,2,0,1,1,-0.03188967704772949,-9.0,8,3,42,0
1062,35.4,city,21,3/8 - THE,2,0,1,1,-0.03130829334259033,-11.0,8,3,42,0
1063,35.433,city,21,3/8 - THE,2,0,1,1,-0.052764058113098145,-14.0,9,3,40,0
1064,35.467,city,21,3/8 - THE,2,0,1,1,-0.08564668893814087,-18.0,10,3,39,0
1065,35.5,city,22,4/8 - MESSAGE,7,0,1,1,-0.10944026708602905,-11.0,16,3,11,0
1066,35.533,city,22,4/8 - MESSAGE,7,0,1,1,-0.11331039667129517,-11.0,13,4,13,0
1067,35.567,city,22,4/8 - MESSAGE,7,0,1,1,-0.11850351095199585,-11.0,11,3,13,0
1068,35.6,city,22,4/8 - MESSAGE,7,0,1,1,-0.10741353034973145,-11.0,13,3,13,0
1069,35.633,city,22,4/8 - MESSAGE,7,0,1,1,-0.10840386152267456,-11.0,14,3,13,0
1070,35.667,city,22,4/8 - MESSAGE,7,0,1,1,-0.11223858594894409,-11.0,14,3,13,0
1071,35.7,city,22,4/8 - MESSAGE,7,0,1,1,-0.11740177869796753,-11.0,15,3,13,0
1072,35.733,city,22,4/8 - MESSAGE,7,0,1,1,-0.12186276912689209,-11.0,13,3,14,0
1073,35.767,city,22,4/8 - MESSAGE,7,0,1,1,-0.12343448400497437,-11.0,9,2,17,0
1074,35.8,city,22,4/8 - MESSAGE,7,0,1,1,-0.13222461938858032,-11.0,8,2,17,0
1075,35.833,city,22,4/8 - MESSAGE,7,0,1,1,-0.12183833122253418,-11.0,9,3,16,0
1076,35.867,city,22,4/8 - MESSAGE,7,0,1,1,-0.1261214017868042,-11.0,9,3,15,0
1077,35.9,city,22,4/8 - MESSAGE,7,0,1,1,-0.1289549469947815,-11.0,17,3,15,0
1078,35.933,city,22,4/8 - MESSAGE,7,0,1,1,-0.13829118013381958,-11.0,21,3,12,0
1079,35.967,city,22,4/8 - MESSAGE,7,0,1,1,-0.12039840221405029,-11.0,24,4,12,0
1080,36.0,city,22,4/8 - MESSAGE,7,0,1,1,-0.12025576829910278,-11.0,19,4,12,0
1081,36.033,city,22,4/8 - MESSAGE,7,0,1,1,-0.11820191144943237,-11.0,21,4,10,0
1082,36.067,city,22,4/8 - MESSAGE,7,0,1,1,-0.11819648742675781,-11.0,18,4,10,0
1083,36.1,city,22,4/8 - MESSAGE,7,0,1,1,-0.1182100772857666,-11.0,16,4,10,0
1084,36.133,city,22,4/8 - MESSAGE,7,0,1,1,-0.11802124977111816,-11.0,16,4,10,0
1085,36.167,city,22,4/8 - MESSAGE,7,0,1,1,-0.11473256349563599,-12.0,19,4,9,0
1086,36.2,city,22,4/8 - MESSAGE,7,0,1,1,-0.1108095645904541,-12.0,18,3,3,0
1087,36.233,city,22,4/8 - MESSAGE,7,0,1,1,-0.10734021663665771,-12.0,15,3,3,0
1088,36.267,city,22,4/8 - MESSAGE,7,0,1,1,-0.1023331880569458,-12.0,13,4,1,0
1089,36.3,city,22,4/8 - MESSAGE,7,0,2,1,-0.10772055387496948,-12.0,13,4,1,0
1090,36.333,city,22,4/8 - MESSAGE,7,0,2,1,-0.10450118780136108,-12.0,13,4,1,0
1091,36.367,city,22,4/8 - MESSAGE,7,0,2,1,-0.14709359407424927,-12.0,13,4,1,0
1092,36.4,city,22,4/8 - MESSAGE,7,0,2,1,-0.20318299531936646,-12.0,12,4,0,0
1093,36.433,city,22,4/8 - MESSAGE,7,0,2,1,-0.20299142599105835,-12.0,12,4,0,0
1094,36.467,city,22,4/8 - MESSAGE,7,0,2,1,-0.2013314664363861,-12.0,13,4,0,0
1095,36.5,city,22,4/8 - MESSAGE,7,0,2,1,-0.20095112919807434,-12.0,12,4,0,0
1096,36.533,city,22,4/8 - MESSAGE,7,0,2,1,-0.1977372169494629,-12.0,13,4,0,0
1097,36.567,city,22,4/8 - MESSAGE,7,0,2,1,-0.19758909940719604,-12.0,13,4,0,0
1098,36.6,city,22,4/8 - MESSAGE,7,0,2,1,-0.19740843772888184,-12.0,13,4,0,0
1099,36.633,city,22,4/8 - MESSAGE,7,0,2,1,-0.19724410772323608,-12.0,13,4,0,0
1100,36.667,city,22,4/8 - MESSAGE,7,0,2,1,-0.19563305377960205,-12.0,13,4,0,0
1101,36.7,city,22,4/8 - MESSAGE,7,0,2,1,-0.19543200731277466,-12.0,14,4,0,0
1102,36.733,city,22,4/8 - MESSAGE,7,0,2,1,-0.19533556699752808,-12.0,14,4,0,0
1103,36.767,city,22,4/8 - MESSAGE,7,0,2,1,-0.19528120756149292,-12.0,13,3,0,0
1104,36.8,city,22,4/8 - MESSAGE,7,0,2,1,-0.19509923458099365,-12.0,13,3,0,0
1105,36.833,city,22,4/8 - MESSAGE,7,0,2,1,-0.19782140851020813,-12.0,13,3,0,0
1106,36.867,city,22,4/8 - MESSAGE,7,0,2,1,-0.19760814309120178,-12.0,13,3,0,0
1107,36.9,city,22,4/8 - MESSAGE,7,0,2,1,-0.1974288523197174,-12.0,13,3,0,0
1108,36.933,city,22,4/8 - MESSAGE,7,0,2,1,-0.19730523228645325,-12.0,13,3,0,0
1109,36.967,city,22,4/8 - MESSAGE,7,0,2,1,-0.19703218340873718,-12.0,13,3,0,0
1110,37.0,city,23,5/8 - HIDDEN,0,0,1,0,-0.45806366205215454,-11.0,17,3,0,0
1111,37.033,city,23,5/8 - HIDDEN,0,0,1,0,-0.4461125433444977,-11.0,17,3,0,0
1112,37.067,city,23,5/8 - HIDDEN,0,0,1,0,-0.444561243057251,-11.0,17,3,0,0
1113,37.1,city,23,5/8 - HIDDEN,0,0,1,0,-0.4415605664253235,-11.0,17,3,0,0
1114,37.133,city,23,5/8 - HIDDEN,0,0,1,0,-0.43415871262550354,-11.0,17,3,0,0
1115,37.167,city,23,5/8 - HIDDEN,0,0,1,0,-0.43859657645225525,-11.0,17,3,0,0
1116,37.2,city,23,5/8 - HIDDEN,0,0,1,0,-0.4340703785419464,-11.0,17,3,0,0
1117,37.233,city,23,5/8 - HIDDEN,0,0,1,0,-0.43397805094718933,-11.0,17,3,0,0
1118,37.267,city,23,5/8 - HIDDEN,0,0,1,0,-0.42655983567237854,-11.0,17,3,0,0
1119,37.3,city,23,5/8 - HIDDEN,0,0,1,0,-0.4265489876270294,-11.0,17,3,0,0
1120,37.333,city,23,5/8 - HIDDEN,0,0,1,0,-0.42656388878822327,-11.0,17,3,0,0
1121,37.367,city,23,5/8 - HIDDEN,0,0,1,0,-0.4265802204608917,-11.0,17,3,0,0
1122,37.4,city,23,5/8 - HIDDEN,0,0,1,0,-0.42657479643821716,-11.0,17,3,0,0
1123,37.433,city,23,5/8 - HIDDEN,0,0,1,0,-0.42656388878822327,-11.0,17,3,0,0
1124,37.467,city,23,5/8 - HIDDEN,0,0,1,0,-0.4265625774860382,-11.0,17,3,0,0
1125,37.5,city,23,5/8 - HIDDEN,0,0,1,0,-0.4265693724155426,-11.0,17,3,0,0
1126,37.533,city,23,5/8 - HIDDEN,0,0,1,0,-0.42661282420158386,-11.0,17,3,0,0
1127,37.567,city,23,5/8 - HIDDEN,0,0,1,0,-0.4266345798969269,-11.0,17,3,0,0
1128,37.6,city,23,5/8 - HIDDEN,0,0,1,0,-0.4266494810581207,-11.0,17,3,0,0
1129,37.633,city,23,5/8 - HIDDEN,0,0,1,0,-0.42665085196495056,-11.0,17,3,0,0
1130,37.667,city,23,5/8 - HIDDEN,0,0,1,0,-0.42667391896247864,-11.0,17,3,0,0
1131,37.7,city,23,5/8 - HIDDEN,0,0,1,0,-0.42668619751930237,-11.0,17,3,0,0
1132,37.733,city,23,5/8 - HIDDEN,0,0,1,0,-0.4267255961894989,-11.0,17,3,0,0
1133,37.767,city,23,5/8 - HIDDEN,0,0,1,0,-0.4267078936100006,-11.0,17,3,0,0
1134,37.8,city,23,5/8 - HIDDEN,0,0,1,0,-0.42674049735069275,-11.0,17,3,0,0
1135,37.833,city,23,5/8 - HIDDEN,0,0,1,0,-0.4267527163028717,-11.0,17,3,0,0
1136,37.867,city,23,5/8 - HIDDEN,0,0,1,0,-0.42674049735069275,-11.0,17,3,0,0
1137,37.9,city,23,5/8 - HIDDEN,0,0,1,0,-0.42679211497306824,-11.0,17,3,0,0
1138,37.933,city,23,5/8 - HIDDEN,0,0,1,0,-0.4267948567867279,-11.0,17,3,0,0
1139,37.967,city,23,5/8 - HIDDEN,0,0,1,0,-0.42681655287742615,-11.0,17,3,0,0
1140,38.0,city,23,5/8 - HIDDEN,0,0,1,0,-0.42690351605415344,-11.0,17,3,0,0
1141,38.033,city,23,5/8 - HIDDEN,0,0,1,0,-0.4269062578678131,-11.0,17,3,0,0
1142,38.067,city,23,5/8 - HIDDEN,0,0,1,0,-0.4268437325954437,-11.0,17,3,0,0
1143,38.1,city,23,5/8 - HIDDEN,0,0,1,0,-0.42685869336128235,-11.0,17,3,0,0
1144,38.133,city,23,5/8 - HIDDEN,0,0,1,0,-0.4268709123134613,-11.0,17,3,0,0
1145,38.167,city,23,5/8 - HIDDEN,0,0,1,0,-0.4268845021724701,-11.0,17,3,0,0
1146,38.2,city,23,5/8 - HIDDEN,0,0,1,0,-0.4268858730792999,-11.0,17,3,0,0
1147,38.233,city,23,5/8 - HIDDEN,0,0,1,0,-0.4268845021724701,-11.0,17,3,0,0
1148,38.267,city,23,5/8 - HIDDEN,0,0,1,0,-0.42689672112464905,-11.0,17,3,0,0
1149,38.3,city,23,5/8 - HIDDEN,0,0,1,0,-0.4267948567867279,-11.0,17,3,0,0
1150,38.333,city,23,5/8 - HIDDEN,0,0,1,0,-0.4268016517162323,-11.0,17,3,0,0
1151,38.367,city,23,5/8 - HIDDEN,0,0,1,0,-0.4268043339252472,-11.0,17,3,0,0
1152,38.4,city,23,5/8 - HIDDEN,0,0,1,0,-0.4268192946910858,-11.0,17,3,0,0
1153,38.433,city,23,5/8 - HIDDEN,0,0,1,0,-0.426805704832077,-11.0,17,3,0,0
1154,38.467,city,23,5/8 - HIDDEN,0,0,1,0,-0.42683693766593933,-11.0,17,3,0,0
1155,38.5,city,24,6/8 - INSIDE,0,0,1,0,-0.015071332454681396,-11.0,13,3,17,0
1156,38.533,city,24,6/8 - INSIDE,0,0,1,0,-0.015101253986358643,-11.0,13,3,17,0
1157,38.567,city,24,6/8 - INSIDE,0,0,1,0,-0.015106678009033203,-11.0,13,3,17,0
1158,38.6,city,24,6/8 - INSIDE,0,0,1,0,-0.015143334865570068,-11.0,13,3,17,0
1159,38.633,city,24,6/8 - INSIDE,0,0,1,0,-0.00481414794921875,-11.0,12,2,17,0
1160,38.667,city,24,6/8 - INSIDE,0,0,0,0,0.008454680442810059,-11.0,13,3,17,0
1161,38.7,city,24,6/8 - INSIDE,0,0,0,0,0.03360527753829956,-11.0,12,2,17,0
1162,38.733,city,24,6/8 - INSIDE,0,0,1,0,-0.03082329034805298,-11.0,12,2,17,0
1163,38.767,city,24,6/8 - INSIDE,0,0,1,0,-0.21221628785133362,-11.0,12,2,17,0
1164,38.8,city,24,6/8 - INSIDE,0,0,1,0,-0.32108333706855774,-11.0,15,3,17,0
1165,38.833,city,24,6/8 - INSIDE,0,0,1,0,-0.3885112702846527,-11.0,15,4,10,0
1166,38.867,city,24,6/8 - INSIDE,0,0,1,0,-0.38852623105049133,-11.0,15,4,10,0
1167,38.9,city,24,6/8 - INSIDE,0,0,1,0,-0.3885520398616791,-11.0,15,4,10,0
1168,38.933,city,24,6/8 - INSIDE,0,0,1,0,-0.3886009156703949,-11.0,15,4,10,0
1169,38.967,city,24,6/8 - INSIDE,0,0,1,0,-0.3885873258113861,-11.0,15,4,10,0
1170,39.0,city,24,6/8 - INSIDE,0,0,1,0,-0.38856831192970276,-11.0,15,4,10,0
1171,39.033,city,24,6/8 - INSIDE,0,0,1,0,-0.3886769711971283,-11.0,16,4,11,0
1172,39.067,city,24,6/8 - INSIDE,0,0,1,0,-0.3887747824192047,-11.0,15,4,11,0
1173,39.1,city,24,6/8 - INSIDE,0,0,1,0,-0.3887843191623688,-11.0,15,4,11,0
1174,39.133,city,24,6/8 - INSIDE,0,0,1,0,-0.3152313828468323,-11.0,15,3,16,0
1175,39.167,city,24,6/8 - INSIDE,0,0,1,0,-0.19876277446746826,-11.0,13,3,16,0
1176,39.2,city,24,6/8 - INSIDE,0,0,1,0,-0.002492666244506836,-11.0,13,3,16,0
1177,39.233,city,24,6/8 - INSIDE,0,0,0,0,0.008826851844787598,-11.0,13,3,16,0
1178,39.267,city,24,6/8 - INSIDE,0,0,1,0,-0.0045424699783325195,-11.0,13,3,16,0
1179,39.3,city,24,6/8 - INSIDE,0,0,1,0,-0.0562320351600647,-11.0,13,3,16,0
1180,39.333,city,24,6/8 - INSIDE,0,0,1,0,-0.06957554817199707,-11.0,15,4,18,0
1181,39.367,city,24,6/8 - INSIDE,0,0,1,0,-0.06960815191268921,-11.0,14,4,18,0
1182,39.4,city,24,6/8 - INSIDE,0,0,1,0,-0.06958776712417603,-11.0,13,4,18,0
1183,39.433,city,24,6/8 - INSIDE,0,0,1,0,-0.056203484535217285,-11.0,12,3,18,0
1184,39.467,city,24,6/8 - INSIDE,0,0,1,0,-0.06956875324249268,-11.0,14,4,18,0
1185,39.5,city,24,6/8 - INSIDE,0,0,1,0,-0.06956470012664795,-11.0,13,4,18,0
1186,39.533,city,24,6/8 - INSIDE,0,0,1,0,-0.06958502531051636,-11.0,15,4,18,0
1187,39.567,city,24,6/8 - INSIDE,0,0,1,0,-0.0695456862449646,-11.0,13,4,18,0
1188,39.6,city,24,6/8 - INSIDE,0,0,1,0,-0.06953614950180054,-11.0,14,4,18,0
1189,39.633,city,24,6/8 - INSIDE,0,0,1,0,-0.06941390037536621,-11.0,13,4,18,0
1190,39.667,city,24,6/8 - INSIDE,0,0,1,0,-0.06935006380081177,-11.0,15,4,18,0
1191,39.7,city,24,6/8 - INSIDE,0,0,1,0,-0.06934189796447754,-11.0,13,4,18,0
1192,39.733,city,24,6/8 - INSIDE,0,0,1,0,-0.06924271583557129,-11.0,14,4,18,0
1193,39.767,city,24,6/8 - INSIDE,0,0,1,0,-0.06918567419052124,-11.0,13,4,21,1
1194,39.8,city,24,6/8 - INSIDE,0,0,1,0,-0.06904846429824829,-11.0,12,4,21,1
1195,39.833,city,24,6/8 - INSIDE,0,0,1,0,-0.06900501251220703,-11.0,13,4,21,1
1196,39.867,city,24,6/8 - INSIDE,0,0,1,0,-0.06896835565567017,-11.0,12,4,21,1
1197,39.9,city,24,6/8 - INSIDE,0,0,1,0,-0.06885969638824463,-11.0,13,4,21,1
1198,39.933,city,24,6/8 - INSIDE,0,0,1,0,-0.06889361143112183,-11.0,15,4,21,1
1199,39.967,city,24,6/8 - INSIDE,0,0,1,0,-0.06880128383636475,-11.0,17,4,21,1
1200,40.0,city,25,7/8 - THIS,5,0,2,1,-0.30331283807754517,-22.0,15,4,14,0
1201,40.033,city,25,7/8 - THIS,5,0,2,1,-0.30320417881011963,-22.0,15,4,15,0
1202,40.067,city,25,7/8 - THIS,5,0,2,1,-0.3032069206237793,-22.0,14,4,15,0
1203,40.1,city,25,7/8 - THIS,5,0,2,1,-0.30317431688308716,-22.0,14,4,15,0
1204,40.133,city,25,7/8 - THIS,5,0,2,1,-0.3030533790588379,-22.0,14,4,15,0
1205,40.167,city,25,7/8 - THIS,5,0,2,1,-0.30310094356536865,-22.0,13,3,15,0
1206,40.2,city,25,7/8 - THIS,5,0,2,1,-0.3030737638473511,-22.0,14,4,15,0
1207,40.233,city,25,7/8 - THIS,5,0,2,1,-0.30304116010665894,-22.0,14,4,15,0
1208,40.267,city,25,7/8 - THIS,5,0,2,1,-0.3031485080718994,-22.0,14,4,16,0
1209,40.3,city,25,7/8 - THIS,5,0,2,1,-0.30313897132873535,-22.0,14,4,16,0
1210,40.333,city,25,7/8 - THIS,5,0,2,1,-0.30307918787002563,-22.0,14,4,16,0
1211,40.367,city,25,7/8 - THIS,5,0,2,1,-0.3031131625175476,-22.0,13,4,16,0
1212,40.4,city,25,7/8 - THIS,5,0,2,1,-0.30325716733932495,-22.0,12,3,16,0
1213,40.433,city,25,7/8 - THIS,5,0,2,1,-0.303189218044281,-22.0,13,4,16,0
1214,40.467,city,25,7/8 - THIS,5,0,2,1,-0.30317699909210205,-22.0,14,4,16,0
1215,40.5,city,25,7/8 - THIS,5,0,2,1,-0.30322182178497314,-22.0,14,4,16,0
1216,40.533,city,25,7/8 - THIS,5,0,2,1,-0.3032653331756592,-25.0,15,3,16,0
1217,40.567,city,25,7/8 - THIS,5,0,2,1,-0.303280234336853,-22.0,13,3,16,0
1218,40.6,city,25,7/8 - THIS,5,0,2,1,-0.30321913957595825,-22.0,13,3,16,0
1219,40.633,city,25,7/8 - THIS,5,0,2,1,-0.3031553030014038,-22.0,13,3,16,0
1220,40.667,city,25,7/8 - THIS,5,0,2,1,-0.303210973739624,-22.0,14,4,16,0
1221,40.7,city,25,7/8 - THIS,5,0,2,1,-0.30322182178497314,-22.0,13,3,16,0
1222,40.733,city,25,7/8 - THIS,5,0,2,1,-0.3032625913619995,-22.0,13,3,15,0
1223,40.767,city,25,7/8 - THIS,5,0,2,1,-0.30330604314804077,-22.0,14,4,14,0
1224,40.8,city,25,7/8 - THIS,5,0,2,1,-0.30323952436447144,-22.0,14,4,14,0
1225,40.833,city,25,7/8 - THIS,5,0,2,1,-0.30266082286834717,-22.0,15,4,14,0
1226,40.867,city,25,7/8 - THIS,5,0,2,1,-0.38631880283355713,-22.0,16,4,14,0
1227,40.9,city,25,7/8 - THIS,5,0,2,1,-0.47765305638313293,-22.0,18,4,10,0
1228,40.933,city,25,7/8 - THIS,5,0,2,1,-0.4776666462421417,-22.0,18,4,10,0
1229,40.967,city,25,7/8 - THIS,5,0,2,1,-0.4822186827659607,-22.0,18,4,10,0
1230,41.0,city,25,7/8 - THIS,5,0,2,1,-0.4851663410663605,-22.0,19,4,10,0
1231,41.033,city,25,7/8 - THIS,5,0,2,1,-0.48542311787605286,-22.0,18,4,11,0
1232,41.067,city,25,7/8 - THIS,5,0,2,1,-0.4870681166648865,-22.0,18,4,11,0
1233,41.1,city,25,7/8 - THIS,5,0,2,1,-0.48717814683914185,-22.0,18,4,11,0
1234,41.133,city,25,7/8 - THIS,5,0,2,1,-0.4886791706085205,-22.0,18,4,11,0
1235,41.167,city,25,7/8 - THIS,5,0,2,1,-0.4885881543159485,-22.0,20,4,11,0
1236,41.2,city,25,7/8 - THIS,5,0,2,1,-0.48718899488449097,-22.0,20,4,11,0
1237,41.233,city,25,7/8 - THIS,5,0,2,1,-0.48580482602119446,-22.0,21,4,11,0
1238,41.267,city,25,7/8 - THIS,5,0,2,1,-0.4861009418964386,-46.0,23,4,14,0
1239,41.3,city,25,7/8 - THIS,5,1,2,1,-0.4930354952812195,-56.0,22,4,17,0
1240,41.333,city,25,7/8 - THIS,5,1,2,1,-0.48727867007255554,-51.0,22,4,17,0
1241,41.367,city,25,7/8 - THIS,5,0,2,1,-0.48240333795547485,-14.0,22,4,14,0
1242,41.4,city,25,7/8 - THIS,5,0,2,1,-0.47073885798454285,-14.0,22,4,14,0
1243,41.433,city,25,7/8 - THIS,5,0,2,1,-0.4708380401134491,-14.0,19,4,14,0
1244,41.467,city,25,7/8 - THIS,5,0,2,1,-0.46793651580810547,-14.0,18,4,14,0
1245,41.5,city,26,8/8 - FILM,7,0,1,1,-0.16641533374786377,-12.0,12,3,9,0
1246,41.533,city,26,8/8 - FILM,7,0,1,0,-0.1680305004119873,-12.0,13,3,9,0
1247,41.567,city,26,8/8 - FILM,7,0,1,0,-0.16520774364471436,-12.0,13,4,9,0
1248,41.6,city,26,8/8 - FILM,7,0,1,1,-0.16378825902938843,-12.0,12,3,9,0
1249,41.633,city,26,8/8 - FILM,7,0,1,1,-0.16079843044281006,-12.0,13,4,9,0
1250,41.667,city,26,8/8 - FILM,7,0,1,0,-0.16519010066986084,-12.0,14,4,9,0
1251,41.7,city,26,8/8 - FILM,7,0,1,1,-0.16650909185409546,-12.0,16,4,9,0
1252,41.733,city,26,8/8 - FILM,7,0,1,1,-0.26372793316841125,-12.0,17,4,9,0
1253,41.767,city,26,8/8 - FILM,7,0,1,1,-0.39451807737350464,-12.0,18,4,9,0
1254,41.8,city,26,8/8 - FILM,7,0,1,1,-0.43677496910095215,-12.0,19,4,9,0
1255,41.833,city,26,8/8 - FILM,7,0,1,1,-0.49698299169540405,-12.0,20,4,3,0
1256,41.867,city,26,8/8 - FILM,7,0,1,1,-0.49701428413391113,-12.0,20,4,3,0
1257,41.9,city,26,8/8 - FILM,7,0,1,1,-0.4971066117286682,-12.0,20,4,3,0
1258,41.933,city,26,8/8 - FILM,7,0,1,1,-0.4970645308494568,-12.0,20,4,3,0
1259,41.967,city,26,8/8 - FILM,7,0,1,1,-0.4971311092376709,-12.0,20,4,3,0
1260,42.0,city,26,8/8 - FILM,7,0,1,1,-0.49710118770599365,-12.0,20,4,3,0
1261,42.033,city,26,8/8 - FILM,7,0,1,1,-0.4971093535423279,-12.0,20,4,3,0
1262,42.067,city,26,8/8 - FILM,7,0,1,1,-0.4971867799758911,-12.0,20,4,3,0
1263,42.1,city,26,8/8 - FILM,7,0,1,1,-0.49719494581222534,-12.0,20,4,3,0
1264,42.133,city,26,8/8 - FILM,7,0,1,1,-0.49719899892807007,-12.0,20,4,3,0
1265,42.167,city,26,8/8 - FILM,7,0,1,1,-0.4972221255302429,-12.0,20,4,3,0
1266,42.2,city,26,8/8 - FILM,7,0,1,1,-0.4972248077392578,-12.0,20,4,3,0
1267,42.233,city,26,8/8 - FILM,7,0,1,1,-0.4972221255302429,-12.0,20,4,3,0
1268,42.267,city,26,8/8 - FILM,7,0,1,1,-0.49720174074172974,-12.0,20,4,3,0
1269,42.3,city,26,8/8 - FILM,7,0,1,1,-0.49717724323272705,-12.0,20,4,3,0
1270,42.333,city,26,8/8 - FILM,7,0,1,1,-0.4971786141395569,-12.0,21,4,3,0
1271,42.367,city,26,8/8 - FILM,7,0,1,1,-0.49725061655044556,-12.0,21,4,3,0
1272,42.4,city,26,8/8 - FILM,7,0,1,1,-0.4972153306007385,-12.0,21,4,3,0
1273,42.433,city,26,8/8 - FILM,7,0,1,1,-0.4972139596939087,-12.0,22,4,3,0
1274,42.467,city,26,8/8 - FILM,7,0,1,1,-0.49716097116470337,-12.0,22,4,3,0
1275,42.5,city,26,8/8 - FILM,7,0,1,1,-0.4971650242805481,-12.0,22,4,3,0
1276,42.533,city,26,8/8 - FILM,7,0,1,1,-0.49720853567123413,-12.0,22,4,3,0
1277,42.567,city,26,8/8 - FILM,7,0,1,1,-0.4972180128097534,-12.0,21,4,3,0
1278,42.6,city,26,8/8 - FILM,7,0,1,1,-0.4972248077392578,-12.0,21,4,3,0
1279,42.633,city,26,8/8 - FILM,7,0,1,1,-0.49727100133895874,-12.0,21,4,3,0
1280,42.667,city,26,8/8 - FILM,7,0,1,1,-0.4972900152206421,-12.0,21,4,3,0
1281,42.7,city,26,8/8 - FILM,7,0,1,1,-0.49727779626846313,-12.0,21,4,3,0
1282,42.733,city,26,8/8 - FILM,7,0,1,1,-0.4972900152206421,-12.0,20,4,3,0
1283,42.767,city,26,8/8 - FILM,7,0,1,1,-0.4972968101501465,-12.0,20,4,3,0
1284,42.8,city,26,8/8 - FILM,7,0,1,1,-0.49725741147994995,-12.0,20,4,3,0
1285,42.833,city,26,8/8 - FILM,7,0,1,1,-0.4970659017562866,-12.0,20,4,3,0
1286,42.867,city,26,8/8 - FILM,7,0,1,1,-0.49682003259658813,-12.0,19,4,3,0
1287,42.9,city,26,8/8 - FILM,7,0,1,1,-0.49666106700897217,-12.0,22,4,3,0
1288,42.933,city,26,8/8 - FILM,7,0,1,1,-0.4965578317642212,-12.0,22,4,1,0
1289,42.967,city,26,8/8 - FILM,7,0,1,1,-0.49659180641174316,-12.0,22,4,1,0
1290,43.0,city,27,1/8 - YOU,0,0,1,1,-0.08166384696960449,-9.0,17,4,7,0
1291,43.033,city,27,1/8 - YOU,0,0,1,1,-0.08166384696960449,-9.0,17,4,7,0
1292,43.067,city,27,1/8 - YOU,0,0,1,1,-0.08162856101989746,-8.0,17,4,7,0
1293,43.1,city,27,1/8 - YOU,0,0,1,1,-0.08162444829940796,-8.0,17,4,7,0
1294,43.133,city,27,1/8 - YOU,0,0,1,1,-0.0815851092338562,-5.0,17,4,7,0
1295,43.167,city,27,1/8 - YOU,0,0,1,1,-0.0815877914428711,-5.0,17,4,7,0
1296,43.2,city,27,1/8 - YOU,0,0,1,1,-0.0815809965133667,-5.0,17,4,7,0
1297,43.233,city,27,1/8 - YOU,0,0,1,1,-0.08157962560653687,-5.0,17,4,7,0
1298,43.267,city,27,1/8 - YOU,0,0,1,1,-0.0815742015838623,-5.0,17,4,7,0
1299,43.3,city,27,1/8 - YOU,0,0,1,1,-0.08152669668197632,-5.0,17,4,7,0
1300,43.333,city,27,1/8 - YOU,0,0,1,1,-0.08152937889099121,-5.0,17,4,7,0
1301,43.367,city,27,1/8 - YOU,0,0,1,1,-0.08151715993881226,-5.0,17,4,7,0
1302,43.4,city,27,1/8 - YOU,0,0,1,1,-0.08151990175247192,-5.0,17,4,7,0
1303,43.433,city,27,1/8 - YOU,0,0,1,1,-0.08151990175247192,-5.0,17,4,7,0
1304,43.467,city,27,1/8 - YOU,0,0,1,1,-0.08151853084564209,-5.0,17,4,7,0
1305,43.5,city,27,1/8 - YOU,0,0,1,1,-0.08152121305465698,-5.0,17,4,7,0
1306,43.533,city,27,1/8 - YOU,0,0,1,1,-0.08152532577514648,-5.0,17,4,7,0
1307,43.567,city,27,1/8 - YOU,0,0,1,1,-0.0814695954322815,-5.0,18,4,7,0
1308,43.6,city,27,1/8 - YOU,0,1,1,1,-0.08147776126861572,-5.0,16,4,7,0
1309,43.633,city,27,1/8 - YOU,0,1,1,1,-0.08147233724594116,-5.0,16,4,7,0
1310,43.667,city,27,1/8 - YOU,0,1,1,1,-0.081473708152771,-5.0,17,4,7,0
1311,43.7,city,27,1/8 - YOU,0,0,1,1,-0.08126175403594971,-5.0,19,4,4,0
1312,43.733,city,27,1/8 - YOU,0,0,1,1,-0.08126175403594971,-5.0,19,4,4,0
1313,43.767,city,27,1/8 - YOU,0,0,1,1,-0.08126175403594971,-5.0,19,4,4,0
1314,43.8,city,27,1/8 - YOU,0,1,1,1,-0.08152800798416138,-5.0,16,4,7,0
1315,43.833,city,27,1/8 - YOU,0,1,1,1,-0.08153891563415527,-5.0,16,4,7,0
1316,43.867,city,27,1/8 - YOU,0,1,1,1,-0.08137315511703491,-5.0,18,4,6,0
1317,43.9,city,27,1/8 - YOU,0,0,1,1,-0.08132833242416382,-5.0,18,4,5,0
1318,43.933,city,27,1/8 - YOU,0,0,1,1,-0.08138811588287354,-5.0,19,4,5,0
1319,43.967,city,27,1/8 - YOU,0,0,1,1,-0.08139896392822266,-5.0,17,4,5,0
1320,44.0,eye,27,1/8 - YOU,0,0,1,1,-0.08213794231414795,-5.0,17,4,5,0
1321,44.033,eye,27,1/8 - YOU,0,0,1,1,-0.08212167024612427,-5.0,17,4,5,0
1322,44.067,eye,27,1/8 - YOU,0,0,1,1,-0.08354657888412476,-5.0,17,4,5,0
1323,44.1,eye,27,1/8 - YOU,0,0,1,1,-0.0689697265625,-10.0,16,4,5,0
1324,44.133,eye,27,1/8 - YOU,0,0,1,1,-0.05940115451812744,-12.0,15,4,5,0
1325,44.167,eye,27,1/8 - YOU,0,0,1,0,-0.03976559638977051,-29.0,11,4,5,0
1326,44.2,eye,27,1/8 - YOU,0,0,1,0,-0.02038675546646118,-27.0,10,4,5,0
1327,44.233,eye,27,1/8 - YOU,0,0,1,0,-0.015559017658233643,-27.0,4,2,5,0
1328,44.267,eye,27,1/8 - YOU,0,0,1,0,-0.0008829236030578613,-18.0,4,2,5,0
1329,44.3,eye,27,1/8 - YOU,0,0,0,0,0.0059334635734558105,-16.0,6,2,4,0
1330,44.333,eye,27,1/8 - YOU,0,0,0,0,0.05461150407791138,10.0,3,1,3,0
1331,44.367,eye,27,1/8 - YOU,0,0,0,0,0.05605679750442505,18.0,0,0,3,0
1332,44.4,eye,27,1/8 - YOU,0,0,1,0,-0.01879197359085083,20.0,1,1,3,0
1333,44.433,eye,27,1/8 - YOU,0,0,1,0,-0.12367218732833862,22.0,1,1,0,0
1334,44.467,eye,27,1/8 - YOU,0,0,1,0,-0.11671310663223267,13.0,2,1,0,0
1335,44.5,eye,28,The eye is watching you scan.,5,0,1,0,-0.17540520429611206,-2.0,9,3,0,0
1336,44.533,eye,28,The eye is watching you scan.,5,0,1,0,-0.15181124210357666,3.0,7,3,0,0
1337,44.567,eye,28,The eye is watching you scan.,5,0,1,0,-0.1508074402809143,-23.0,7,2,0,0
1338,44.6,eye,28,The eye is watching you scan.,5,0,1,0,-0.1326335072517395,-19.0,7,1,0,0
1339,44.633,eye,28,The eye is watching you scan.,5,0,1,0,-0.11281996965408325,-17.0,7,1,0,0
1340,44.667,eye,28,The eye is watching you scan.,5,0,1,0,-0.08722102642059326,9.0,5,1,0,0
1341,44.7,eye,28,The eye is watching you scan.,5,0,1,1,-0.06347900629043579,22.0,4,2,0,0
1342,44.733,eye,28,The eye is watching you scan.,5,0,1,1,-0.09733158349990845,23.0,3,2,0,0
1343,44.767,eye,28,The eye is watching you scan.,5,0,1,0,-0.12779349088668823,-11.0,9,2,0,0
1344,44.8,eye,28,The eye is watching you scan.,5,0,1,0,-0.24851661920547485,-10.0,6,2,0,0
1345,44.833,eye,28,The eye is watching you scan.,5,0,1,0,-0.2693190574645996,15.0,4,1,0,0
1346,44.867,eye,28,The eye is watching you scan.,5,0,1,0,-0.028076589107513428,29.0,2,2,0,0
1347,44.9,eye,28,The eye is watching you scan.,5,0,1,0,-0.09094035625457764,32.0,2,1,0,0
1348,44.933,eye,28,The eye is watching you scan.,5,0,1,0,-0.10356247425079346,-9.0,4,2,0,0
1349,44.967,eye,28,The eye is watching you scan.,5,0,1,0,-0.09011036157608032,-1.0,2,1,0,0
1350,45.0,eye,28,The eye is watching you scan.,5,0,1,1,-0.07506072521209717,2.0,4,1,3,0
1351,45.033,eye,28,The eye is watching you scan.,5,0,1,0,-0.09049880504608154,9.0,5,2,3,0
1352,45.067,eye,28,The eye is watching you scan.,5,0,1,0,-0.08705669641494751,-15.0,5,2,5,0
1353,45.1,eye,28,The eye is watching you scan.,5,0,1,1,-0.0861479640007019,12.0,5,2,7,0
1354,45.133,eye,28,The eye is watching you scan.,5,0,1,1,-0.08580970764160156,6.0,7,2,8,0
1355,45.167,eye,28,The eye is watching you scan.,5,0,1,1,-0.1711140275001526,15.0,7,3,9,0
1356,45.2,eye,28,The eye is watching you scan.,5,0,1,1,-0.2039056420326233,-10.0,6,2,12,0
1357,45.233,eye,28,The eye is watching you scan.,5,0,1,1,-0.21167433261871338,-9.0,7,2,13,0
1358,45.267,eye,28,The eye is watching you scan.,5,0,1,1,-0.21569108963012695,-8.0,8,2,16,0
1359,45.3,eye,28,The eye is watching you scan.,5,0,1,0,-0.45633721351623535,-3.0,8,2,16,0
1360,45.333,eye,28,The eye is watching you scan.,5,0,2,1,-0.47220730781555176,3.0,7,3,16,0
1361,45.367,eye,28,The eye is watching you scan.,5,0,1,1,-0.3897012174129486,19.0,6,2,16,0
1362,45.4,eye,28,The eye is watching you scan.,5,0,1,1,-0.2778755724430084,20.0,6,2,16,0
1363,45.433,eye,28,The eye is watching you scan.,5,0,1,1,-0.2099858522415161,11.0,6,2,16,0
1364,45.467,eye,28,The eye is watching you scan.,5,0,1,0,-0.20999807119369507,0.0,8,2,16,0
1365,45.5,eye,28,The eye is watching you scan.,5,0,1,0,-0.21003609895706177,-1.0,9,2,17,0
1366,45.533,eye,28,The eye is watching you scan.,5,0,1,0,-0.20979160070419312,-4.0,10,3,16,0
1367,45.567,eye,28,The eye is watching you scan.,5,0,1,0,-0.20937591791152954,-8.0,12,3,16,0
1368,45.6,eye,28,The eye is watching you scan.,5,0,1,0,-0.20917487144470215,-12.0,10,3,17,0
1369,45.633,eye,28,The eye is watching you scan.,5,0,1,0,-0.20816421508789062,-16.0,12,4,15,0
1370,45.667,eye,28,The eye is watching you scan.,5,0,1,1,-0.15742415189743042,-7.0,14,5,15,0
1371,45.7,eye,28,The eye is watching you scan.,5,0,2,1,-0.11572831869125366,-8.0,14,4,12,0
1372,45.733,eye,28,The eye is watching you scan.,5,0,2,2,-0.10948371887207031,-8.0,14,4,11,0
1373,45.767,eye,28,The eye is watching you scan.,5,0,1,2,-0.14793580770492554,-12.0,14,4,11,0
1374,45.8,eye,28,The eye is watching you scan.,5,0,2,2,-0.15655750036239624,-10.0,16,4,11,0
1375,45.833,eye,28,The eye is watching you scan.,5,0,2,2,-0.17595672607421875,-9.0,14,4,11,0
1376,45.867,eye,28,The eye is watching you scan.,5,0,2,2,-0.1731787919998169,-9.0,14,4,11,0
1377,45.9,eye,28,The eye is watching you scan.,5,0,2,2,-0.17168867588043213,-7.0,16,4,11,0
1378,45.933,eye,28,The eye is watching you scan.,5,3,2,2,-0.1686200499534607,-7.0,18,5,11,0
1379,45.967,eye,28,The eye is watching you scan.,5,1,2,2,-0.17001235485076904,-7.0,18,6,10,0
1380,46.0,eye,29,2/8 - FOUND,7,0,1,1,-0.05287277698516846,-1.0,13,3,14,0
1381,46.033,eye,29,2/8 - FOUND,7,0,1,1,-0.06629770994186401,-1.0,13,3,14,0
1382,46.067,eye,29,2/8 - FOUND,7,0,1,1,-0.05445253849029541,2.0,15,4,14,0
1383,46.1,eye,29,2/8 - FOUND,7,0,1,1,-0.05743968486785889,2.0,17,4,14,0
1384,46.133,eye,29,2/8 - FOUND,7,0,1,1,-0.059012651443481445,-1.0,15,4,14,0
1385,46.167,eye,29,2/8 - FOUND,7,0,1,1,-0.05756872892379761,0.0,16,4,14,0
1386,46.2,eye,29,2/8 - FOUND,7,0,1,1,-0.062001168727874756,0.0,16,4,14,0
1387,46.233,eye,29,2/8 - FOUND,7,0,1,1,-0.06497055292129517,0.0,16,4,16,0
1388,46.267,eye,29,2/8 - FOUND,7,0,1,1,-0.06499773263931274,0.0,17,4,16,0
1389,46.3,eye,29,2/8 - FOUND,7,0,1,1,-0.06499910354614258,0.0,16,4,16,0
1390,46.333,eye,29,2/8 - FOUND,7,0,1,1,-0.0015825629234313965,0.0,15,4,18,0
1391,46.367,eye,29,2/8 - FOUND,7,0,0,1,0.0024532079696655273,2.0,11,4,22,0
1392,46.4,eye,29,2/8 - FOUND,7,0,0,0,0.002169311046600342,1.0,9,3,25,0
1393,46.433,eye,29,2/8 - FOUND,7,0,0,0,0.001860976219177246,3.0,9,3,25,0
1394,46.467,eye,29,2/8 - FOUND,7,0,1,0,-0.016171693801879883,3.0,10,4,26,0
1395,46.5,eye,29,2/8 - FOUND,7,0,0,0,0.001210331916809082,2.0,8,2,27,0
1396,46.533,eye,29,2/8 - FOUND,7,0,0,1,0.001196742057800293,-4.0,15,4,27,0
1397,46.567,eye,29,2/8 - FOUND,7,0,0,0,0.0011885762214660645,0.0,10,3,28,0
1398,46.6,eye,29,2/8 - FOUND,7,0,0,1,0.0013380050659179688,-1.0,10,4,28,0
1399,46.633,eye,29,2/8 - FOUND,7,0,0,0,0.0014235973358154297,-27.0,9,4,28,0
1400,46.667,eye,29,2/8 - FOUND,7,0,0,0,0.0014955401420593262,3.0,8,3,29,0
1401,46.7,eye,29,2/8 - FOUND,7,0,0,0,0.0016232728958129883,-4.0,9,3,29,0
1402,46.733,eye,29,2/8 - FOUND,7,0,0,0,0.0012999773025512695,-11.0,8,3,27,0
1403,46.767,eye,29,2/8 - FOUND,7,0,0,0,0.00110703706741333,-9.0,7,3,27,0
1404,46.8,eye,29,2/8 - FOUND,7,0,0,1,0.001179039478302002,-9.0,10,3,25,0
1405,46.833,eye,29,2/8 - FOUND,7,0,0,1,0.0011342167854309082,-8.0,9,3,22,0
1406,46.867,eye,29,2/8 - FOUND,7,0,1,1,-0.02538156509399414,-8.0,10,3,22,0
1407,46.9,eye,29,2/8 - FOUND,7,0,1,1,-0.20564031600952148,-8.0,10,3,22,0
1408,46.933,eye,29,2/8 - FOUND,7,0,1,1,-0.3355393409729004,-8.0,10,3,20,0
1409,46.967,eye,29,2/8 - FOUND,7,0,1,1,-0.3353872299194336,-8.0,10,3,20,0
1410,47.0,eye,29,2/8 - FOUND,7,0,1,1,-0.33522284030914307,-8.0,12,4,19,0
1411,47.033,eye,29,2/8 - FOUND,7,0,1,1,-0.3350611925125122,-8.0,15,4,17,0
1412,47.067,eye,29,2/8 - FOUND,7,0,1,1,-0.3348913788795471,-12.0,15,4,17,0
1413,47.1,eye,29,2/8 - FOUND,7,0,1,1,-0.3347243070602417,-8.0,16,4,15,0
1414,47.133,eye,29,2/8 - FOUND,7,0,1,1,-0.3347243070602417,-8.0,16,4,15,0
1415,47.167,eye,29,2/8 - FOUND,7,0,1,1,-0.3347243070602417,-8.0,16,4,15,0
1416,47.2,eye,29,2/8 - FOUND,7,0,1,1,-0.3347243070602417,-8.0,16,4,15,0
1417,47.233,eye,29,2/8 - FOUND,7,0,1,1,-0.3347243070602417,-8.0,16,4,15,0
1418,47.267,eye,29,2/8 - FOUND,7,0,1,1,-0.3347243070602417,-8.0,16,4,15,0
1419,47.3,eye,29,2/8 - FOUND,7,0,1,1,-0.3347243070602417,-8.0,16,4,15,0
1420,47.333,eye,29,2/8 - FOUND,7,0,1,1,-0.3347243070602417,-8.0,16,4,15,0
1421,47.367,eye,29,2/8 - FOUND,7,0,1,1,-0.3347243070602417,-8.0,16,4,15,0
1422,47.4,eye,29,2/8 - FOUND,7,0,1,1,-0.3347243070602417,-8.0,16,4,15,0
1423,47.433,eye,29,2/8 - FOUND,7,0,1,1,-0.3347243070602417,-8.0,16,4,15,0
1424,47.467,eye,29,2/8 - FOUND,7,0,1,1,-0.3347243070602417,-8.0,16,4,15,0
1425,47.5,eye,30,3/8 - THE,2,1,0,0,0.020794272422790527,-12.0,16,4,29,0
1426,47.533,eye,30,3/8 - THE,2,1,0,0,0.013218522071838379,-12.0,16,4,29,0
1427,47.567,eye,30,3/8 - THE,2,0,1,0,-0.007366538047790527,-6.0,15,4,34,0
1428,47.6,eye,30,3/8 - THE,2,0,1,0,-0.022514045238494873,-31.0,16,4,36,0
1429,47.633,eye,30,3/8 - THE,2,0,1,0,-0.005038261413574219,-6.0,14,4,39,0
1430,47.667,eye,30,3/8 - THE,2,0,1,0,-0.015468060970306396,3.0,11,4,40,0
1431,47.7,eye,30,3/8 - THE,2,0,1,0,-0.017087221145629883,4.0,15,3,43,0
1432,47.733,eye,30,3/8 - THE,2,0,1,0,-0.02728062868118286,-18.0,17,4,49,0
1433,47.767,eye,30,3/8 - THE,2,0,1,0,-0.028750360012054443,-4.0,13,4,50,0
1434,47.8,eye,30,3/8 - THE,2,0,0,0,0.01698124408721924,-12.0,14,4,51,0
1435,47.833,eye,30,3/8 - THE,2,0,0,0,0.028913378715515137,-6.0,11,3,53,0
1436,47.867,eye,30,3/8 - THE,2,0,0,0,0.029042422771453857,-9.0,14,3,55,0
1437,47.9,eye,30,3/8 - THE,2,0,0,1,0.029274702072143555,-11.0,11,2,54,0
1438,47.933,eye,30,3/8 - THE,2,0,0,1,0.026548385620117188,-24.0,13,4,54,0
1439,47.967,eye,30,3/8 - THE,2,1,0,0,0.005561232566833496,-32.0,13,4,55,0
1440,48.0,eye,30,3/8 - THE,2,0,1,0,-0.02986830472946167,-7.0,11,4,51,0
1441,48.033,eye,30,3/8 - THE,2,0,0,0,0.016160786151885986,-13.0,13,4,51,0
1442,48.067,eye,30,3/8 - THE,2,2,1,0,-0.10011494159698486,-5.0,11,4,49,0
1443,48.1,eye,30,3/8 - THE,2,0,0,1,0.01532810926437378,-22.0,12,4,47,0
1444,48.133,eye,30,3/8 - THE,2,0,0,1,0.015602529048919678,-26.0,13,4,42,0
1445,48.167,eye,30,3/8 - THE,2,0,0,1,0.021639227867126465,-24.0,14,4,40,0
1446,48.2,eye,30,3/8 - THE,2,0,0,1,0.030471444129943848,-24.0,13,3,36,0
1447,48.233,eye,30,3/8 - THE,2,0,1,1,-0.028609097003936768,-24.0,14,3,23,0
1448,48.267,eye,30,3/8 - THE,2,0,1,1,-0.028645753860473633,-24.0,14,3,21,0
1449,48.3,eye,30,3/8 - THE,2,0,1,1,-0.02866208553314209,-24.0,16,4,20,0
1450,48.333,eye,30,3/8 - THE,2,0,1,1,-0.028515338897705078,-24.0,16,4,18,0
1451,48.367,eye,30,3/8 - THE,2,0,1,1,-0.14226722717285156,-24.0,16,4,17,0
1452,48.4,eye,30,3/8 - THE,2,0,1,1,-0.2708553969860077,-26.0,16,4,15,0
1453,48.433,eye,30,3/8 - THE,2,0,1,1,-0.2708553969860077,-26.0,16,4,15,0
1454,48.467,eye,30,3/8 - THE,2,0,1,1,-0.2708553969860077,-26.0,16,4,15,0
1455,48.5,eye,30,3/8 - THE,2,0,1,1,-0.2708553969860077,-26.0,16,4,15,0
1456,48.533,eye,30,3/8 - THE,2,0,1,1,-0.2708553969860077,-26.0,16,4,15,0
1457,48.567,eye,30,3/8 - THE,2,0,1,1,-0.2708553969860077,-26.0,16,4,15,0
1458,48.6,eye,30,3/8 - THE,2,0,1,1,-0.2708553969860077,-26.0,16,4,15,0
1459,48.633,eye,30,3/8 - THE,2,0,1,1,-0.14226722717285156,-24.0,16,4,17,0
1460,48.667,eye,30,3/8 - THE,2,0,1,1,-0.028515338897705078,-24.0,16,4,18,0
1461,48.7,eye,30,3/8 - THE,2,0,1,1,-0.02866208553314209,-24.0,16,4,20,0
1462,48.733,eye,30,3/8 - THE,2,0,1,1,-0.0286443829536438,-24.0,14,3,20,0
1463,48.767,eye,30,3/8 - THE,2,0,1,1,-0.02858734130859375,-24.0,14,3,20,0
1464,48.8,eye,30,3/8 - THE,2,0,1,1,-0.02854931354522705,-24.0,14,3,20,0
1465,48.833,eye,30,3/8 - THE,2,0,1,1,-0.028393089771270752,-24.0,16,4,20,0
1466,48.867,eye,30,3/8 - THE,2,0,1,1,-0.02850586175918579,-24.0,15,4,20,0
1467,48.9,eye,30,3/8 - THE,2,0,1,1,-0.028546571731567383,-26.0,20,4,20,0
1468,48.933,eye,30,3/8 - THE,2,0,1,1,-0.12291824817657471,-28.0,19,4,20,0
1469,48.967,eye,30,3/8 - THE,2,0,2,1,-0.1385805606842041,-31.0,21,4,20,0
1470,49.0,eye,31,4/8 - MESSAGE,3,0,1,0,-0.2805842459201813,-15.0,15,4,6,0
1471,49.033,eye,31,4/8 - MESSAGE,3,0,1,0,-0.27499037981033325,-20.0,15,4,6,0
1472,49.067,eye,31,4/8 - MESSAGE,3,0,1,1,-0.26033464074134827,-14.0,15,4,6,0
1473,49.1,eye,31,4/8 - MESSAGE,3,0,2,0,-0.24108079075813293,-11.0,15,4,6,0
1474,49.133,eye,31,4/8 - MESSAGE,3,0,2,0,-0.23076921701431274,-15.0,18,4,6,0
1475,49.167,eye,31,4/8 - MESSAGE,3,0,2,0,-0.22950050234794617,-15.0,16,4,6,0
1476,49.2,eye,31,4/8 - MESSAGE,3,0,2,0,-0.22660034894943237,-18.0,15,4,6,0
1477,49.233,eye,31,4/8 - MESSAGE,3,0,2,0,-0.22626209259033203,-25.0,15,4,5,0
1478,49.267,eye,31,4/8 - MESSAGE,3,0,2,0,-0.23209229111671448,-30.0,15,4,5,0
1479,49.3,eye,31,4/8 - MESSAGE,3,0,2,0,-0.24228161573410034,-34.0,15,4,5,0
1480,49.333,eye,31,4/8 - MESSAGE,3,0,2,0,-0.2508693337440491,-28.0,15,4,5,0
1481,49.367,eye,31,4/8 - MESSAGE,3,0,2,0,-0.27398109436035156,-32.0,16,4,1,0
1482,49.4,eye,31,4/8 - MESSAGE,3,0,2,0,-0.27398109436035156,-32.0,16,4,1,0
1483,49.433,eye,31,4/8 - MESSAGE,3,0,2,0,-0.25091826915740967,-28.0,15,4,7,0
1484,49.467,eye,31,4/8 - MESSAGE,3,0,2,0,-0.24225038290023804,-34.0,16,4,7,0
1485,49.5,eye,31,4/8 - MESSAGE,3,0,2,0,-0.23204883933067322,-30.0,14,3,9,0
1486,49.533,eye,31,4/8 - MESSAGE,3,0,2,0,-0.16719645261764526,-27.0,14,4,11,0
1487,49.567,eye,31,4/8 - MESSAGE,3,0,2,0,-0.07450783252716064,-20.0,14,3,15,0
1488,49.6,eye,31,4/8 - MESSAGE,3,0,1,0,-0.02470916509628296,-13.0,11,3,15,0
1489,49.633,eye,31,4/8 - MESSAGE,3,0,1,0,-0.04257476329803467,-14.0,11,3,15,0
1490,49.667,eye,31,4/8 - MESSAGE,3,0,1,0,-0.10318213701248169,-10.0,10,3,15,0
1491,49.7,eye,31,4/8 - MESSAGE,3,0,1,0,-0.14294230937957764,-6.0,11,3,15,0
1492,49.733,eye,31,4/8 - MESSAGE,3,0,1,0,-0.1607372760772705,3.0,12,4,15,0
1493,49.767,eye,31,4/8 - MESSAGE,3,0,1,0,-0.19472157955169678,3.0,12,3,15,0
1494,49.8,eye,31,4/8 - MESSAGE,3,0,1,1,-0.23009273409843445,3.0,12,3,15,0
1495,49.833,eye,31,4/8 - MESSAGE,3,0,1,1,-0.24915507435798645,-25.0,12,3,15,0
1496,49.867,eye,31,4/8 - MESSAGE,3,0,1,1,-0.2694779932498932,-28.0,14,4,12,0
1497,49.9,eye,31,4/8 - MESSAGE,3,0,1,1,-0.27209970355033875,-28.0,15,4,12,0
1498,49.933,eye,31,4/8 - MESSAGE,3,0,1,1,-0.2689644992351532,-27.0,16,4,12,0
1499,49.967,eye,31,4/8 - MESSAGE,3,0,1,2,-0.2686344087123871,-28.0,16,4,12,0
1500,50.0,eye,31,4/8 - MESSAGE,3,0,2,2,-0.2696559429168701,-29.0,20,4,5,0
1501,50.033,eye,31,4/8 - MESSAGE,3,0,2,1,-0.2565148174762726,-30.0,18,4,10,0
1502,50.067,eye,31,4/8 - MESSAGE,3,0,1,1,-0.24169611930847168,-33.0,19,5,10,0
1503,50.1,eye,31,4/8 - MESSAGE,3,0,1,1,-0.23036712408065796,-33.0,15,4,13,0
1504,50.133,eye,31,4/8 - MESSAGE,3,0,1,1,-0.20856088399887085,-32.0,14,4,14,0
1505,50.167,eye,31,4/8 - MESSAGE,3,0,1,1,-0.17772668600082397,-32.0,14,4,14,0
1506,50.2,eye,31,4/8 - MESSAGE,3,0,1,1,-0.13042336702346802,-20.0,15,4,14,0
1507,50.233,eye,31,4/8 - MESSAGE,3,0,0,1,0.03953194618225098,-19.0,12,4,14,0
1508,50.267,eye,31,4/8 - MESSAGE,3,0,0,2,0.03991502523422241,-2.0,11,4,14,0
1509,50.3,eye,31,4/8 - MESSAGE,3,0,0,0,0.04045426845550537,10.0,4,3,14,0
1510,50.333,eye,31,4/8 - MESSAGE,3,0,1,1,-0.24775049090385437,-24.0,7,2,14,0
1511,50.367,eye,31,4/8 - MESSAGE,3,0,1,1,-0.29932329058647156,-2.0,8,3,14,0
1512,50.4,eye,31,4/8 - MESSAGE,3,0,0,0,0.014259040355682373,-19.0,5,3,14,0
1513,50.433,eye,31,4/8 - MESSAGE,3,0,0,0,0.02874225378036499,-1.0,7,3,12,0
1514,50.467,eye,31,4/8 - MESSAGE,3,0,1,1,-0.010985314846038818,-3.0,13,4,7,0
1515,50.5,eye,32,Scan the last frame.,6,0,1,0,-0.24095851182937622,-9.0,10,4,11,0
1516,50.533,eye,32,Scan the last frame.,6,0,1,1,-0.23870906233787537,-9.0,8,3,11,0
1517,50.567,eye,32,Scan the last frame.,6,0,1,1,-0.23614302277565002,-9.0,10,4,11,0
1518,50.6,eye,32,Scan the last frame.,6,0,1,1,-0.2362883985042572,-9.0,11,4,11,0
1519,50.633,eye,32,Scan the last frame.,6,0,1,1,-0.23630061745643616,-9.0,12,4,11,0
1520,50.667,eye,32,Scan the last frame.,6,0,1,1,-0.23616066575050354,-9.0,13,4,11,0
1521,50.7,eye,32,Scan the last frame.,6,0,1,1,-0.23604384064674377,-9.0,13,4,11,0
1522,50.733,eye,32,Scan the last frame.,6,0,1,1,-0.23593655228614807,-9.0,13,4,10,0
1523,50.767,eye,32,Scan the last frame.,6,0,1,1,-0.23604384064674377,-9.0,13,4,11,0
1524,50.8,eye,32,Scan the last frame.,6,0,1,1,-0.23616477847099304,-9.0,13,4,12,0
1525,50.833,eye,32,Scan the last frame.,6,0,1,1,-0.23632100224494934,-9.0,12,4,12,0
1526,50.867,eye,32,Scan the last frame.,6,0,1,1,-0.23649486899375916,-9.0,12,4,12,0
1527,50.9,eye,32,Scan the last frame.,6,0,1,1,-0.17436331510543823,-9.0,12,4,14,0
1528,50.933,eye,32,Scan the last frame.,6,0,1,1,-0.11462664604187012,-10.0,9,3,14,0
1529,50.967,eye,32,Scan the last frame.,6,0,1,0,-0.08267998695373535,-10.0,14,4,14,0
1530,51.0,eye,32,Scan the last frame.,6,0,1,1,-0.29603591561317444,-29.0,17,4,14,0
1531,51.033,eye,32,Scan the last frame.,6,0,1,0,-0.24778175354003906,-37.0,7,3,14,0
1532,51.067,eye,32,Scan the last frame.,6,0,1,1,-0.30527299642562866,-36.0,9,3,14,0
1533,51.1,eye,32,Scan the last frame.,6,0,2,2,-0.5211488008499146,-22.0,16,4,14,0
1534,51.133,eye,32,Scan the last frame.,6,1,1,1,-0.4703028202056885,-13.0,16,4,15,0
1535,51.167,eye,32,Scan the last frame.,6,0,1,1,-0.1282825469970703,-10.0,16,4,14,0
1536,51.2,eye,32,Scan the last frame.,6,0,1,1,-0.06951034069061279,-10.0,10,4,14,0
1537,51.233,eye,32,Scan the last frame.,6,0,1,1,-0.07314807176589966,-10.0,8,3,14,0
1538,51.267,eye,32,Scan the last frame.,6,0,1,1,-0.11494588851928711,-10.0,10,4,14,0
1539,51.3,eye,32,Scan the last frame.,6,0,1,1,-0.1742030382156372,-9.0,11,4,14,0
1540,51.333,eye,32,Scan the last frame.,6,0,1,1,-0.23630329966545105,-9.0,12,4,12,0
1541,51.367,eye,32,Scan the last frame.,6,0,1,1,-0.23616066575050354,-9.0,13,4,11,0
1542,51.4,eye,32,Scan the last frame.,6,0,1,1,-0.23604384064674377,-9.0,13,4,11,0
1543,51.433,eye,32,Scan the last frame.,6,0,1,1,-0.23593655228614807,-9.0,13,4,10,0
1544,51.467,eye,32,Scan the last frame.,6,0,1,1,-0.23593655228614807,-9.0,14,4,10,0
1545,51.5,eye,32,Scan the last frame.,6,0,1,1,-0.2359338104724884,-9.0,13,4,9,0
1546,51.533,eye,32,Scan the last frame.,6,0,1,1,-0.2359338104724884,-9.0,13,4,9,0
1547,51.567,eye,32,Scan the last frame.,6,0,1,1,-0.2359338104724884,-9.0,13,4,9,0
1548,51.6,eye,32,Scan the last frame.,6,0,1,1,-0.2359338104724884,-9.0,13,4,9,0
1549,51.633,eye,32,Scan the last frame.,6,0,1,1,-0.2359338104724884,-9.0,13,4,9,0
1550,51.667,eye,32,Scan the last frame.,6,0,1,1,-0.2359338104724884,-9.0,13,4,9,0
1551,51.7,eye,32,Scan the last frame.,6,0,1,1,-0.2359338104724884,-9.0,13,4,9,0
1552,51.733,eye,32,Scan the last frame.,6,0,1,1,-0.2359338104724884,-9.0,13,4,9,0
1553,51.767,eye,32,Scan the last frame.,6,0,1,1,-0.2359338104724884,-9.0,13,4,9,0
1554,51.8,eye,32,Scan the last frame.,6,0,1,1,-0.2359338104724884,-9.0,13,4,9,0
1555,51.833,eye,32,Scan the last frame.,6,0,1,1,-0.2359338104724884,-9.0,13,4,9,0
1556,51.867,eye,32,Scan the last frame.,6,0,1,1,-0.2359338104724884,-9.0,13,4,9,0
1557,51.9,eye,32,Scan the last frame.,6,0,1,1,-0.2359338104724884,-9.0,13,4,9,0
1558,51.933,eye,32,Scan the last frame.,6,0,1,1,-0.2359338104724884,-9.0,13,4,9,0
1559,51.967,eye,32,Scan the last frame.,6,0,1,1,-0.2359338104724884,-9.0,13,4,9,0
1560,52.0,return,33,5/8 - HIDDEN,0,0,1,3,-0.15442216396331787,-20.0,14,4,10,0
1561,52.033,return,33,5/8 - HIDDEN,0,0,1,3,-0.1544262170791626,-20.0,14,4,10,0
1562,52.067,return,33,5/8 - HIDDEN,0,0,1,3,-0.15142959356307983,-19.0,14,4,10,0
1563,52.1,return,33,5/8 - HIDDEN,0,0,1,3,-0.15135759115219116,-19.0,14,4,11,0
1564,52.133,return,33,5/8 - HIDDEN,0,0,1,3,-0.14691698551177979,-19.0,14,4,11,0
1565,52.167,return,33,5/8 - HIDDEN,0,0,1,3,-0.19558006525039673,-19.0,13,4,12,0
1566,52.2,return,33,5/8 - HIDDEN,0,0,1,2,-0.2532017230987549,-19.0,12,4,13,0
1567,52.233,return,33,5/8 - HIDDEN,0,0,1,2,-0.31680983304977417,-18.0,10,4,14,0
1568,52.267,return,33,5/8 - HIDDEN,0,0,1,2,-0.40397652983665466,-15.0,8,3,14,0
1569,52.3,return,33,5/8 - HIDDEN,0,0,1,2,-0.4509960114955902,-15.0,7,3,18,0
1570,52.333,return,33,5/8 - HIDDEN,0,0,1,2,-0.4227115213871002,-12.0,8,3,18,0
1571,52.367,return,33,5/8 - HIDDEN,0,0,1,2,-0.3604862689971924,-14.0,10,4,18,0
1572,52.4,return,33,5/8 - HIDDEN,0,0,1,1,-0.2819371521472931,-11.0,10,4,18,0
1573,52.433,return,33,5/8 - HIDDEN,0,0,2,2,-0.1665729284286499,-11.0,10,4,17,0
1574,52.467,return,33,5/8 - HIDDEN,0,0,2,3,-0.31719157099723816,-10.0,9,3,16,0
1575,52.5,return,33,5/8 - HIDDEN,0,0,2,3,-0.4589262902736664,-9.0,10,4,13,0
1576,52.533,return,33,5/8 - HIDDEN,0,0,2,3,-0.4863794147968292,-9.0,11,4,13,0
1577,52.567,return,33,5/8 - HIDDEN,0,0,2,2,-0.4667547345161438,-28.0,9,3,13,0
1578,52.6,return,33,5/8 - HIDDEN,0,0,2,3,-0.4499160349369049,-26.0,12,3,13,0
1579,52.633,return,33,5/8 - HIDDEN,0,0,2,3,-0.4985085129737854,-22.0,15,3,11,0
1580,52.667,return,33,5/8 - HIDDEN,0,0,2,3,-0.4716978669166565,-13.0,14,3,10,0
1581,52.7,return,33,5/8 - HIDDEN,0,0,2,3,-0.4274251461029053,-49.0,11,3,10,0
1582,52.733,return,33,5/8 - HIDDEN,0,0,2,2,-0.3609725534915924,-40.0,11,3,8,0
1583,52.767,return,33,5/8 - HIDDEN,0,0,2,2,-0.319719523191452,-34.0,11,3,6,0
1584,52.8,return,33,5/8 - HIDDEN,0,0,2,2,-0.37788859009742737,-24.0,10,3,2,0
1585,52.833,return,33,5/8 - HIDDEN,0,0,1,2,-0.41417810320854187,-14.0,10,3,2,0
1586,52.867,return,33,5/8 - HIDDEN,0,0,1,2,-0.4488130211830139,-18.0,6,2,2,0
1587,52.9,return,33,5/8 - HIDDEN,0,0,1,2,-0.4566373825073242,-18.0,5,2,2,0
1588,52.933,return,33,5/8 - HIDDEN,0,0,1,1,-0.4350620210170746,-4.0,3,2,2,0
1589,52.967,return,33,5/8 - HIDDEN,0,0,1,1,-0.3690074682235718,-4.0,3,2,2,0
1590,53.0,return,33,5/8 - HIDDEN,0,0,1,1,-0.2908822000026703,-12.0,2,2,2,0
1591,53.033,return,33,5/8 - HIDDEN,0,0,1,1,-0.20970869064331055,-12.0,2,2,2,0
1592,53.067,return,33,5/8 - HIDDEN,0,0,1,1,-0.12089693546295166,-12.0,2,2,0,0
1593,53.1,return,33,5/8 - HIDDEN,0,0,1,1,-0.03713035583496094,-3.0,3,2,0,0
1594,53.133,return,33,5/8 - HIDDEN,0,0,0,1,0.07133734226226807,-1.0,2,1,0,0
1595,53.167,return,33,5/8 - HIDDEN,0,0,0,1,0.07142835855484009,-1.0,2,1,0,0
1596,53.2,return,33,5/8 - HIDDEN,0,0,0,1,0.07149767875671387,-1.0,2,1,0,0
1597,53.233,return,33,5/8 - HIDDEN,0,0,0,1,0.0714256763458252,-19.0,4,2,0,0
1598,53.267,return,33,5/8 - HIDDEN,0,0,0,1,0.07139849662780762,-19.0,4,2,0,0
1599,53.3,return,33,5/8 - HIDDEN,0,0,0,1,0.07696658372879028,-18.0,4,2,0,0
1600,53.333,return,33,5/8 - HIDDEN,0,0,0,1,0.07664871215820312,-16.0,4,2,0,0
1601,53.367,return,33,5/8 - HIDDEN,0,0,0,1,0.07621133327484131,6.0,1,1,0,0
1602,53.4,return,33,5/8 - HIDDEN,0,0,0,0,0.07274603843688965,6.0,1,1,0,0
1603,53.433,return,33,5/8 - HIDDEN,0,0,0,0,0.06785720586776733,-7.0,2,1,0,0
1604,53.467,return,33,5/8 - HIDDEN,0,0,0,0,0.06744831800460815,-9.0,2,1,0,0
1605,53.5,return,34,6/8 - INSIDE,2,0,0,0,0.11534655094146729,-33.0,2,1,0,0
1606,53.533,return,34,6/8 - INSIDE,2,0,0,0,0.11505991220474243,-32.0,2,1,0,0
1607,53.567,return,34,6/8 - INSIDE,2,0,0,0,0.1147923469543457,-30.0,2,1,0,0
1608,53.6,return,34,6/8 - INSIDE,2,0,0,0,0.13185513019561768,35.0,0,0,0,0
1609,53.633,return,34,6/8 - INSIDE,2,0,0,0,0.1302114725112915,28.0,0,0,0,0
1610,53.667,return,34,6/8 - INSIDE,2,0,0,0,0.1393778920173645,36.0,0,0,0,0
1611,53.7,return,34,6/8 - INSIDE,2,0,0,0,0.1386810541152954,-24.0,2,1,0,0
1612,53.733,return,34,6/8 - INSIDE,2,0,0,0,0.13782525062561035,-23.0,4,1,0,0
1613,53.767,return,34,6/8 - INSIDE,2,0,0,0,0.14250081777572632,-21.0,4,1,0,0
1614,53.8,return,34,6/8 - INSIDE,2,0,0,0,0.13701432943344116,-20.0,2,1,0,0
1615,53.833,return,34,6/8 - INSIDE,2,0,0,0,0.14278066158294678,62.0,0,0,0,0
1616,53.867,return,34,6/8 - INSIDE,2,0,0,0,0.14118725061416626,73.0,0,0,0,0
1617,53.9,return,34,6/8 - INSIDE,2,0,0,0,0.15384072065353394,65.0,0,0,0,0
1618,53.933,return,34,6/8 - INSIDE,2,0,0,0,0.14238673448562622,66.0,0,0,0,0
1619,53.967,return,34,6/8 - INSIDE,2,0,0,0,0.127119779586792,67.0,0,0,0,0
1620,54.0,return,34,6/8 - INSIDE,2,0,0,0,0.13429343700408936,59.0,0,0,0,0
1621,54.033,return,34,6/8 - INSIDE,2,0,0,0,0.12553179264068604,25.0,0,0,0,0
1622,54.067,return,34,6/8 - INSIDE,2,0,0,0,0.10671943426132202,13.0,2,1,0,0
1623,54.1,return,34,6/8 - INSIDE,2,0,0,0,0.11660993099212646,14.0,3,2,0,0
1624,54.133,return,34,6/8 - INSIDE,2,0,0,0,0.10735923051834106,16.0,0,0,0,0
1625,54.167,return,34,6/8 - INSIDE,2,0,0,0,0.11244642734527588,17.0,0,0,0,0
1626,54.2,return,34,6/8 - INSIDE,2,0,0,0,0.10809683799743652,39.0,0,0,0,0
1627,54.233,return,34,6/8 - INSIDE,2,0,0,0,0.11869639158248901,39.0,0,0,0,0
1628,54.267,return,34,6/8 - INSIDE,2,0,0,0,0.15614455938339233,31.0,0,0,0,0
1629,54.3,return,34,6/8 - INSIDE,2,0,0,0,0.14580577611923218,31.0,0,0,0,0
1630,54.333,return,34,6/8 - INSIDE,2,0,0,0,0.1604873538017273,31.0,0,0,0,0
1631,54.367,return,34,6/8 - INSIDE,2,0,0,0,0.19124138355255127,58.0,0,0,0,0
1632,54.4,return,34,6/8 - INSIDE,2,0,0,0,0.2354869246482849,58.0,0,0,0,0
1633,54.433,return,34,6/8 - INSIDE,2,0,0,0,0.2516409754753113,58.0,0,0,0,0
1634,54.467,return,34,6/8 - INSIDE,2,0,0,0,0.27942824363708496,83.0,0,0,0,0
1635,54.5,return,34,6/8 - INSIDE,2,0,0,0,0.28864219784736633,83.0,0,0,0,0
1636,54.533,return,34,6/8 - INSIDE,2,0,0,0,0.28865715861320496,83.0,0,0,0,0
1637,54.567,return,34,6/8 - INSIDE,2,0,0,0,0.28867754340171814,83.0,0,0,0,0
1638,54.6,return,34,6/8 - INSIDE,2,0,0,0,0.28868159651756287,83.0,0,0,0,0
1639,54.633,return,34,6/8 - INSIDE,2,0,0,0,0.2916741371154785,102.0,0,0,0,0
1640,54.667,return,34,6/8 - INSIDE,2,0,0,0,0.2916741371154785,102.0,0,0,0,0
1641,54.7,return,34,6/8 - INSIDE,2,0,0,0,0.2916741371154785,102.0,0,0,0,0
1642,54.733,return,34,6/8 - INSIDE,2,0,0,0,0.2916741371154785,102.0,0,0,0,0
1643,54.767,return,34,6/8 - INSIDE,2,0,0,0,0.2916741371154785,102.0,0,0,0,0
1644,54.8,return,34,6/8 - INSIDE,2,0,0,0,0.2916741371154785,102.0,0,0,0,0
1645,54.833,return,34,6/8 - INSIDE,2,0,0,0,0.2916741371154785,102.0,0,0,0,0
1646,54.867,return,34,6/8 - INSIDE,2,0,0,0,0.2916741371154785,102.0,0,0,0,0
1647,54.9,return,34,6/8 - INSIDE,2,0,0,0,0.2916741371154785,102.0,0,0,0,0
1648,54.933,return,34,6/8 - INSIDE,2,0,0,0,0.2916741371154785,102.0,0,0,0,0
1649,54.967,return,34,6/8 - INSIDE,2,0,0,0,0.2916741371154785,102.0,0,0,0,0
1650,55.0,link,35,https://example.com,3,0,0,0,0.26206523180007935,102.0,0,0,0,0
1651,55.033,link,35,https://example.com,3,0,0,0,0.26206523180007935,102.0,0,0,0,0
1652,55.067,link,35,https://example.com,3,0,0,0,0.26206523180007935,102.0,0,0,0,0
1653,55.1,link,35,https://example.com,3,0,0,0,0.26206523180007935,102.0,0,0,0,0
1654,55.133,link,35,https://example.com,3,0,0,0,0.26206523180007935,102.0,0,0,0,0
1655,55.167,link,35,https://example.com,3,0,0,0,0.26206523180007935,102.0,0,0,0,0
1656,55.2,link,35,https://example.com,3,0,0,0,0.26206523180007935,102.0,0,0,0,0
1657,55.233,link,35,https://example.com,3,0,0,0,0.26206523180007935,102.0,0,0,0,0
1658,55.267,link,35,https://example.com,3,0,0,0,0.26206523180007935,102.0,0,0,0,0
1659,55.3,link,35,https://example.com,3,0,0,0,0.26206523180007935,102.0,0,0,0,0
1660,55.333,link,35,https://example.com,3,0,0,0,0.26206523180007935,102.0,0,0,0,0
1661,55.367,link,35,https://example.com,3,0,0,0,0.26206523180007935,102.0,0,0,0,0
1662,55.4,link,35,https://example.com,3,0,0,0,0.26206523180007935,102.0,0,0,0,0
1663,55.433,link,35,https://example.com,3,0,0,0,0.26206523180007935,102.0,0,0,0,0
1664,55.467,link,35,https://example.com,3,0,0,0,0.26206523180007935,102.0,0,0,0,0
1665,55.5,link,35,https://example.com,3,0,0,0,0.26206523180007935,102.0,0,0,0,0
1666,55.533,link,35,https://example.com,3,0,0,0,0.26206523180007935,102.0,0,0,0,0
1667,55.567,link,35,https://example.com,3,0,0,0,0.26206523180007935,102.0,0,0,0,0
1668,55.6,link,35,https://example.com,3,0,0,0,0.26206523180007935,102.0,0,0,0,0
1669,55.633,link,35,https://example.com,3,0,0,0,0.26206523180007935,102.0,0,0,0,0
1670,55.667,link,35,https://example.com,3,0,0,0,0.26206523180007935,102.0,0,0,0,0
1671,55.7,link,35,https://example.com,3,0,0,0,0.26206523180007935,102.0,0,0,0,0
1672,55.733,link,35,https://example.com,3,0,0,0,0.26206523180007935,102.0,0,0,0,0
1673,55.767,link,35,https://example.com,3,0,0,0,0.26206523180007935,102.0,0,0,0,0
1674,55.8,link,35,https://example.com,3,0,0,0,0.26206523180007935,102.0,0,0,0,0
1675,55.833,link,35,https://example.com,3,0,0,0,0.26206523180007935,102.0,0,0,0,0
1676,55.867,link,35,https://example.com,3,0,0,0,0.26206523180007935,102.0,0,0,0,0
1677,55.9,link,35,https://example.com,3,0,0,0,0.26206523180007935,102.0,0,0,0,0
1678,55.933,link,35,https://example.com,3,0,0,0,0.26206523180007935,102.0,0,0,0,0
1679,55.967,link,35,https://example.com,3,0,0,0,0.26206523180007935,102.0,0,0,0,0
1680,56.0,link,35,https://example.com,3,0,0,0,0.26206523180007935,102.0,0,0,0,0
1681,56.033,link,35,https://example.com,3,0,0,0,0.26206523180007935,102.0,0,0,0,0
1682,56.067,link,35,https://example.com,3,0,0,0,0.26206523180007935,102.0,0,0,0,0
1683,56.1,link,35,https://example.com,3,0,0,0,0.26206523180007935,102.0,0,0,0,0
1684,56.133,link,35,https://example.com,3,0,0,0,0.26206523180007935,102.0,0,0,0,0
1685,56.167,link,35,https://example.com,3,0,0,0,0.26206523180007935,102.0,0,0,0,0
1686,56.2,link,35,https://example.com,3,0,0,0,0.26206523180007935,102.0,0,0,0,0
1687,56.233,link,35,https://example.com,3,0,0,0,0.26206523180007935,102.0,0,0,0,0
1688,56.267,link,35,https://example.com,3,0,0,0,0.26206523180007935,102.0,0,0,0,0
1689,56.3,link,35,https://example.com,3,0,0,0,0.26206523180007935,102.0,0,0,0,0
1690,56.333,link,35,https://example.com,3,0,0,0,0.26206523180007935,102.0,0,0,0,0
1691,56.367,link,35,https://example.com,3,0,0,0,0.26206523180007935,102.0,0,0,0,0
1692,56.4,link,35,https://example.com,3,0,0,0,0.26206523180007935,102.0,0,0,0,0
1693,56.433,link,35,https://example.com,3,0,0,0,0.26206523180007935,102.0,0,0,0,0
1694,56.467,link,35,https://example.com,3,0,0,0,0.26206523180007935,102.0,0,0,0,0
1695,56.5,link,35,https://example.com,3,0,0,0,0.26206523180007935,102.0,0,0,0,0
1696,56.533,link,35,https://example.com,3,0,0,0,0.26206523180007935,102.0,0,0,0,0
1697,56.567,link,35,https://example.com,3,0,0,0,0.26206523180007935,102.0,0,0,0,0
1698,56.6,link,35,https://example.com,3,0,0,0,0.26206523180007935,102.0,0,0,0,0
1699,56.633,link,35,https://example.com,3,0,0,0,0.26206523180007935,102.0,0,0,0,0
1700,56.667,link,35,https://example.com,3,0,0,0,0.26206523180007935,102.0,0,0,0,0
1701,56.7,link,35,https://example.com,3,0,0,0,0.26206523180007935,102.0,0,0,0,0
1702,56.733,link,35,https://example.com,3,0,0,0,0.26206523180007935,102.0,0,0,0,0
1703,56.767,link,35,https://example.com,3,0,0,0,0.26206523180007935,102.0,0,0,0,0
1704,56.8,link,35,https://example.com,3,0,0,0,0.26206523180007935,102.0,0,0,0,0
1705,56.833,link,35,https://example.com,3,0,0,0,0.26206523180007935,102.0,0,0,0,0
1706,56.867,link,35,https://example.com,3,0,0,0,0.26206523180007935,102.0,0,0,0,0
1707,56.9,link,35,https://example.com,3,0,0,0,0.26206523180007935,102.0,0,0,0,0
1708,56.933,link,35,https://example.com,3,0,0,0,0.26206523180007935,102.0,0,0,0,0
1709,56.967,link,35,https://example.com,3,0,0,0,0.26206523180007935,102.0,0,0,0,0
1710,57.0,link,35,https://example.com,3,0,0,0,0.26206523180007935,102.0,0,0,0,0
1711,57.033,link,35,https://example.com,3,0,0,0,0.26206523180007935,102.0,0,0,0,0
1712,57.067,link,35,https://example.com,3,0,0,0,0.26206523180007935,102.0,0,0,0,0
1713,57.1,link,35,https://example.com,3,0,0,0,0.26206523180007935,102.0,0,0,0,0
1714,57.133,link,35,https://example.com,3,0,0,0,0.26206523180007935,102.0,0,0,0,0
1715,57.167,link,35,https://example.com,3,0,0,0,0.26206523180007935,102.0,0,0,0,0
1716,57.2,link,35,https://example.com,3,0,0,0,0.26206523180007935,102.0,0,0,0,0
1717,57.233,link,35,https://example.com,3,0,0,0,0.26206523180007935,102.0,0,0,0,0
1718,57.267,link,35,https://example.com,3,0,0,0,0.26206523180007935,102.0,0,0,0,0
1719,57.3,link,35,https://example.com,3,0,0,0,0.26206523180007935,102.0,0,0,0,0
1720,57.333,link,35,https://example.com,3,0,0,0,0.26206523180007935,102.0,0,0,0,0
1721,57.367,link,35,https://example.com,3,0,0,0,0.26206523180007935,102.0,0,0,0,0
1722,57.4,link,35,https://example.com,3,0,0,0,0.26206523180007935,102.0,0,0,0,0
1723,57.433,link,35,https://example.com,3,0,0,0,0.26206523180007935,102.0,0,0,0,0
1724,57.467,link,35,https://example.com,3,0,0,0,0.26206523180007935,102.0,0,0,0,0
1725,57.5,link,35,https://example.com,3,0,0,0,0.26206523180007935,102.0,0,0,0,0
1726,57.533,link,35,https://example.com,3,0,0,0,0.26206523180007935,102.0,0,0,0,0
1727,57.567,link,35,https://example.com,3,0,0,0,0.26206523180007935,102.0,0,0,0,0
1728,57.6,link,35,https://example.com,3,0,0,0,0.26206523180007935,102.0,0,0,0,0
1729,57.633,link,35,https://example.com,3,0,0,0,0.26206523180007935,102.0,0,0,0,0
1730,57.667,link,35,https://example.com,3,0,0,0,0.26206523180007935,102.0,0,0,0,0
1731,57.7,link,35,https://example.com,3,0,0,0,0.26206523180007935,102.0,0,0,0,0
1732,57.733,link,35,https://example.com,3,0,0,0,0.26206523180007935,102.0,0,0,0,0
1733,57.767,link,35,https://example.com,3,0,0,0,0.26206523180007935,102.0,0,0,0,0
1734,57.8,link,35,https://example.com,3,0,0,0,0.26206523180007935,102.0,0,0,0,0
1735,57.833,link,35,https://example.com,3,0,0,0,0.26206523180007935,102.0,0,0,0,0
1736,57.867,link,35,https://example.com,3,0,0,0,0.26206523180007935,102.0,0,0,0,0
1737,57.9,link,35,https://example.com,3,0,0,0,0.26206523180007935,102.0,0,0,0,0
1738,57.933,link,35,https://example.com,3,0,0,0,0.26206523180007935,102.0,0,0,0,0
1739,57.967,link,35,https://example.com,3,0,0,0,0.26206523180007935,102.0,0,0,0,0
1740,58.0,link,35,https://example.com,3,0,0,0,0.26206523180007935,102.0,0,0,0,0
1741,58.033,link,35,https://example.com,3,0,0,0,0.26206523180007935,102.0,0,0,0,0
1742,58.067,link,35,https://example.com,3,0,0,0,0.26206523180007935,102.0,0,0,0,0
1743,58.1,link,35,https://example.com,3,0,0,0,0.26206523180007935,102.0,0,0,0,0
1744,58.133,link,35,https://example.com,3,0,0,0,0.26206523180007935,102.0,0,0,0,0
1745,58.167,link,35,https://example.com,3,0,0,0,0.26206523180007935,102.0,0,0,0,0
1746,58.2,link,35,https://example.com,3,0,0,0,0.26206523180007935,102.0,0,0,0,0
1747,58.233,link,35,https://example.com,3,0,0,0,0.26206523180007935,102.0,0,0,0,0
1748,58.267,link,35,https://example.com,3,0,0,0,0.26206523180007935,102.0,0,0,0,0
1749,58.3,link,35,https://example.com,3,0,0,0,0.26206523180007935,102.0,0,0,0,0
1750,58.333,link,35,https://example.com,3,0,0,0,0.26206523180007935,102.0,0,0,0,0
1751,58.367,link,35,https://example.com,3,0,0,0,0.26206523180007935,102.0,0,0,0,0
1752,58.4,link,35,https://example.com,3,0,0,0,0.26206523180007935,102.0,0,0,0,0
1753,58.433,link,35,https://example.com,3,0,0,0,0.26206523180007935,102.0,0,0,0,0
1754,58.467,link,35,https://example.com,3,0,0,0,0.26206523180007935,102.0,0,0,0,0
1755,58.5,link,35,https://example.com,3,0,0,0,0.26206523180007935,102.0,0,0,0,0
1756,58.533,link,35,https://example.com,3,0,0,0,0.26206523180007935,102.0,0,0,0,0
1757,58.567,link,35,https://example.com,3,0,0,0,0.26206523180007935,102.0,0,0,0,0
1758,58.6,link,35,https://example.com,3,0,0,0,0.26206523180007935,102.0,0,0,0,0
1759,58.633,link,35,https://example.com,3,0,0,0,0.26206523180007935,102.0,0,0,0,0
1760,58.667,link,35,https://example.com,3,0,0,0,0.26206523180007935,102.0,0,0,0,0
1761,58.7,link,35,https://example.com,3,0,0,0,0.26206523180007935,102.0,0,0,0,0
1762,58.733,link,35,https://example.com,3,0,0,0,0.26206523180007935,102.0,0,0,0,0
1763,58.767,link,35,https://example.com,3,0,0,0,0.26206523180007935,102.0,0,0,0,0
1764,58.8,link,35,https://example.com,3,0,0,0,0.26206523180007935,102.0,0,0,0,0
1765,58.833,link,35,https://example.com,3,0,0,0,0.26206523180007935,102.0,0,0,0,0
1766,58.867,link,35,https://example.com,3,0,0,0,0.26206523180007935,102.0,0,0,0,0
1767,58.9,link,35,https://example.com,3,0,0,0,0.26206523180007935,102.0,0,0,0,0
1768,58.933,link,35,https://example.com,3,0,0,0,0.26206523180007935,102.0,0,0,0,0
1769,58.967,link,35,https://example.com,3,0,0,0,0.26206523180007935,102.0,0,0,0,0
1770,59.0,link,35,https://example.com,3,0,0,0,0.26206523180007935,102.0,0,0,0,0
1771,59.033,link,35,https://example.com,3,0,0,0,0.26206523180007935,102.0,0,0,0,0
1772,59.067,link,35,https://example.com,3,0,0,0,0.26206523180007935,102.0,0,0,0,0
1773,59.1,link,35,https://example.com,3,0,0,0,0.26206523180007935,102.0,0,0,0,0
1774,59.133,link,35,https://example.com,3,0,0,0,0.26206523180007935,102.0,0,0,0,0
1775,59.167,link,35,https://example.com,3,0,0,0,0.26206523180007935,102.0,0,0,0,0
1776,59.2,link,35,https://example.com,3,0,0,0,0.26206523180007935,102.0,0,0,0,0
1777,59.233,link,35,https://example.com,3,0,0,0,0.26206523180007935,102.0,0,0,0,0
1778,59.267,link,35,https://example.com,3,0,0,0,0.26206523180007935,102.0,0,0,0,0
1779,59.3,link,35,https://example.com,3,0,0,0,0.26206523180007935,102.0,0,0,0,0
1780,59.333,link,35,https://example.com,3,0,0,0,0.26206523180007935,102.0,0,0,0,0
1781,59.367,link,35,https://example.com,3,0,0,0,0.26206523180007935,102.0,0,0,0,0
1782,59.4,link,35,https://example.com,3,0,0,0,0.26206523180007935,102.0,0,0,0,0
1783,59.433,link,35,https://example.com,3,0,0,0,0.26206523180007935,102.0,0,0,0,0
1784,59.467,link,35,https://example.com,3,0,0,0,0.26206523180007935,102.0,0,0,0,0
1785,59.5,link,35,https://example.com,3,0,0,0,0.26206523180007935,102.0,0,0,0,0
1786,59.533,link,35,https://example.com,3,0,0,0,0.26206523180007935,102.0,0,0,0,0
1787,59.567,link,35,https://example.com,3,0,0,0,0.26206523180007935,102.0,0,0,0,0
1788,59.6,link,35,https://example.com,3,0,0,0,0.26206523180007935,102.0,0,0,0,0
1789,59.633,link,35,https://example.com,3,0,0,0,0.26206523180007935,102.0,0,0,0,0
1790,59.667,link,35,https://example.com,3,0,0,0,0.26206523180007935,102.0,0,0,0,0
1791,59.7,link,35,https://example.com,3,0,0,0,0.26206523180007935,102.0,0,0,0,0
1792,59.733,link,35,https://example.com,3,0,0,0,0.26206523180007935,102.0,0,0,0,0
1793,59.767,link,35,https://example.com,3,0,0,0,0.26206523180007935,102.0,0,0,0,0
1794,59.8,link,35,https://example.com,3,0,0,0,0.26206523180007935,102.0,0,0,0,0
1795,59.833,link,35,https://example.com,3,0,0,0,0.26206523180007935,102.0,0,0,0,0
1796,59.867,link,35,https://example.com,3,0,0,0,0.26206523180007935,102.0,0,0,0,0
1797,59.9,link,35,https://example.com,3,0,0,0,0.26206523180007935,102.0,0,0,0,0
1798,59.933,link,35,https://example.com,3,0,0,0,0.26206523180007935,102.0,0,0,0,0
1799,59.967,link,35,https://example.com,3,0,0,0,0.26206523180007935,102.0,0,0,0,0
