frame,time,act,segment,kind,expected,A_zxing,A_opencv,A_zbar,A_pass,B_down540_zxing,B_jpeg40_zxing,B_blur1.5_zxing,B_rot4_zxing,B_persp_zxing,B_gamma0.8_zxing,B_gamma1.25_zxing,B_pass,C_main_zxing,C_main_opencv,C_main_pass,C_xtest_zxing,C_xtest_opencv,C_xtest_pass,C_pass,pred_opencv_block_errors,pred_zxing_block_errors,safety_lifted,safety_grown
0,0.0,title,0,title,Pause anywhere. Scan me.,Pause anywhere. Scan me.,Pause anywhere. Scan me.,Pause anywhere. Scan me.,True,Pause anywhere. Scan me.,Pause anywhere. Scan me.,Pause anywhere. Scan me.,Pause anywhere. Scan me.,Pause anywhere. Scan me.,Pause anywhere. Scan me.,Pause anywhere. Scan me.,True,Pause anywhere. Scan me.,Pause anywhere. Scan me.,True,Pause anywhere. Scan me.,Pause anywhere. Scan me.,True,True,1,0,0,0
1,0.033,title,0,title,Pause anywhere. Scan me.,Pause anywhere. Scan me.,Pause anywhere. Scan me.,Pause anywhere. Scan me.,True,Pause anywhere. Scan me.,Pause anywhere. Scan me.,Pause anywhere. Scan me.,Pause anywhere. Scan me.,Pause anywhere. Scan me.,Pause anywhere. Scan me.,Pause anywhere. Scan me.,True,Pause anywhere. Scan me.,Pause anywhere. Scan me.,True,Pause anywhere. Scan me.,Pause anywhere. Scan me.,True,True,1,0,0,0
2,0.067,title,0,title,Pause anywhere. Scan me.,Pause anywhere. Scan me.,Pause anywhere. Scan me.,Pause anywhere. Scan me.,True,Pause anywhere. Scan me.,Pause anywhere. Scan me.,Pause anywhere. Scan me.,Pause anywhere. Scan me.,Pause anywhere. Scan me.,Pause anywhere. Scan me.,Pause anywhere. Scan me.,True,Pause anywhere. Scan me.,Pause anywhere. Scan me.,True,Pause anywhere. Scan me.,Pause anywhere. Scan me.,True,True,1,0,0,0
3,0.1,title,0,title,Pause anywhere. Scan me.,Pause anywhere. Scan me.,Pause anywhere. Scan me.,Pause anywhere. Scan me.,True,Pause anywhere. Scan me.,Pause anywhere. Scan me.,Pause anywhere. Scan me.,Pause anywhere. Scan me.,Pause anywhere. Scan me.,Pause anywhere. Scan me.,Pause anywhere. Scan me.,True,Pause anywhere. Scan me.,Pause anywhere. Scan me.,True,Pause anywhere. Scan me.,Pause anywhere. Scan me.,True,True,1,0,0,0
4,0.133,title,0,title,Pause anywhere. Scan me.,Pause anywhere. Scan me.,Pause anywhere. Scan me.,Pause anywhere. Scan me.,True,Pause anywhere. Scan me.,Pause anywhere. Scan me.,Pause anywhere. Scan me.,Pause anywhere. Scan me.,Pause anywhere. Scan me.,Pause anywhere. Scan me.,Pause anywhere. Scan me.,True,Pause anywhere. Scan me.,Pause anywhere. Scan me.,True,Pause anywhere. Scan me.,Pause anywhere. Scan me.,True,True,1,0,0,0
5,0.167,title,0,title,Pause anywhere. Scan me.,Pause anywhere. Scan me.,Pause anywhere. Scan me.,Pause anywhere. Scan me.,True,Pause anywhere. Scan me.,Pause anywhere. Scan me.,Pause anywhere. Scan me.,Pause anywhere. Scan me.,Pause anywhere. Scan me.,Pause anywhere. Scan me.,Pause anywhere. Scan me.,True,Pause anywhere. Scan me.,Pause anywhere. Scan me.,True,Pause anywhere. Scan me.,Pause anywhere. Scan me.,True,True,1,0,0,0
6,0.2,title,0,title,Pause anywhere. Scan me.,Pause anywhere. Scan me.,Pause anywhere. Scan me.,Pause anywhere. Scan me.,True,Pause anywhere. Scan me.,Pause anywhere. Scan me.,Pause anywhere. Scan me.,Pause anywhere. Scan me.,Pause anywhere. Scan me.,Pause anywhere. Scan me.,Pause anywhere. Scan me.,True,Pause anywhere. Scan me.,Pause anywhere. Scan me.,True,Pause anywhere. Scan me.,Pause anywhere. Scan me.,True,True,1,0,0,0
7,0.233,title,0,title,Pause anywhere. Scan me.,Pause anywhere. Scan me.,Pause anywhere. Scan me.,Pause anywhere. Scan me.,True,Pause anywhere. Scan me.,Pause anywhere. Scan me.,Pause anywhere. Scan me.,Pause anywhere. Scan me.,Pause anywhere. Scan me.,Pause anywhere. Scan me.,Pause anywhere. Scan me.,True,Pause anywhere. Scan me.,Pause anywhere. Scan me.,True,Pause anywhere. Scan me.,Pause anywhere. Scan me.,True,True,1,0,0,0
8,0.267,title,0,title,Pause anywhere. Scan me.,Pause anywhere. Scan me.,Pause anywhere. Scan me.,Pause anywhere. Scan me.,True,Pause anywhere. Scan me.,Pause anywhere. Scan me.,Pause anywhere. Scan me.,Pause anywhere. Scan me.,Pause anywhere. Scan me.,Pause anywhere. Scan me.,Pause anywhere. Scan me.,True,Pause anywhere. Scan me.,Pause anywhere. Scan me.,True,Pause anywhere. Scan me.,Pause anywhere. Scan me.,True,True,1,0,0,0
9,0.3,title,0,title,Pause anywhere. Scan me.,Pause anywhere. Scan me.,Pause anywhere. Scan me.,Pause anywhere. Scan me.,True,Pause anywhere. Scan me.,Pause anywhere. Scan me.,Pause anywhere. Scan me.,Pause anywhere. Scan me.,Pause anywhere. Scan me.,Pause anywhere. Scan me.,Pause anywhere. Scan me.,True,Pause anywhere. Scan me.,Pause anywhere. Scan me.,True,Pause anywhere. Scan me.,Pause anywhere. Scan me.,True,True,1,0,0,0
10,0.333,title,0,title,Pause anywhere. Scan me.,Pause anywhere. Scan me.,Pause anywhere. Scan me.,Pause anywhere. Scan me.,True,Pause anywhere. Scan me.,Pause anywhere. Scan me.,Pause anywhere. Scan me.,Pause anywhere. Scan me.,Pause anywhere. Scan me.,Pause anywhere. Scan me.,Pause anywhere. Scan me.,True,Pause anywhere. Scan me.,Pause anywhere. Scan me.,True,Pause anywhere. Scan me.,Pause anywhere. Scan me.,True,True,1,0,0,0
11,0.367,title,0,title,Pause anywhere. Scan me.,Pause anywhere. Scan me.,Pause anywhere. Scan me.,Pause anywhere. Scan me.,True,Pause anywhere. Scan me.,Pause anywhere. Scan me.,Pause anywhere. Scan me.,Pause anywhere. Scan me.,Pause anywhere. Scan me.,Pause anywhere. Scan me.,Pause anywhere. Scan me.,True,Pause anywhere. Scan me.,Pause anywhere. Scan me.,True,Pause anywhere. Scan me.,Pause anywhere. Scan me.,True,True,1,0,0,0
12,0.4,title,0,title,Pause anywhere. Scan me.,Pause anywhere. Scan me.,Pause anywhere. Scan me.,Pause anywhere. Scan me.,True,Pause anywhere. Scan me.,Pause anywhere. Scan me.,Pause anywhere. Scan me.,Pause anywhere. Scan me.,Pause anywhere. Scan me.,Pause anywhere. Scan me.,Pause anywhere. Scan me.,True,Pause anywhere. Scan me.,Pause anywhere. Scan me.,True,Pause anywhere. Scan me.,Pause anywhere. Scan me.,True,True,1,0,0,0
13,0.433,title,0,title,Pause anywhere. Scan me.,Pause anywhere. Scan me.,Pause anywhere. Scan me.,Pause anywhere. Scan me.,True,Pause anywhere. Scan me.,Pause anywhere. Scan me.,Pause anywhere. Scan me.,Pause anywhere. Scan me.,Pause anywhere. Scan me.,Pause anywhere. Scan me.,Pause anywhere. Scan me.,True,Pause anywhere. Scan me.,Pause anywhere. Scan me.,True,Pause anywhere. Scan me.,Pause anywhere. Scan me.,True,True,1,0,0,0
14,0.467,title,0,title,Pause anywhere. Scan me.,Pause anywhere. Scan me.,Pause anywhere. Scan me.,Pause anywhere. Scan me.,True,Pause anywhere. Scan me.,Pause anywhere. Scan me.,Pause anywhere. Scan me.,Pause anywhere. Scan me.,Pause anywhere. Scan me.,Pause anywhere. Scan me.,Pause anywhere. Scan me.,True,Pause anywhere. Scan me.,Pause anywhere. Scan me.,True,Pause anywhere. Scan me.,Pause anywhere. Scan me.,True,True,1,0,0,0
15,0.5,title,0,title,Pause anywhere. Scan me.,Pause anywhere. Scan me.,Pause anywhere. Scan me.,Pause anywhere. Scan me.,True,Pause anywhere. Scan me.,Pause anywhere. Scan me.,Pause anywhere. Scan me.,Pause anywhere. Scan me.,Pause anywhere. Scan me.,Pause anywhere. Scan me.,Pause anywhere. Scan me.,True,Pause anywhere. Scan me.,Pause anywhere. Scan me.,True,Pause anywhere. Scan me.,Pause anywhere. Scan me.,True,True,1,0,0,0
16,0.533,title,0,title,Pause anywhere. Scan me.,Pause anywhere. Scan me.,Pause anywhere. Scan me.,Pause anywhere. Scan me.,True,Pause anywhere. Scan me.,Pause anywhere. Scan me.,Pause anywhere. Scan me.,Pause anywhere. Scan me.,Pause anywhere. Scan me.,Pause anywhere. Scan me.,Pause anywhere. Scan me.,True,Pause anywhere. Scan me.,Pause anywhere. Scan me.,True,Pause anywhere. Scan me.,Pause anywhere. Scan me.,True,True,1,0,0,0
17,0.567,title,0,title,Pause anywhere. Scan me.,Pause anywhere. Scan me.,Pause anywhere. Scan me.,Pause anywhere. Scan me.,True,Pause anywhere. Scan me.,Pause anywhere. Scan me.,Pause anywhere. Scan me.,Pause anywhere. Scan me.,Pause anywhere. Scan me.,Pause anywhere. Scan me.,Pause anywhere. Scan me.,True,Pause anywhere. Scan me.,Pause anywhere. Scan me.,True,Pause anywhere. Scan me.,Pause anywhere. Scan me.,True,True,1,0,0,0
18,0.6,title,0,title,Pause anywhere. Scan me.,Pause anywhere. Scan me.,Pause anywhere. Scan me.,Pause anywhere. Scan me.,True,Pause anywhere. Scan me.,Pause anywhere. Scan me.,Pause anywhere. Scan me.,Pause anywhere. Scan me.,Pause anywhere. Scan me.,Pause anywhere. Scan me.,Pause anywhere. Scan me.,True,Pause anywhere. Scan me.,Pause anywhere. Scan me.,True,Pause anywhere. Scan me.,Pause anywhere. Scan me.,True,True,1,0,0,0
19,0.633,title,0,title,Pause anywhere. Scan me.,Pause anywhere. Scan me.,Pause anywhere. Scan me.,Pause anywhere. Scan me.,True,Pause anywhere. Scan me.,Pause anywhere. Scan me.,Pause anywhere. Scan me.,Pause anywhere. Scan me.,Pause anywhere. Scan me.,Pause anywhere. Scan me.,Pause anywhere. Scan me.,True,Pause anywhere. Scan me.,Pause anywhere. Scan me.,True,Pause anywhere. Scan me.,Pause anywhere. Scan me.,True,True,1,0,0,0
20,0.667,title,0,title,Pause anywhere. Scan me.,Pause anywhere. Scan me.,Pause anywhere. Scan me.,Pause anywhere. Scan me.,True,Pause anywhere. Scan me.,Pause anywhere. Scan me.,Pause anywhere. Scan me.,Pause anywhere. Scan me.,Pause anywhere. Scan me.,Pause anywhere. Scan me.,Pause anywhere. Scan me.,True,Pause anywhere. Scan me.,Pause anywhere. Scan me.,True,Pause anywhere. Scan me.,Pause anywhere. Scan me.,True,True,1,0,0,0
21,0.7,title,0,title,Pause anywhere. Scan me.,Pause anywhere. Scan me.,Pause anywhere. Scan me.,Pause anywhere. Scan me.,True,Pause anywhere. Scan me.,Pause anywhere. Scan me.,Pause anywhere. Scan me.,Pause anywhere. Scan me.,Pause anywhere. Scan me.,Pause anywhere. Scan me.,Pause anywhere. Scan me.,True,Pause anywhere. Scan me.,Pause anywhere. Scan me.,True,Pause anywhere. Scan me.,Pause anywhere. Scan me.,True,True,1,0,0,0
22,0.733,title,0,title,Pause anywhere. Scan me.,Pause anywhere. Scan me.,Pause anywhere. Scan me.,Pause anywhere. Scan me.,True,Pause anywhere. Scan me.,Pause anywhere. Scan me.,Pause anywhere. Scan me.,Pause anywhere. Scan me.,Pause anywhere. Scan me.,Pause anywhere. Scan me.,Pause anywhere. Scan me.,True,Pause anywhere. Scan me.,Pause anywhere. Scan me.,True,Pause anywhere. Scan me.,Pause anywhere. Scan me.,True,True,1,0,0,0
23,0.767,title,0,title,Pause anywhere. Scan me.,Pause anywhere. Scan me.,Pause anywhere. Scan me.,Pause anywhere. Scan me.,True,Pause anywhere. Scan me.,Pause anywhere. Scan me.,Pause anywhere. Scan me.,Pause anywhere. Scan me.,Pause anywhere. Scan me.,Pause anywhere. Scan me.,Pause anywhere. Scan me.,True,Pause anywhere. Scan me.,Pause anywhere. Scan me.,True,Pause anywhere. Scan me.,Pause anywhere. Scan me.,True,True,1,0,0,0
24,0.8,title,0,title,Pause anywhere. Scan me.,Pause anywhere. Scan me.,Pause anywhere. Scan me.,Pause anywhere. Scan me.,True,Pause anywhere. Scan me.,Pause anywhere. Scan me.,Pause anywhere. Scan me.,Pause anywhere. Scan me.,Pause anywhere. Scan me.,Pause anywhere. Scan me.,Pause anywhere. Scan me.,True,Pause anywhere. Scan me.,Pause anywhere. Scan me.,True,Pause anywhere. Scan me.,Pause anywhere. Scan me.,True,True,1,0,0,0
25,0.833,title,0,title,Pause anywhere. Scan me.,Pause anywhere. Scan me.,Pause anywhere. Scan me.,Pause anywhere. Scan me.,True,Pause anywhere. Scan me.,Pause anywhere. Scan me.,Pause anywhere. Scan me.,Pause anywhere. Scan me.,Pause anywhere. Scan me.,Pause anywhere. Scan me.,Pause anywhere. Scan me.,True,Pause anywhere. Scan me.,Pause anywhere. Scan me.,True,Pause anywhere. Scan me.,Pause anywhere. Scan me.,True,True,1,0,0,0
26,0.867,title,0,title,Pause anywhere. Scan me.,Pause anywhere. Scan me.,Pause anywhere. Scan me.,Pause anywhere. Scan me.,True,Pause anywhere. Scan me.,Pause anywhere. Scan me.,Pause anywhere. Scan me.,Pause anywhere. Scan me.,Pause anywhere. Scan me.,Pause anywhere. Scan me.,Pause anywhere. Scan me.,True,Pause anywhere. Scan me.,Pause anywhere. Scan me.,True,Pause anywhere. Scan me.,Pause anywhere. Scan me.,True,True,1,0,0,0
27,0.9,title,0,title,Pause anywhere. Scan me.,Pause anywhere. Scan me.,Pause anywhere. Scan me.,Pause anywhere. Scan me.,True,Pause anywhere. Scan me.,Pause anywhere. Scan me.,Pause anywhere. Scan me.,Pause anywhere. Scan me.,Pause anywhere. Scan me.,Pause anywhere. Scan me.,Pause anywhere. Scan me.,True,Pause anywhere. Scan me.,Pause anywhere. Scan me.,True,Pause anywhere. Scan me.,Pause anywhere. Scan me.,True,True,1,0,0,0
28,0.933,title,0,title,Pause anywhere. Scan me.,Pause anywhere. Scan me.,Pause anywhere. Scan me.,Pause anywhere. Scan me.,True,Pause anywhere. Scan me.,Pause anywhere. Scan me.,Pause anywhere. Scan me.,Pause anywhere. Scan me.,Pause anywhere. Scan me.,Pause anywhere. Scan me.,Pause anywhere. Scan me.,True,Pause anywhere. Scan me.,Pause anywhere. Scan me.,True,Pause anywhere. Scan me.,Pause anywhere. Scan me.,True,True,1,0,0,0
29,0.967,title,0,title,Pause anywhere. Scan me.,Pause anywhere. Scan me.,Pause anywhere. Scan me.,Pause anywhere. Scan me.,True,Pause anywhere. Scan me.,Pause anywhere. Scan me.,Pause anywhere. Scan me.,Pause anywhere. Scan me.,Pause anywhere. Scan me.,Pause anywhere. Scan me.,Pause anywhere. Scan me.,True,Pause anywhere. Scan me.,Pause anywhere. Scan me.,True,Pause anywhere. Scan me.,Pause anywhere. Scan me.,True,True,1,0,0,0
30,1.0,title,0,title,Pause anywhere. Scan me.,Pause anywhere. Scan me.,Pause anywhere. Scan me.,Pause anywhere. Scan me.,True,Pause anywhere. Scan me.,Pause anywhere. Scan me.,Pause anywhere. Scan me.,Pause anywhere. Scan me.,Pause anywhere. Scan me.,Pause anywhere. Scan me.,Pause anywhere. Scan me.,True,Pause anywhere. Scan me.,Pause anywhere. Scan me.,True,Pause anywhere. Scan me.,Pause anywhere. Scan me.,True,True,1,0,0,0
31,1.033,title,0,title,Pause anywhere. Scan me.,Pause anywhere. Scan me.,Pause anywhere. Scan me.,Pause anywhere. Scan me.,True,Pause anywhere. Scan me.,Pause anywhere. Scan me.,Pause anywhere. Scan me.,Pause anywhere. Scan me.,Pause anywhere. Scan me.,Pause anywhere. Scan me.,Pause anywhere. Scan me.,True,Pause anywhere. Scan me.,Pause anywhere. Scan me.,True,Pause anywhere. Scan me.,Pause anywhere. Scan me.,True,True,1,0,0,0
32,1.067,title,0,title,Pause anywhere. Scan me.,Pause anywhere. Scan me.,Pause anywhere. Scan me.,Pause anywhere. Scan me.,True,Pause anywhere. Scan me.,Pause anywhere. Scan me.,Pause anywhere. Scan me.,Pause anywhere. Scan me.,Pause anywhere. Scan me.,Pause anywhere. Scan me.,Pause anywhere. Scan me.,True,Pause anywhere. Scan me.,Pause anywhere. Scan me.,True,Pause anywhere. Scan me.,Pause anywhere. Scan me.,True,True,1,0,0,0
33,1.1,title,0,title,Pause anywhere. Scan me.,Pause anywhere. Scan me.,Pause anywhere. Scan me.,Pause anywhere. Scan me.,True,Pause anywhere. Scan me.,Pause anywhere. Scan me.,Pause anywhere. Scan me.,Pause anywhere. Scan me.,Pause anywhere. Scan me.,Pause anywhere. Scan me.,Pause anywhere. Scan me.,True,Pause anywhere. Scan me.,Pause anywhere. Scan me.,True,Pause anywhere. Scan me.,Pause anywhere. Scan me.,True,True,1,0,0,0
34,1.133,title,0,title,Pause anywhere. Scan me.,Pause anywhere. Scan me.,Pause anywhere. Scan me.,Pause anywhere. Scan me.,True,Pause anywhere. Scan me.,Pause anywhere. Scan me.,Pause anywhere. Scan me.,Pause anywhere. Scan me.,Pause anywhere. Scan me.,Pause anywhere. Scan me.,Pause anywhere. Scan me.,True,Pause anywhere. Scan me.,Pause anywhere. Scan me.,True,Pause anywhere. Scan me.,Pause anywhere. Scan me.,True,True,1,0,0,0
35,1.167,title,0,title,Pause anywhere. Scan me.,Pause anywhere. Scan me.,Pause anywhere. Scan me.,Pause anywhere. Scan me.,True,Pause anywhere. Scan me.,Pause anywhere. Scan me.,Pause anywhere. Scan me.,Pause anywhere. Scan me.,Pause anywhere. Scan me.,Pause anywhere. Scan me.,Pause anywhere. Scan me.,True,Pause anywhere. Scan me.,Pause anywhere. Scan me.,True,Pause anywhere. Scan me.,Pause anywhere. Scan me.,True,True,1,0,0,0
36,1.2,title,0,title,Pause anywhere. Scan me.,Pause anywhere. Scan me.,Pause anywhere. Scan me.,Pause anywhere. Scan me.,True,Pause anywhere. Scan me.,Pause anywhere. Scan me.,Pause anywhere. Scan me.,Pause anywhere. Scan me.,Pause anywhere. Scan me.,Pause anywhere. Scan me.,Pause anywhere. Scan me.,True,Pause anywhere. Scan me.,Pause anywhere. Scan me.,True,Pause anywhere. Scan me.,Pause anywhere. Scan me.,True,True,1,0,0,0
37,1.233,title,0,title,Pause anywhere. Scan me.,Pause anywhere. Scan me.,Pause anywhere. Scan me.,Pause anywhere. Scan me.,True,Pause anywhere. Scan me.,Pause anywhere. Scan me.,Pause anywhere. Scan me.,Pause anywhere. Scan me.,Pause anywhere. Scan me.,Pause anywhere. Scan me.,Pause anywhere. Scan me.,True,Pause anywhere. Scan me.,Pause anywhere. Scan me.,True,Pause anywhere. Scan me.,Pause anywhere. Scan me.,True,True,1,0,0,0
38,1.267,title,0,title,Pause anywhere. Scan me.,Pause anywhere. Scan me.,Pause anywhere. Scan me.,Pause anywhere. Scan me.,True,Pause anywhere. Scan me.,Pause anywhere. Scan me.,Pause anywhere. Scan me.,Pause anywhere. Scan me.,Pause anywhere. Scan me.,Pause anywhere. Scan me.,Pause anywhere. Scan me.,True,Pause anywhere. Scan me.,Pause anywhere. Scan me.,True,Pause anywhere. Scan me.,Pause anywhere. Scan me.,True,True,1,0,0,0
39,1.3,title,0,title,Pause anywhere. Scan me.,Pause anywhere. Scan me.,Pause anywhere. Scan me.,Pause anywhere. Scan me.,True,Pause anywhere. Scan me.,Pause anywhere. Scan me.,Pause anywhere. Scan me.,Pause anywhere. Scan me.,Pause anywhere. Scan me.,Pause anywhere. Scan me.,Pause anywhere. Scan me.,True,Pause anywhere. Scan me.,Pause anywhere. Scan me.,True,Pause anywhere. Scan me.,Pause anywhere. Scan me.,True,True,1,0,0,0
40,1.333,title,0,title,Pause anywhere. Scan me.,Pause anywhere. Scan me.,Pause anywhere. Scan me.,Pause anywhere. Scan me.,True,Pause anywhere. Scan me.,Pause anywhere. Scan me.,Pause anywhere. Scan me.,Pause anywhere. Scan me.,Pause anywhere. Scan me.,Pause anywhere. Scan me.,Pause anywhere. Scan me.,True,Pause anywhere. Scan me.,Pause anywhere. Scan me.,True,Pause anywhere. Scan me.,Pause anywhere. Scan me.,True,True,1,0,0,0
41,1.367,title,0,title,Pause anywhere. Scan me.,Pause anywhere. Scan me.,Pause anywhere. Scan me.,Pause anywhere. Scan me.,True,Pause anywhere. Scan me.,Pause anywhere. Scan me.,Pause anywhere. Scan me.,Pause anywhere. Scan me.,Pause anywhere. Scan me.,Pause anywhere. Scan me.,Pause anywhere. Scan me.,True,Pause anywhere. Scan me.,Pause anywhere. Scan me.,True,Pause anywhere. Scan me.,Pause anywhere. Scan me.,True,True,1,0,0,0
42,1.4,title,0,title,Pause anywhere. Scan me.,Pause anywhere. Scan me.,Pause anywhere. Scan me.,Pause anywhere. Scan me.,True,Pause anywhere. Scan me.,Pause anywhere. Scan me.,Pause anywhere. Scan me.,Pause anywhere. Scan me.,Pause anywhere. Scan me.,Pause anywhere. Scan me.,Pause anywhere. Scan me.,True,Pause anywhere. Scan me.,Pause anywhere. Scan me.,True,Pause anywhere. Scan me.,Pause anywhere. Scan me.,True,True,1,0,0,0
43,1.433,title,0,title,Pause anywhere. Scan me.,Pause anywhere. Scan me.,Pause anywhere. Scan me.,Pause anywhere. Scan me.,True,Pause anywhere. Scan me.,Pause anywhere. Scan me.,Pause anywhere. Scan me.,Pause anywhere. Scan me.,Pause anywhere. Scan me.,Pause anywhere. Scan me.,Pause anywhere. Scan me.,True,Pause anywhere. Scan me.,Pause anywhere. Scan me.,True,Pause anywhere. Scan me.,Pause anywhere. Scan me.,True,True,1,0,0,0
44,1.467,title,0,title,Pause anywhere. Scan me.,Pause anywhere. Scan me.,Pause anywhere. Scan me.,Pause anywhere. Scan me.,True,Pause anywhere. Scan me.,Pause anywhere. Scan me.,Pause anywhere. Scan me.,Pause anywhere. Scan me.,Pause anywhere. Scan me.,Pause anywhere. Scan me.,Pause anywhere. Scan me.,True,Pause anywhere. Scan me.,Pause anywhere. Scan me.,True,Pause anywhere. Scan me.,Pause anywhere. Scan me.,True,True,1,0,0,0
45,1.5,title,0,title,Pause anywhere. Scan me.,Pause anywhere. Scan me.,Pause anywhere. Scan me.,Pause anywhere. Scan me.,True,Pause anywhere. Scan me.,Pause anywhere. Scan me.,Pause anywhere. Scan me.,Pause anywhere. Scan me.,Pause anywhere. Scan me.,Pause anywhere. Scan me.,Pause anywhere. Scan me.,True,Pause anywhere. Scan me.,Pause anywhere. Scan me.,True,Pause anywhere. Scan me.,Pause anywhere. Scan me.,True,True,1,0,1,128
46,1.533,title,0,title,Pause anywhere. Scan me.,Pause anywhere. Scan me.,Pause anywhere. Scan me.,Pause anywhere. Scan me.,True,Pause anywhere. Scan me.,Pause anywhere. Scan me.,Pause anywhere. Scan me.,Pause anywhere. Scan me.,Pause anywhere. Scan me.,Pause anywhere. Scan me.,Pause anywhere. Scan me.,True,Pause anywhere. Scan me.,Pause anywhere. Scan me.,True,Pause anywhere. Scan me.,Pause anywhere. Scan me.,True,True,1,0,1,148
47,1.567,title,0,title,Pause anywhere. Scan me.,Pause anywhere. Scan me.,Pause anywhere. Scan me.,Pause anywhere. Scan me.,True,Pause anywhere. Scan me.,Pause anywhere. Scan me.,Pause anywhere. Scan me.,Pause anywhere. Scan me.,Pause anywhere. Scan me.,Pause anywhere. Scan me.,Pause anywhere. Scan me.,True,Pause anywhere. Scan me.,Pause anywhere. Scan me.,True,Pause anywhere. Scan me.,Pause anywhere. Scan me.,True,True,1,0,1,150
48,1.6,title,0,title,Pause anywhere. Scan me.,Pause anywhere. Scan me.,Pause anywhere. Scan me.,Pause anywhere. Scan me.,True,Pause anywhere. Scan me.,Pause anywhere. Scan me.,Pause anywhere. Scan me.,Pause anywhere. Scan me.,Pause anywhere. Scan me.,Pause anywhere. Scan me.,Pause anywhere. Scan me.,True,Pause anywhere. Scan me.,Pause anywhere. Scan me.,True,Pause anywhere. Scan me.,Pause anywhere. Scan me.,True,True,1,0,1,158
49,1.633,title,0,title,Pause anywhere. Scan me.,Pause anywhere. Scan me.,Pause anywhere. Scan me.,Pause anywhere. Scan me.,True,Pause anywhere. Scan me.,Pause anywhere. Scan me.,Pause anywhere. Scan me.,Pause anywhere. Scan me.,Pause anywhere. Scan me.,Pause anywhere. Scan me.,Pause anywhere. Scan me.,True,Pause anywhere. Scan me.,Pause anywhere. Scan me.,True,Pause anywhere. Scan me.,Pause anywhere. Scan me.,True,True,1,0,1,163
50,1.667,title,0,title,Pause anywhere. Scan me.,Pause anywhere. Scan me.,Pause anywhere. Scan me.,Pause anywhere. Scan me.,True,Pause anywhere. Scan me.,Pause anywhere. Scan me.,Pause anywhere. Scan me.,Pause anywhere. Scan me.,Pause anywhere. Scan me.,Pause anywhere. Scan me.,Pause anywhere. Scan me.,True,Pause anywhere. Scan me.,Pause anywhere. Scan me.,True,Pause anywhere. Scan me.,Pause anywhere. Scan me.,True,True,1,0,1,154
51,1.7,title,0,title,Pause anywhere. Scan me.,Pause anywhere. Scan me.,Pause anywhere. Scan me.,Pause anywhere. Scan me.,True,Pause anywhere. Scan me.,Pause anywhere. Scan me.,Pause anywhere. Scan me.,Pause anywhere. Scan me.,Pause anywhere. Scan me.,Pause anywhere. Scan me.,Pause anywhere. Scan me.,True,Pause anywhere. Scan me.,Pause anywhere. Scan me.,True,Pause anywhere. Scan me.,Pause anywhere. Scan me.,True,True,1,0,1,151
52,1.733,title,0,title,Pause anywhere. Scan me.,Pause anywhere. Scan me.,Pause anywhere. Scan me.,Pause anywhere. Scan me.,True,Pause anywhere. Scan me.,Pause anywhere. Scan me.,Pause anywhere. Scan me.,Pause anywhere. Scan me.,Pause anywhere. Scan me.,Pause anywhere. Scan me.,Pause anywhere. Scan me.,True,Pause anywhere. Scan me.,Pause anywhere. Scan me.,True,Pause anywhere. Scan me.,Pause anywhere. Scan me.,True,True,1,0,1,151
53,1.767,title,0,title,Pause anywhere. Scan me.,Pause anywhere. Scan me.,Pause anywhere. Scan me.,Pause anywhere. Scan me.,True,Pause anywhere. Scan me.,Pause anywhere. Scan me.,Pause anywhere. Scan me.,Pause anywhere. Scan me.,Pause anywhere. Scan me.,Pause anywhere. Scan me.,Pause anywhere. Scan me.,True,Pause anywhere. Scan me.,Pause anywhere. Scan me.,True,Pause anywhere. Scan me.,Pause anywhere. Scan me.,True,True,0,0,1,151
54,1.8,title,0,title,Pause anywhere. Scan me.,Pause anywhere. Scan me.,Pause anywhere. Scan me.,Pause anywhere. Scan me.,True,Pause anywhere. Scan me.,Pause anywhere. Scan me.,Pause anywhere. Scan me.,Pause anywhere. Scan me.,Pause anywhere. Scan me.,Pause anywhere. Scan me.,Pause anywhere. Scan me.,True,Pause anywhere. Scan me.,Pause anywhere. Scan me.,True,Pause anywhere. Scan me.,Pause anywhere. Scan me.,True,True,0,0,1,151
55,1.833,title,0,title,Pause anywhere. Scan me.,Pause anywhere. Scan me.,Pause anywhere. Scan me.,Pause anywhere. Scan me.,True,Pause anywhere. Scan me.,Pause anywhere. Scan me.,Pause anywhere. Scan me.,Pause anywhere. Scan me.,Pause anywhere. Scan me.,Pause anywhere. Scan me.,Pause anywhere. Scan me.,True,Pause anywhere. Scan me.,Pause anywhere. Scan me.,True,Pause anywhere. Scan me.,Pause anywhere. Scan me.,True,True,0,0,1,151
56,1.867,title,0,title,Pause anywhere. Scan me.,Pause anywhere. Scan me.,Pause anywhere. Scan me.,Pause anywhere. Scan me.,True,Pause anywhere. Scan me.,Pause anywhere. Scan me.,Pause anywhere. Scan me.,Pause anywhere. Scan me.,Pause anywhere. Scan me.,Pause anywhere. Scan me.,Pause anywhere. Scan me.,True,Pause anywhere. Scan me.,Pause anywhere. Scan me.,True,Pause anywhere. Scan me.,Pause anywhere. Scan me.,True,True,0,0,1,151
57,1.9,title,0,title,Pause anywhere. Scan me.,Pause anywhere. Scan me.,Pause anywhere. Scan me.,Pause anywhere. Scan me.,True,Pause anywhere. Scan me.,Pause anywhere. Scan me.,Pause anywhere. Scan me.,Pause anywhere. Scan me.,Pause anywhere. Scan me.,Pause anywhere. Scan me.,Pause anywhere. Scan me.,True,Pause anywhere. Scan me.,Pause anywhere. Scan me.,True,Pause anywhere. Scan me.,Pause anywhere. Scan me.,True,True,0,0,1,151
58,1.933,title,0,title,Pause anywhere. Scan me.,Pause anywhere. Scan me.,Pause anywhere. Scan me.,Pause anywhere. Scan me.,True,Pause anywhere. Scan me.,Pause anywhere. Scan me.,Pause anywhere. Scan me.,Pause anywhere. Scan me.,Pause anywhere. Scan me.,Pause anywhere. Scan me.,Pause anywhere. Scan me.,True,Pause anywhere. Scan me.,Pause anywhere. Scan me.,True,Pause anywhere. Scan me.,Pause anywhere. Scan me.,True,True,0,0,1,135
59,1.967,title,0,title,Pause anywhere. Scan me.,Pause anywhere. Scan me.,Pause anywhere. Scan me.,Pause anywhere. Scan me.,True,Pause anywhere. Scan me.,Pause anywhere. Scan me.,Pause anywhere. Scan me.,Pause anywhere. Scan me.,Pause anywhere. Scan me.,Pause anywhere. Scan me.,Pause anywhere. Scan me.,True,Pause anywhere. Scan me.,Pause anywhere. Scan me.,True,Pause anywhere. Scan me.,Pause anywhere. Scan me.,True,True,2,0,1,93
60,2.0,title,0,title,Pause anywhere. Scan me.,Pause anywhere. Scan me.,Pause anywhere. Scan me.,Pause anywhere. Scan me.,True,Pause anywhere. Scan me.,Pause anywhere. Scan me.,Pause anywhere. Scan me.,Pause anywhere. Scan me.,Pause anywhere. Scan me.,Pause anywhere. Scan me.,Pause anywhere. Scan me.,True,Pause anywhere. Scan me.,Pause anywhere. Scan me.,True,Pause anywhere. Scan me.,Pause anywhere. Scan me.,True,True,2,0,1,88
61,2.033,title,0,title,Pause anywhere. Scan me.,Pause anywhere. Scan me.,Pause anywhere. Scan me.,Pause anywhere. Scan me.,True,Pause anywhere. Scan me.,Pause anywhere. Scan me.,Pause anywhere. Scan me.,Pause anywhere. Scan me.,Pause anywhere. Scan me.,Pause anywhere. Scan me.,Pause anywhere. Scan me.,True,Pause anywhere. Scan me.,Pause anywhere. Scan me.,True,Pause anywhere. Scan me.,Pause anywhere. Scan me.,True,True,2,0,0,73
62,2.067,title,0,title,Pause anywhere. Scan me.,Pause anywhere. Scan me.,Pause anywhere. Scan me.,Pause anywhere. Scan me.,True,Pause anywhere. Scan me.,Pause anywhere. Scan me.,Pause anywhere. Scan me.,Pause anywhere. Scan me.,Pause anywhere. Scan me.,Pause anywhere. Scan me.,Pause anywhere. Scan me.,True,Pause anywhere. Scan me.,Pause anywhere. Scan me.,True,Pause anywhere. Scan me.,Pause anywhere. Scan me.,True,True,1,0,0,61
63,2.1,title,0,title,Pause anywhere. Scan me.,Pause anywhere. Scan me.,Pause anywhere. Scan me.,Pause anywhere. Scan me.,True,Pause anywhere. Scan me.,Pause anywhere. Scan me.,Pause anywhere. Scan me.,Pause anywhere. Scan me.,Pause anywhere. Scan me.,Pause anywhere. Scan me.,Pause anywhere. Scan me.,True,Pause anywhere. Scan me.,Pause anywhere. Scan me.,True,Pause anywhere. Scan me.,Pause anywhere. Scan me.,True,True,1,0,0,46
64,2.133,title,0,title,Pause anywhere. Scan me.,Pause anywhere. Scan me.,Pause anywhere. Scan me.,Pause anywhere. Scan me.,True,Pause anywhere. Scan me.,Pause anywhere. Scan me.,Pause anywhere. Scan me.,Pause anywhere. Scan me.,Pause anywhere. Scan me.,Pause anywhere. Scan me.,Pause anywhere. Scan me.,True,Pause anywhere. Scan me.,Pause anywhere. Scan me.,True,Pause anywhere. Scan me.,Pause anywhere. Scan me.,True,True,1,0,0,33
65,2.167,title,0,title,Pause anywhere. Scan me.,Pause anywhere. Scan me.,Pause anywhere. Scan me.,Pause anywhere. Scan me.,True,Pause anywhere. Scan me.,Pause anywhere. Scan me.,Pause anywhere. Scan me.,Pause anywhere. Scan me.,Pause anywhere. Scan me.,Pause anywhere. Scan me.,Pause anywhere. Scan me.,True,Pause anywhere. Scan me.,Pause anywhere. Scan me.,True,Pause anywhere. Scan me.,Pause anywhere. Scan me.,True,True,1,0,0,27
66,2.2,title,0,title,Pause anywhere. Scan me.,Pause anywhere. Scan me.,Pause anywhere. Scan me.,Pause anywhere. Scan me.,True,Pause anywhere. Scan me.,Pause anywhere. Scan me.,Pause anywhere. Scan me.,Pause anywhere. Scan me.,Pause anywhere. Scan me.,Pause anywhere. Scan me.,Pause anywhere. Scan me.,True,Pause anywhere. Scan me.,Pause anywhere. Scan me.,True,Pause anywhere. Scan me.,Pause anywhere. Scan me.,True,True,2,0,0,23
67,2.233,title,0,title,Pause anywhere. Scan me.,Pause anywhere. Scan me.,Pause anywhere. Scan me.,Pause anywhere. Scan me.,True,Pause anywhere. Scan me.,Pause anywhere. Scan me.,Pause anywhere. Scan me.,Pause anywhere. Scan me.,Pause anywhere. Scan me.,Pause anywhere. Scan me.,Pause anywhere. Scan me.,True,Pause anywhere. Scan me.,Pause anywhere. Scan me.,True,Pause anywhere. Scan me.,Pause anywhere. Scan me.,True,True,2,0,0,21
68,2.267,title,0,title,Pause anywhere. Scan me.,Pause anywhere. Scan me.,Pause anywhere. Scan me.,Pause anywhere. Scan me.,True,Pause anywhere. Scan me.,Pause anywhere. Scan me.,Pause anywhere. Scan me.,Pause anywhere. Scan me.,Pause anywhere. Scan me.,Pause anywhere. Scan me.,Pause anywhere. Scan me.,True,Pause anywhere. Scan me.,Pause anywhere. Scan me.,True,Pause anywhere. Scan me.,Pause anywhere. Scan me.,True,True,2,0,0,13
69,2.3,title,0,title,Pause anywhere. Scan me.,Pause anywhere. Scan me.,Pause anywhere. Scan me.,Pause anywhere. Scan me.,True,Pause anywhere. Scan me.,Pause anywhere. Scan me.,Pause anywhere. Scan me.,Pause anywhere. Scan me.,Pause anywhere. Scan me.,Pause anywhere. Scan me.,Pause anywhere. Scan me.,True,Pause anywhere. Scan me.,Pause anywhere. Scan me.,True,Pause anywhere. Scan me.,Pause anywhere. Scan me.,True,True,1,0,0,8
70,2.333,title,0,title,Pause anywhere. Scan me.,Pause anywhere. Scan me.,Pause anywhere. Scan me.,Pause anywhere. Scan me.,True,Pause anywhere. Scan me.,Pause anywhere. Scan me.,Pause anywhere. Scan me.,Pause anywhere. Scan me.,Pause anywhere. Scan me.,Pause anywhere. Scan me.,Pause anywhere. Scan me.,True,Pause anywhere. Scan me.,Pause anywhere. Scan me.,True,Pause anywhere. Scan me.,Pause anywhere. Scan me.,True,True,1,0,0,5
71,2.367,title,0,title,Pause anywhere. Scan me.,Pause anywhere. Scan me.,Pause anywhere. Scan me.,Pause anywhere. Scan me.,True,Pause anywhere. Scan me.,Pause anywhere. Scan me.,Pause anywhere. Scan me.,Pause anywhere. Scan me.,Pause anywhere. Scan me.,Pause anywhere. Scan me.,Pause anywhere. Scan me.,True,Pause anywhere. Scan me.,Pause anywhere. Scan me.,True,Pause anywhere. Scan me.,Pause anywhere. Scan me.,True,True,1,0,0,0
72,2.4,title,0,title,Pause anywhere. Scan me.,Pause anywhere. Scan me.,Pause anywhere. Scan me.,Pause anywhere. Scan me.,True,Pause anywhere. Scan me.,Pause anywhere. Scan me.,Pause anywhere. Scan me.,Pause anywhere. Scan me.,Pause anywhere. Scan me.,Pause anywhere. Scan me.,Pause anywhere. Scan me.,True,Pause anywhere. Scan me.,Pause anywhere. Scan me.,True,Pause anywhere. Scan me.,Pause anywhere. Scan me.,True,True,0,0,0,0
73,2.433,title,0,title,Pause anywhere. Scan me.,Pause anywhere. Scan me.,Pause anywhere. Scan me.,Pause anywhere. Scan me.,True,Pause anywhere. Scan me.,Pause anywhere. Scan me.,Pause anywhere. Scan me.,Pause anywhere. Scan me.,Pause anywhere. Scan me.,Pause anywhere. Scan me.,Pause anywhere. Scan me.,True,Pause anywhere. Scan me.,Pause anywhere. Scan me.,True,Pause anywhere. Scan me.,Pause anywhere. Scan me.,True,True,0,0,0,0
74,2.467,title,0,title,Pause anywhere. Scan me.,Pause anywhere. Scan me.,Pause anywhere. Scan me.,Pause anywhere. Scan me.,True,Pause anywhere. Scan me.,Pause anywhere. Scan me.,Pause anywhere. Scan me.,Pause anywhere. Scan me.,Pause anywhere. Scan me.,Pause anywhere. Scan me.,Pause anywhere. Scan me.,True,Pause anywhere. Scan me.,Pause anywhere. Scan me.,True,Pause anywhere. Scan me.,Pause anywhere. Scan me.,True,True,0,0,0,0
75,2.5,title,0,title,Pause anywhere. Scan me.,Pause anywhere. Scan me.,Pause anywhere. Scan me.,Pause anywhere. Scan me.,True,Pause anywhere. Scan me.,Pause anywhere. Scan me.,Pause anywhere. Scan me.,Pause anywhere. Scan me.,Pause anywhere. Scan me.,Pause anywhere. Scan me.,Pause anywhere. Scan me.,True,Pause anywhere. Scan me.,Pause anywhere. Scan me.,True,Pause anywhere. Scan me.,Pause anywhere. Scan me.,True,True,0,0,0,0
76,2.533,title,0,title,Pause anywhere. Scan me.,Pause anywhere. Scan me.,Pause anywhere. Scan me.,Pause anywhere. Scan me.,True,Pause anywhere. Scan me.,Pause anywhere. Scan me.,Pause anywhere. Scan me.,Pause anywhere. Scan me.,Pause anywhere. Scan me.,Pause anywhere. Scan me.,Pause anywhere. Scan me.,True,Pause anywhere. Scan me.,Pause anywhere. Scan me.,True,Pause anywhere. Scan me.,Pause anywhere. Scan me.,True,True,0,0,0,0
77,2.567,title,0,title,Pause anywhere. Scan me.,Pause anywhere. Scan me.,Pause anywhere. Scan me.,Pause anywhere. Scan me.,True,Pause anywhere. Scan me.,Pause anywhere. Scan me.,Pause anywhere. Scan me.,Pause anywhere. Scan me.,Pause anywhere. Scan me.,Pause anywhere. Scan me.,Pause anywhere. Scan me.,True,Pause anywhere. Scan me.,Pause anywhere. Scan me.,True,Pause anywhere. Scan me.,Pause anywhere. Scan me.,True,True,0,0,0,0
78,2.6,title,0,title,Pause anywhere. Scan me.,Pause anywhere. Scan me.,Pause anywhere. Scan me.,Pause anywhere. Scan me.,True,Pause anywhere. Scan me.,Pause anywhere. Scan me.,Pause anywhere. Scan me.,Pause anywhere. Scan me.,Pause anywhere. Scan me.,Pause anywhere. Scan me.,Pause anywhere. Scan me.,True,Pause anywhere. Scan me.,Pause anywhere. Scan me.,True,Pause anywhere. Scan me.,Pause anywhere. Scan me.,True,True,0,0,0,0
79,2.633,title,0,title,Pause anywhere. Scan me.,Pause anywhere. Scan me.,Pause anywhere. Scan me.,Pause anywhere. Scan me.,True,Pause anywhere. Scan me.,Pause anywhere. Scan me.,Pause anywhere. Scan me.,Pause anywhere. Scan me.,Pause anywhere. Scan me.,Pause anywhere. Scan me.,Pause anywhere. Scan me.,True,Pause anywhere. Scan me.,Pause anywhere. Scan me.,True,Pause anywhere. Scan me.,Pause anywhere. Scan me.,True,True,0,0,0,0
80,2.667,title,0,title,Pause anywhere. Scan me.,Pause anywhere. Scan me.,Pause anywhere. Scan me.,Pause anywhere. Scan me.,True,Pause anywhere. Scan me.,Pause anywhere. Scan me.,Pause anywhere. Scan me.,Pause anywhere. Scan me.,Pause anywhere. Scan me.,Pause anywhere. Scan me.,Pause anywhere. Scan me.,True,Pause anywhere. Scan me.,Pause anywhere. Scan me.,True,Pause anywhere. Scan me.,Pause anywhere. Scan me.,True,True,0,0,0,0
81,2.7,title,0,title,Pause anywhere. Scan me.,Pause anywhere. Scan me.,Pause anywhere. Scan me.,Pause anywhere. Scan me.,True,Pause anywhere. Scan me.,Pause anywhere. Scan me.,Pause anywhere. Scan me.,Pause anywhere. Scan me.,Pause anywhere. Scan me.,Pause anywhere. Scan me.,Pause anywhere. Scan me.,True,Pause anywhere. Scan me.,Pause anywhere. Scan me.,True,Pause anywhere. Scan me.,Pause anywhere. Scan me.,True,True,0,0,0,0
82,2.733,title,0,title,Pause anywhere. Scan me.,Pause anywhere. Scan me.,Pause anywhere. Scan me.,Pause anywhere. Scan me.,True,Pause anywhere. Scan me.,Pause anywhere. Scan me.,Pause anywhere. Scan me.,Pause anywhere. Scan me.,Pause anywhere. Scan me.,Pause anywhere. Scan me.,Pause anywhere. Scan me.,True,Pause anywhere. Scan me.,Pause anywhere. Scan me.,True,Pause anywhere. Scan me.,Pause anywhere. Scan me.,True,True,0,0,0,0
83,2.767,title,0,title,Pause anywhere. Scan me.,Pause anywhere. Scan me.,Pause anywhere. Scan me.,Pause anywhere. Scan me.,True,Pause anywhere. Scan me.,Pause anywhere. Scan me.,Pause anywhere. Scan me.,Pause anywhere. Scan me.,Pause anywhere. Scan me.,Pause anywhere. Scan me.,Pause anywhere. Scan me.,True,Pause anywhere. Scan me.,Pause anywhere. Scan me.,True,Pause anywhere. Scan me.,Pause anywhere. Scan me.,True,True,0,0,0,0
84,2.8,title,0,title,Pause anywhere. Scan me.,Pause anywhere. Scan me.,Pause anywhere. Scan me.,Pause anywhere. Scan me.,True,Pause anywhere. Scan me.,Pause anywhere. Scan me.,Pause anywhere. Scan me.,Pause anywhere. Scan me.,Pause anywhere. Scan me.,Pause anywhere. Scan me.,Pause anywhere. Scan me.,True,Pause anywhere. Scan me.,Pause anywhere. Scan me.,True,Pause anywhere. Scan me.,Pause anywhere. Scan me.,True,True,0,0,0,0
85,2.833,title,0,title,Pause anywhere. Scan me.,Pause anywhere. Scan me.,Pause anywhere. Scan me.,Pause anywhere. Scan me.,True,Pause anywhere. Scan me.,Pause anywhere. Scan me.,Pause anywhere. Scan me.,Pause anywhere. Scan me.,Pause anywhere. Scan me.,Pause anywhere. Scan me.,Pause anywhere. Scan me.,True,Pause anywhere. Scan me.,Pause anywhere. Scan me.,True,Pause anywhere. Scan me.,Pause anywhere. Scan me.,True,True,0,0,0,0
86,2.867,title,0,title,Pause anywhere. Scan me.,Pause anywhere. Scan me.,Pause anywhere. Scan me.,Pause anywhere. Scan me.,True,Pause anywhere. Scan me.,Pause anywhere. Scan me.,Pause anywhere. Scan me.,Pause anywhere. Scan me.,Pause anywhere. Scan me.,Pause anywhere. Scan me.,Pause anywhere. Scan me.,True,Pause anywhere. Scan me.,Pause anywhere. Scan me.,True,Pause anywhere. Scan me.,Pause anywhere. Scan me.,True,True,0,0,0,0
87,2.9,title,0,title,Pause anywhere. Scan me.,Pause anywhere. Scan me.,Pause anywhere. Scan me.,Pause anywhere. Scan me.,True,Pause anywhere. Scan me.,Pause anywhere. Scan me.,Pause anywhere. Scan me.,Pause anywhere. Scan me.,Pause anywhere. Scan me.,Pause anywhere. Scan me.,Pause anywhere. Scan me.,True,Pause anywhere. Scan me.,Pause anywhere. Scan me.,True,Pause anywhere. Scan me.,Pause anywhere. Scan me.,True,True,0,0,0,0
88,2.933,title,0,title,Pause anywhere. Scan me.,Pause anywhere. Scan me.,Pause anywhere. Scan me.,Pause anywhere. Scan me.,True,Pause anywhere. Scan me.,Pause anywhere. Scan me.,Pause anywhere. Scan me.,Pause anywhere. Scan me.,Pause anywhere. Scan me.,Pause anywhere. Scan me.,Pause anywhere. Scan me.,True,Pause anywhere. Scan me.,Pause anywhere. Scan me.,True,Pause anywhere. Scan me.,Pause anywhere. Scan me.,True,True,0,0,0,0
89,2.967,title,0,title,Pause anywhere. Scan me.,Pause anywhere. Scan me.,Pause anywhere. Scan me.,Pause anywhere. Scan me.,True,Pause anywhere. Scan me.,Pause anywhere. Scan me.,Pause anywhere. Scan me.,Pause anywhere. Scan me.,Pause anywhere. Scan me.,Pause anywhere. Scan me.,Pause anywhere. Scan me.,True,Pause anywhere. Scan me.,Pause anywhere. Scan me.,True,Pause anywhere. Scan me.,Pause anywhere. Scan me.,True,True,0,0,0,0
90,3.0,title,0,title,Pause anywhere. Scan me.,Pause anywhere. Scan me.,Pause anywhere. Scan me.,Pause anywhere. Scan me.,True,Pause anywhere. Scan me.,Pause anywhere. Scan me.,Pause anywhere. Scan me.,Pause anywhere. Scan me.,Pause anywhere. Scan me.,Pause anywhere. Scan me.,Pause anywhere. Scan me.,True,Pause anywhere. Scan me.,Pause anywhere. Scan me.,True,Pause anywhere. Scan me.,Pause anywhere. Scan me.,True,True,0,0,0,0
91,3.033,title,0,title,Pause anywhere. Scan me.,Pause anywhere. Scan me.,Pause anywhere. Scan me.,Pause anywhere. Scan me.,True,Pause anywhere. Scan me.,Pause anywhere. Scan me.,Pause anywhere. Scan me.,Pause anywhere. Scan me.,Pause anywhere. Scan me.,Pause anywhere. Scan me.,Pause anywhere. Scan me.,True,Pause anywhere. Scan me.,Pause anywhere. Scan me.,True,Pause anywhere. Scan me.,Pause anywhere. Scan me.,True,True,0,0,0,0
92,3.067,title,0,title,Pause anywhere. Scan me.,Pause anywhere. Scan me.,Pause anywhere. Scan me.,Pause anywhere. Scan me.,True,Pause anywhere. Scan me.,Pause anywhere. Scan me.,Pause anywhere. Scan me.,Pause anywhere. Scan me.,Pause anywhere. Scan me.,Pause anywhere. Scan me.,Pause anywhere. Scan me.,True,Pause anywhere. Scan me.,Pause anywhere. Scan me.,True,Pause anywhere. Scan me.,Pause anywhere. Scan me.,True,True,0,0,0,0
93,3.1,title,0,title,Pause anywhere. Scan me.,Pause anywhere. Scan me.,Pause anywhere. Scan me.,Pause anywhere. Scan me.,True,Pause anywhere. Scan me.,Pause anywhere. Scan me.,Pause anywhere. Scan me.,Pause anywhere. Scan me.,Pause anywhere. Scan me.,Pause anywhere. Scan me.,Pause anywhere. Scan me.,True,Pause anywhere. Scan me.,Pause anywhere. Scan me.,True,Pause anywhere. Scan me.,Pause anywhere. Scan me.,True,True,0,0,0,0
94,3.133,title,0,title,Pause anywhere. Scan me.,Pause anywhere. Scan me.,Pause anywhere. Scan me.,Pause anywhere. Scan me.,True,Pause anywhere. Scan me.,Pause anywhere. Scan me.,Pause anywhere. Scan me.,Pause anywhere. Scan me.,Pause anywhere. Scan me.,Pause anywhere. Scan me.,Pause anywhere. Scan me.,True,Pause anywhere. Scan me.,Pause anywhere. Scan me.,True,Pause anywhere. Scan me.,Pause anywhere. Scan me.,True,True,0,0,0,0
95,3.167,title,0,title,Pause anywhere. Scan me.,Pause anywhere. Scan me.,Pause anywhere. Scan me.,Pause anywhere. Scan me.,True,Pause anywhere. Scan me.,Pause anywhere. Scan me.,Pause anywhere. Scan me.,Pause anywhere. Scan me.,Pause anywhere. Scan me.,Pause anywhere. Scan me.,Pause anywhere. Scan me.,True,Pause anywhere. Scan me.,Pause anywhere. Scan me.,True,Pause anywhere. Scan me.,Pause anywhere. Scan me.,True,True,0,0,0,0
96,3.2,title,0,title,Pause anywhere. Scan me.,Pause anywhere. Scan me.,Pause anywhere. Scan me.,Pause anywhere. Scan me.,True,Pause anywhere. Scan me.,Pause anywhere. Scan me.,Pause anywhere. Scan me.,Pause anywhere. Scan me.,Pause anywhere. Scan me.,Pause anywhere. Scan me.,Pause anywhere. Scan me.,True,Pause anywhere. Scan me.,Pause anywhere. Scan me.,True,Pause anywhere. Scan me.,Pause anywhere. Scan me.,True,True,0,0,0,0
97,3.233,title,0,title,Pause anywhere. Scan me.,Pause anywhere. Scan me.,Pause anywhere. Scan me.,Pause anywhere. Scan me.,True,Pause anywhere. Scan me.,Pause anywhere. Scan me.,Pause anywhere. Scan me.,Pause anywhere. Scan me.,Pause anywhere. Scan me.,Pause anywhere. Scan me.,Pause anywhere. Scan me.,True,Pause anywhere. Scan me.,Pause anywhere. Scan me.,True,Pause anywhere. Scan me.,Pause anywhere. Scan me.,True,True,0,0,0,0
98,3.267,title,0,title,Pause anywhere. Scan me.,Pause anywhere. Scan me.,Pause anywhere. Scan me.,Pause anywhere. Scan me.,True,Pause anywhere. Scan me.,Pause anywhere. Scan me.,Pause anywhere. Scan me.,Pause anywhere. Scan me.,Pause anywhere. Scan me.,Pause anywhere. Scan me.,Pause anywhere. Scan me.,True,Pause anywhere. Scan me.,Pause anywhere. Scan me.,True,Pause anywhere. Scan me.,Pause anywhere. Scan me.,True,True,0,0,0,0
99,3.3,title,0,title,Pause anywhere. Scan me.,Pause anywhere. Scan me.,Pause anywhere. Scan me.,Pause anywhere. Scan me.,True,Pause anywhere. Scan me.,Pause anywhere. Scan me.,Pause anywhere. Scan me.,Pause anywhere. Scan me.,Pause anywhere. Scan me.,Pause anywhere. Scan me.,Pause anywhere. Scan me.,True,Pause anywhere. Scan me.,Pause anywhere. Scan me.,True,Pause anywhere. Scan me.,Pause anywhere. Scan me.,True,True,0,0,0,0
100,3.333,title,0,title,Pause anywhere. Scan me.,Pause anywhere. Scan me.,Pause anywhere. Scan me.,Pause anywhere. Scan me.,True,Pause anywhere. Scan me.,Pause anywhere. Scan me.,Pause anywhere. Scan me.,Pause anywhere. Scan me.,Pause anywhere. Scan me.,Pause anywhere. Scan me.,Pause anywhere. Scan me.,True,Pause anywhere. Scan me.,Pause anywhere. Scan me.,True,Pause anywhere. Scan me.,Pause anywhere. Scan me.,True,True,0,0,0,0
101,3.367,title,0,title,Pause anywhere. Scan me.,Pause anywhere. Scan me.,Pause anywhere. Scan me.,Pause anywhere. Scan me.,True,Pause anywhere. Scan me.,Pause anywhere. Scan me.,Pause anywhere. Scan me.,Pause anywhere. Scan me.,Pause anywhere. Scan me.,Pause anywhere. Scan me.,Pause anywhere. Scan me.,True,Pause anywhere. Scan me.,Pause anywhere. Scan me.,True,Pause anywhere. Scan me.,Pause anywhere. Scan me.,True,True,0,0,0,0
102,3.4,title,0,title,Pause anywhere. Scan me.,Pause anywhere. Scan me.,Pause anywhere. Scan me.,Pause anywhere. Scan me.,True,Pause anywhere. Scan me.,Pause anywhere. Scan me.,Pause anywhere. Scan me.,Pause anywhere. Scan me.,Pause anywhere. Scan me.,Pause anywhere. Scan me.,Pause anywhere. Scan me.,True,Pause anywhere. Scan me.,Pause anywhere. Scan me.,True,Pause anywhere. Scan me.,Pause anywhere. Scan me.,True,True,0,0,0,0
103,3.433,title,0,title,Pause anywhere. Scan me.,Pause anywhere. Scan me.,Pause anywhere. Scan me.,Pause anywhere. Scan me.,True,Pause anywhere. Scan me.,Pause anywhere. Scan me.,Pause anywhere. Scan me.,Pause anywhere. Scan me.,Pause anywhere. Scan me.,Pause anywhere. Scan me.,Pause anywhere. Scan me.,True,Pause anywhere. Scan me.,Pause anywhere. Scan me.,True,Pause anywhere. Scan me.,Pause anywhere. Scan me.,True,True,0,0,0,0
104,3.467,title,0,title,Pause anywhere. Scan me.,Pause anywhere. Scan me.,Pause anywhere. Scan me.,Pause anywhere. Scan me.,True,Pause anywhere. Scan me.,Pause anywhere. Scan me.,Pause anywhere. Scan me.,Pause anywhere. Scan me.,Pause anywhere. Scan me.,Pause anywhere. Scan me.,Pause anywhere. Scan me.,True,Pause anywhere. Scan me.,Pause anywhere. Scan me.,True,Pause anywhere. Scan me.,Pause anywhere. Scan me.,True,True,0,0,0,0
105,3.5,title,0,title,Pause anywhere. Scan me.,Pause anywhere. Scan me.,Pause anywhere. Scan me.,Pause anywhere. Scan me.,True,Pause anywhere. Scan me.,Pause anywhere. Scan me.,Pause anywhere. Scan me.,Pause anywhere. Scan me.,Pause anywhere. Scan me.,Pause anywhere. Scan me.,Pause anywhere. Scan me.,True,Pause anywhere. Scan me.,Pause anywhere. Scan me.,True,Pause anywhere. Scan me.,Pause anywhere. Scan me.,True,True,0,0,0,0
106,3.533,title,0,title,Pause anywhere. Scan me.,Pause anywhere. Scan me.,Pause anywhere. Scan me.,Pause anywhere. Scan me.,True,Pause anywhere. Scan me.,Pause anywhere. Scan me.,Pause anywhere. Scan me.,Pause anywhere. Scan me.,Pause anywhere. Scan me.,Pause anywhere. Scan me.,Pause anywhere. Scan me.,True,Pause anywhere. Scan me.,Pause anywhere. Scan me.,True,Pause anywhere. Scan me.,Pause anywhere. Scan me.,True,True,0,0,0,0
107,3.567,title,0,title,Pause anywhere. Scan me.,Pause anywhere. Scan me.,Pause anywhere. Scan me.,Pause anywhere. Scan me.,True,Pause anywhere. Scan me.,Pause anywhere. Scan me.,Pause anywhere. Scan me.,Pause anywhere. Scan me.,Pause anywhere. Scan me.,Pause anywhere. Scan me.,Pause anywhere. Scan me.,True,Pause anywhere. Scan me.,Pause anywhere. Scan me.,True,Pause anywhere. Scan me.,Pause anywhere. Scan me.,True,True,0,0,0,0
108,3.6,title,0,title,Pause anywhere. Scan me.,Pause anywhere. Scan me.,Pause anywhere. Scan me.,Pause anywhere. Scan me.,True,Pause anywhere. Scan me.,Pause anywhere. Scan me.,Pause anywhere. Scan me.,Pause anywhere. Scan me.,Pause anywhere. Scan me.,Pause anywhere. Scan me.,Pause anywhere. Scan me.,True,Pause anywhere. Scan me.,Pause anywhere. Scan me.,True,Pause anywhere. Scan me.,Pause anywhere. Scan me.,True,True,0,0,0,0
109,3.633,title,0,title,Pause anywhere. Scan me.,Pause anywhere. Scan me.,Pause anywhere. Scan me.,Pause anywhere. Scan me.,True,Pause anywhere. Scan me.,Pause anywhere. Scan me.,Pause anywhere. Scan me.,Pause anywhere. Scan me.,Pause anywhere. Scan me.,Pause anywhere. Scan me.,Pause anywhere. Scan me.,True,Pause anywhere. Scan me.,Pause anywhere. Scan me.,True,Pause anywhere. Scan me.,Pause anywhere. Scan me.,True,True,0,0,0,0
110,3.667,title,0,title,Pause anywhere. Scan me.,Pause anywhere. Scan me.,Pause anywhere. Scan me.,Pause anywhere. Scan me.,True,Pause anywhere. Scan me.,Pause anywhere. Scan me.,Pause anywhere. Scan me.,Pause anywhere. Scan me.,Pause anywhere. Scan me.,Pause anywhere. Scan me.,Pause anywhere. Scan me.,True,Pause anywhere. Scan me.,Pause anywhere. Scan me.,True,Pause anywhere. Scan me.,Pause anywhere. Scan me.,True,True,0,0,0,0
111,3.7,title,0,title,Pause anywhere. Scan me.,Pause anywhere. Scan me.,Pause anywhere. Scan me.,Pause anywhere. Scan me.,True,Pause anywhere. Scan me.,Pause anywhere. Scan me.,Pause anywhere. Scan me.,Pause anywhere. Scan me.,Pause anywhere. Scan me.,Pause anywhere. Scan me.,Pause anywhere. Scan me.,True,Pause anywhere. Scan me.,Pause anywhere. Scan me.,True,Pause anywhere. Scan me.,Pause anywhere. Scan me.,True,True,0,0,0,0
112,3.733,title,0,title,Pause anywhere. Scan me.,Pause anywhere. Scan me.,Pause anywhere. Scan me.,Pause anywhere. Scan me.,True,Pause anywhere. Scan me.,Pause anywhere. Scan me.,Pause anywhere. Scan me.,Pause anywhere. Scan me.,Pause anywhere. Scan me.,Pause anywhere. Scan me.,Pause anywhere. Scan me.,True,Pause anywhere. Scan me.,Pause anywhere. Scan me.,True,Pause anywhere. Scan me.,Pause anywhere. Scan me.,True,True,0,0,0,0
113,3.767,title,0,title,Pause anywhere. Scan me.,Pause anywhere. Scan me.,Pause anywhere. Scan me.,Pause anywhere. Scan me.,True,Pause anywhere. Scan me.,Pause anywhere. Scan me.,Pause anywhere. Scan me.,Pause anywhere. Scan me.,Pause anywhere. Scan me.,Pause anywhere. Scan me.,Pause anywhere. Scan me.,True,Pause anywhere. Scan me.,Pause anywhere. Scan me.,True,Pause anywhere. Scan me.,Pause anywhere. Scan me.,True,True,0,0,0,0
114,3.8,title,0,title,Pause anywhere. Scan me.,Pause anywhere. Scan me.,Pause anywhere. Scan me.,Pause anywhere. Scan me.,True,Pause anywhere. Scan me.,Pause anywhere. Scan me.,Pause anywhere. Scan me.,Pause anywhere. Scan me.,Pause anywhere. Scan me.,Pause anywhere. Scan me.,Pause anywhere. Scan me.,True,Pause anywhere. Scan me.,Pause anywhere. Scan me.,True,Pause anywhere. Scan me.,Pause anywhere. Scan me.,True,True,0,0,0,0
115,3.833,title,0,title,Pause anywhere. Scan me.,Pause anywhere. Scan me.,Pause anywhere. Scan me.,Pause anywhere. Scan me.,True,Pause anywhere. Scan me.,Pause anywhere. Scan me.,Pause anywhere. Scan me.,Pause anywhere. Scan me.,Pause anywhere. Scan me.,Pause anywhere. Scan me.,Pause anywhere. Scan me.,True,Pause anywhere. Scan me.,Pause anywhere. Scan me.,True,Pause anywhere. Scan me.,Pause anywhere. Scan me.,True,True,0,0,0,0
116,3.867,title,0,title,Pause anywhere. Scan me.,Pause anywhere. Scan me.,Pause anywhere. Scan me.,Pause anywhere. Scan me.,True,Pause anywhere. Scan me.,Pause anywhere. Scan me.,Pause anywhere. Scan me.,Pause anywhere. Scan me.,Pause anywhere. Scan me.,Pause anywhere. Scan me.,Pause anywhere. Scan me.,True,Pause anywhere. Scan me.,Pause anywhere. Scan me.,True,Pause anywhere. Scan me.,Pause anywhere. Scan me.,True,True,0,0,0,0
117,3.9,title,0,title,Pause anywhere. Scan me.,Pause anywhere. Scan me.,Pause anywhere. Scan me.,Pause anywhere. Scan me.,True,Pause anywhere. Scan me.,Pause anywhere. Scan me.,Pause anywhere. Scan me.,Pause anywhere. Scan me.,Pause anywhere. Scan me.,Pause anywhere. Scan me.,Pause anywhere. Scan me.,True,Pause anywhere. Scan me.,Pause anywhere. Scan me.,True,Pause anywhere. Scan me.,Pause anywhere. Scan me.,True,True,0,0,0,0
118,3.933,title,0,title,Pause anywhere. Scan me.,Pause anywhere. Scan me.,Pause anywhere. Scan me.,Pause anywhere. Scan me.,True,Pause anywhere. Scan me.,Pause anywhere. Scan me.,Pause anywhere. Scan me.,Pause anywhere. Scan me.,Pause anywhere. Scan me.,Pause anywhere. Scan me.,Pause anywhere. Scan me.,True,Pause anywhere. Scan me.,Pause anywhere. Scan me.,True,Pause anywhere. Scan me.,Pause anywhere. Scan me.,True,True,0,0,0,0
119,3.967,title,0,title,Pause anywhere. Scan me.,Pause anywhere. Scan me.,Pause anywhere. Scan me.,Pause anywhere. Scan me.,True,Pause anywhere. Scan me.,Pause anywhere. Scan me.,Pause anywhere. Scan me.,Pause anywhere. Scan me.,Pause anywhere. Scan me.,Pause anywhere. Scan me.,Pause anywhere. Scan me.,True,Pause anywhere. Scan me.,Pause anywhere. Scan me.,True,Pause anywhere. Scan me.,Pause anywhere. Scan me.,True,True,0,0,0,0
120,4.0,flower,1,word,1/8 - YOU,1/8 - YOU,1/8 - YOU,1/8 - YOU,True,1/8 - YOU,1/8 - YOU,1/8 - YOU,1/8 - YOU,1/8 - YOU,1/8 - YOU,1/8 - YOU,True,1/8 - YOU,1/8 - YOU,True,1/8 - YOU,1/8 - YOU,True,True,0,0,0,0
121,4.033,flower,1,word,1/8 - YOU,1/8 - YOU,1/8 - YOU,1/8 - YOU,True,1/8 - YOU,1/8 - YOU,1/8 - YOU,1/8 - YOU,1/8 - YOU,1/8 - YOU,1/8 - YOU,True,1/8 - YOU,1/8 - YOU,True,1/8 - YOU,1/8 - YOU,True,True,0,0,0,0
122,4.067,flower,1,word,1/8 - YOU,1/8 - YOU,1/8 - YOU,1/8 - YOU,True,1/8 - YOU,1/8 - YOU,1/8 - YOU,1/8 - YOU,1/8 - YOU,1/8 - YOU,1/8 - YOU,True,1/8 - YOU,1/8 - YOU,True,1/8 - YOU,1/8 - YOU,True,True,0,0,0,0
123,4.1,flower,1,word,1/8 - YOU,1/8 - YOU,1/8 - YOU,1/8 - YOU,True,1/8 - YOU,1/8 - YOU,1/8 - YOU,1/8 - YOU,1/8 - YOU,1/8 - YOU,1/8 - YOU,True,1/8 - YOU,1/8 - YOU,True,1/8 - YOU,1/8 - YOU,True,True,0,0,0,0
124,4.133,flower,1,word,1/8 - YOU,1/8 - YOU,1/8 - YOU,1/8 - YOU,True,1/8 - YOU,1/8 - YOU,1/8 - YOU,1/8 - YOU,1/8 - YOU,1/8 - YOU,1/8 - YOU,True,1/8 - YOU,1/8 - YOU,True,1/8 - YOU,1/8 - YOU,True,True,0,0,0,0
125,4.167,flower,1,word,1/8 - YOU,1/8 - YOU,1/8 - YOU,1/8 - YOU,True,1/8 - YOU,1/8 - YOU,1/8 - YOU,1/8 - YOU,1/8 - YOU,1/8 - YOU,1/8 - YOU,True,1/8 - YOU,1/8 - YOU,True,1/8 - YOU,1/8 - YOU,True,True,0,0,0,0
126,4.2,flower,1,word,1/8 - YOU,1/8 - YOU,1/8 - YOU,1/8 - YOU,True,1/8 - YOU,1/8 - YOU,1/8 - YOU,1/8 - YOU,1/8 - YOU,1/8 - YOU,1/8 - YOU,True,1/8 - YOU,1/8 - YOU,True,1/8 - YOU,1/8 - YOU,True,True,0,0,0,0
127,4.233,flower,1,word,1/8 - YOU,1/8 - YOU,1/8 - YOU,1/8 - YOU,True,1/8 - YOU,1/8 - YOU,1/8 - YOU,1/8 - YOU,1/8 - YOU,1/8 - YOU,1/8 - YOU,True,1/8 - YOU,1/8 - YOU,True,1/8 - YOU,1/8 - YOU,True,True,0,0,0,0
128,4.267,flower,1,word,1/8 - YOU,1/8 - YOU,1/8 - YOU,1/8 - YOU,True,1/8 - YOU,1/8 - YOU,1/8 - YOU,1/8 - YOU,1/8 - YOU,1/8 - YOU,1/8 - YOU,True,1/8 - YOU,1/8 - YOU,True,1/8 - YOU,1/8 - YOU,True,True,0,0,0,0
129,4.3,flower,1,word,1/8 - YOU,1/8 - YOU,1/8 - YOU,1/8 - YOU,True,1/8 - YOU,1/8 - YOU,1/8 - YOU,1/8 - YOU,1/8 - YOU,1/8 - YOU,1/8 - YOU,True,1/8 - YOU,1/8 - YOU,True,1/8 - YOU,1/8 - YOU,True,True,0,0,0,0
130,4.333,flower,1,word,1/8 - YOU,1/8 - YOU,1/8 - YOU,1/8 - YOU,True,1/8 - YOU,1/8 - YOU,1/8 - YOU,1/8 - YOU,1/8 - YOU,1/8 - YOU,1/8 - YOU,True,1/8 - YOU,1/8 - YOU,True,1/8 - YOU,1/8 - YOU,True,True,1,0,0,0
131,4.367,flower,1,word,1/8 - YOU,1/8 - YOU,1/8 - YOU,1/8 - YOU,True,1/8 - YOU,1/8 - YOU,1/8 - YOU,1/8 - YOU,1/8 - YOU,1/8 - YOU,1/8 - YOU,True,1/8 - YOU,1/8 - YOU,True,1/8 - YOU,1/8 - YOU,True,True,1,0,0,0
132,4.4,flower,1,word,1/8 - YOU,1/8 - YOU,1/8 - YOU,1/8 - YOU,True,1/8 - YOU,1/8 - YOU,1/8 - YOU,1/8 - YOU,1/8 - YOU,1/8 - YOU,1/8 - YOU,True,1/8 - YOU,1/8 - YOU,True,1/8 - YOU,1/8 - YOU,True,True,1,1,0,0
133,4.433,flower,1,word,1/8 - YOU,1/8 - YOU,1/8 - YOU,1/8 - YOU,True,1/8 - YOU,1/8 - YOU,1/8 - YOU,1/8 - YOU,1/8 - YOU,1/8 - YOU,1/8 - YOU,True,1/8 - YOU,1/8 - YOU,True,1/8 - YOU,1/8 - YOU,True,True,1,1,0,0
134,4.467,flower,1,word,1/8 - YOU,1/8 - YOU,1/8 - YOU,1/8 - YOU,True,1/8 - YOU,1/8 - YOU,1/8 - YOU,1/8 - YOU,1/8 - YOU,1/8 - YOU,1/8 - YOU,True,1/8 - YOU,1/8 - YOU,True,1/8 - YOU,1/8 - YOU,True,True,1,1,0,0
135,4.5,flower,1,word,1/8 - YOU,1/8 - YOU,1/8 - YOU,1/8 - YOU,True,1/8 - YOU,1/8 - YOU,1/8 - YOU,1/8 - YOU,1/8 - YOU,1/8 - YOU,1/8 - YOU,True,1/8 - YOU,1/8 - YOU,True,1/8 - YOU,1/8 - YOU,True,True,1,1,0,0
136,4.533,flower,1,word,1/8 - YOU,1/8 - YOU,1/8 - YOU,1/8 - YOU,True,1/8 - YOU,1/8 - YOU,1/8 - YOU,1/8 - YOU,1/8 - YOU,1/8 - YOU,1/8 - YOU,True,1/8 - YOU,1/8 - YOU,True,1/8 - YOU,1/8 - YOU,True,True,1,1,0,0
137,4.567,flower,1,word,1/8 - YOU,1/8 - YOU,1/8 - YOU,1/8 - YOU,True,1/8 - YOU,1/8 - YOU,1/8 - YOU,1/8 - YOU,1/8 - YOU,1/8 - YOU,1/8 - YOU,True,1/8 - YOU,1/8 - YOU,True,1/8 - YOU,1/8 - YOU,True,True,1,1,0,0
138,4.6,flower,1,word,1/8 - YOU,1/8 - YOU,1/8 - YOU,1/8 - YOU,True,1/8 - YOU,1/8 - YOU,1/8 - YOU,1/8 - YOU,1/8 - YOU,1/8 - YOU,1/8 - YOU,True,1/8 - YOU,1/8 - YOU,True,1/8 - YOU,1/8 - YOU,True,True,1,1,0,0
139,4.633,flower,1,word,1/8 - YOU,1/8 - YOU,1/8 - YOU,1/8 - YOU,True,1/8 - YOU,1/8 - YOU,1/8 - YOU,1/8 - YOU,1/8 - YOU,1/8 - YOU,1/8 - YOU,True,1/8 - YOU,1/8 - YOU,True,1/8 - YOU,1/8 - YOU,True,True,1,1,0,0
140,4.667,flower,1,word,1/8 - YOU,1/8 - YOU,1/8 - YOU,1/8 - YOU,True,1/8 - YOU,1/8 - YOU,1/8 - YOU,1/8 - YOU,1/8 - YOU,1/8 - YOU,1/8 - YOU,True,1/8 - YOU,1/8 - YOU,True,1/8 - YOU,1/8 - YOU,True,True,1,1,0,0
141,4.7,flower,1,word,1/8 - YOU,1/8 - YOU,1/8 - YOU,1/8 - YOU,True,1/8 - YOU,1/8 - YOU,1/8 - YOU,1/8 - YOU,1/8 - YOU,1/8 - YOU,1/8 - YOU,True,1/8 - YOU,1/8 - YOU,True,1/8 - YOU,1/8 - YOU,True,True,1,1,0,0
142,4.733,flower,1,word,1/8 - YOU,1/8 - YOU,1/8 - YOU,1/8 - YOU,True,1/8 - YOU,1/8 - YOU,1/8 - YOU,1/8 - YOU,1/8 - YOU,1/8 - YOU,1/8 - YOU,True,1/8 - YOU,1/8 - YOU,True,1/8 - YOU,1/8 - YOU,True,True,1,1,0,0
143,4.767,flower,1,word,1/8 - YOU,1/8 - YOU,1/8 - YOU,1/8 - YOU,True,1/8 - YOU,1/8 - YOU,1/8 - YOU,1/8 - YOU,1/8 - YOU,1/8 - YOU,1/8 - YOU,True,1/8 - YOU,1/8 - YOU,True,1/8 - YOU,1/8 - YOU,True,True,1,1,0,0
144,4.8,flower,1,word,1/8 - YOU,1/8 - YOU,1/8 - YOU,1/8 - YOU,True,1/8 - YOU,1/8 - YOU,1/8 - YOU,1/8 - YOU,1/8 - YOU,1/8 - YOU,1/8 - YOU,True,1/8 - YOU,1/8 - YOU,True,1/8 - YOU,1/8 - YOU,True,True,1,1,0,0
145,4.833,flower,1,word,1/8 - YOU,1/8 - YOU,1/8 - YOU,1/8 - YOU,True,1/8 - YOU,1/8 - YOU,1/8 - YOU,1/8 - YOU,1/8 - YOU,1/8 - YOU,1/8 - YOU,True,1/8 - YOU,1/8 - YOU,True,1/8 - YOU,1/8 - YOU,True,True,1,1,0,0
146,4.867,flower,1,word,1/8 - YOU,1/8 - YOU,1/8 - YOU,1/8 - YOU,True,1/8 - YOU,1/8 - YOU,1/8 - YOU,1/8 - YOU,1/8 - YOU,1/8 - YOU,1/8 - YOU,True,1/8 - YOU,1/8 - YOU,True,1/8 - YOU,1/8 - YOU,True,True,1,1,0,0
147,4.9,flower,1,word,1/8 - YOU,1/8 - YOU,1/8 - YOU,1/8 - YOU,True,1/8 - YOU,1/8 - YOU,1/8 - YOU,1/8 - YOU,1/8 - YOU,1/8 - YOU,1/8 - YOU,True,1/8 - YOU,1/8 - YOU,True,1/8 - YOU,1/8 - YOU,True,True,1,1,0,0
148,4.933,flower,1,word,1/8 - YOU,1/8 - YOU,1/8 - YOU,1/8 - YOU,True,1/8 - YOU,1/8 - YOU,1/8 - YOU,1/8 - YOU,1/8 - YOU,1/8 - YOU,1/8 - YOU,True,1/8 - YOU,1/8 - YOU,True,1/8 - YOU,1/8 - YOU,True,True,1,1,0,0
149,4.967,flower,1,word,1/8 - YOU,1/8 - YOU,1/8 - YOU,1/8 - YOU,True,1/8 - YOU,1/8 - YOU,1/8 - YOU,1/8 - YOU,1/8 - YOU,1/8 - YOU,1/8 - YOU,True,1/8 - YOU,1/8 - YOU,True,1/8 - YOU,1/8 - YOU,True,True,1,1,0,0
150,5.0,flower,1,word,1/8 - YOU,1/8 - YOU,1/8 - YOU,1/8 - YOU,True,1/8 - YOU,1/8 - YOU,1/8 - YOU,1/8 - YOU,1/8 - YOU,1/8 - YOU,1/8 - YOU,True,1/8 - YOU,1/8 - YOU,True,1/8 - YOU,1/8 - YOU,True,True,1,1,0,0
151,5.033,flower,1,word,1/8 - YOU,1/8 - YOU,1/8 - YOU,1/8 - YOU,True,1/8 - YOU,1/8 - YOU,1/8 - YOU,1/8 - YOU,1/8 - YOU,1/8 - YOU,1/8 - YOU,True,1/8 - YOU,1/8 - YOU,True,1/8 - YOU,1/8 - YOU,True,True,1,1,0,0
152,5.067,flower,1,word,1/8 - YOU,1/8 - YOU,1/8 - YOU,1/8 - YOU,True,1/8 - YOU,1/8 - YOU,1/8 - YOU,1/8 - YOU,1/8 - YOU,1/8 - YOU,1/8 - YOU,True,1/8 - YOU,1/8 - YOU,True,1/8 - YOU,1/8 - YOU,True,True,1,1,0,0
153,5.1,flower,1,word,1/8 - YOU,1/8 - YOU,1/8 - YOU,1/8 - YOU,True,1/8 - YOU,1/8 - YOU,1/8 - YOU,1/8 - YOU,1/8 - YOU,1/8 - YOU,1/8 - YOU,True,1/8 - YOU,1/8 - YOU,True,1/8 - YOU,1/8 - YOU,True,True,1,1,0,0
154,5.133,flower,1,word,1/8 - YOU,1/8 - YOU,1/8 - YOU,1/8 - YOU,True,1/8 - YOU,1/8 - YOU,1/8 - YOU,1/8 - YOU,1/8 - YOU,1/8 - YOU,1/8 - YOU,True,1/8 - YOU,1/8 - YOU,True,1/8 - YOU,1/8 - YOU,True,True,1,1,0,0
155,5.167,flower,1,word,1/8 - YOU,1/8 - YOU,1/8 - YOU,1/8 - YOU,True,1/8 - YOU,1/8 - YOU,1/8 - YOU,1/8 - YOU,1/8 - YOU,1/8 - YOU,1/8 - YOU,True,1/8 - YOU,1/8 - YOU,True,1/8 - YOU,1/8 - YOU,True,True,1,1,0,0
156,5.2,flower,1,word,1/8 - YOU,1/8 - YOU,1/8 - YOU,1/8 - YOU,True,1/8 - YOU,1/8 - YOU,1/8 - YOU,1/8 - YOU,1/8 - YOU,1/8 - YOU,1/8 - YOU,True,1/8 - YOU,1/8 - YOU,True,1/8 - YOU,1/8 - YOU,True,True,1,1,0,0
157,5.233,flower,1,word,1/8 - YOU,1/8 - YOU,1/8 - YOU,1/8 - YOU,True,1/8 - YOU,1/8 - YOU,1/8 - YOU,1/8 - YOU,1/8 - YOU,1/8 - YOU,1/8 - YOU,True,1/8 - YOU,1/8 - YOU,True,1/8 - YOU,1/8 - YOU,True,True,1,1,0,0
158,5.267,flower,1,word,1/8 - YOU,1/8 - YOU,1/8 - YOU,1/8 - YOU,True,1/8 - YOU,1/8 - YOU,1/8 - YOU,1/8 - YOU,1/8 - YOU,1/8 - YOU,1/8 - YOU,True,1/8 - YOU,1/8 - YOU,True,1/8 - YOU,1/8 - YOU,True,True,1,1,0,0
159,5.3,flower,1,word,1/8 - YOU,1/8 - YOU,1/8 - YOU,1/8 - YOU,True,1/8 - YOU,1/8 - YOU,1/8 - YOU,1/8 - YOU,1/8 - YOU,1/8 - YOU,1/8 - YOU,True,1/8 - YOU,1/8 - YOU,True,1/8 - YOU,1/8 - YOU,True,True,1,1,0,0
160,5.333,flower,1,word,1/8 - YOU,1/8 - YOU,1/8 - YOU,1/8 - YOU,True,1/8 - YOU,1/8 - YOU,1/8 - YOU,1/8 - YOU,1/8 - YOU,1/8 - YOU,1/8 - YOU,True,1/8 - YOU,1/8 - YOU,True,1/8 - YOU,1/8 - YOU,True,True,1,1,0,0
161,5.367,flower,1,word,1/8 - YOU,1/8 - YOU,1/8 - YOU,1/8 - YOU,True,1/8 - YOU,1/8 - YOU,1/8 - YOU,1/8 - YOU,1/8 - YOU,1/8 - YOU,1/8 - YOU,True,1/8 - YOU,1/8 - YOU,True,1/8 - YOU,1/8 - YOU,True,True,1,1,0,0
162,5.4,flower,1,word,1/8 - YOU,1/8 - YOU,1/8 - YOU,1/8 - YOU,True,1/8 - YOU,1/8 - YOU,1/8 - YOU,1/8 - YOU,1/8 - YOU,1/8 - YOU,1/8 - YOU,True,1/8 - YOU,1/8 - YOU,True,1/8 - YOU,1/8 - YOU,True,True,1,1,0,0
163,5.433,flower,1,word,1/8 - YOU,1/8 - YOU,1/8 - YOU,1/8 - YOU,True,1/8 - YOU,1/8 - YOU,1/8 - YOU,1/8 - YOU,1/8 - YOU,1/8 - YOU,1/8 - YOU,True,1/8 - YOU,1/8 - YOU,True,1/8 - YOU,1/8 - YOU,True,True,1,1,0,0
164,5.467,flower,1,word,1/8 - YOU,1/8 - YOU,1/8 - YOU,1/8 - YOU,True,1/8 - YOU,1/8 - YOU,1/8 - YOU,1/8 - YOU,1/8 - YOU,1/8 - YOU,1/8 - YOU,True,1/8 - YOU,1/8 - YOU,True,1/8 - YOU,1/8 - YOU,True,True,1,1,0,0
165,5.5,flower,2,word,2/8 - FOUND,2/8 - FOUND,2/8 - FOUND,2/8 - FOUND,True,2/8 - FOUND,2/8 - FOUND,2/8 - FOUND,2/8 - FOUND,2/8 - FOUND,2/8 - FOUND,2/8 - FOUND,True,2/8 - FOUND,2/8 - FOUND,True,2/8 - FOUND,2/8 - FOUND,True,True,1,1,0,0
166,5.533,flower,2,word,2/8 - FOUND,2/8 - FOUND,2/8 - FOUND,2/8 - FOUND,True,2/8 - FOUND,2/8 - FOUND,2/8 - FOUND,2/8 - FOUND,2/8 - FOUND,2/8 - FOUND,2/8 - FOUND,True,2/8 - FOUND,2/8 - FOUND,True,2/8 - FOUND,2/8 - FOUND,True,True,1,1,0,0
167,5.567,flower,2,word,2/8 - FOUND,2/8 - FOUND,2/8 - FOUND,2/8 - FOUND,True,2/8 - FOUND,2/8 - FOUND,2/8 - FOUND,2/8 - FOUND,2/8 - FOUND,2/8 - FOUND,2/8 - FOUND,True,2/8 - FOUND,2/8 - FOUND,True,2/8 - FOUND,2/8 - FOUND,True,True,1,1,0,0
168,5.6,flower,2,word,2/8 - FOUND,2/8 - FOUND,2/8 - FOUND,2/8 - FOUND,True,2/8 - FOUND,2/8 - FOUND,2/8 - FOUND,2/8 - FOUND,2/8 - FOUND,2/8 - FOUND,2/8 - FOUND,True,2/8 - FOUND,2/8 - FOUND,True,2/8 - FOUND,2/8 - FOUND,True,True,1,1,0,0
169,5.633,flower,2,word,2/8 - FOUND,2/8 - FOUND,2/8 - FOUND,2/8 - FOUND,True,2/8 - FOUND,2/8 - FOUND,2/8 - FOUND,2/8 - FOUND,2/8 - FOUND,2/8 - FOUND,2/8 - FOUND,True,2/8 - FOUND,2/8 - FOUND,True,2/8 - FOUND,2/8 - FOUND,True,True,1,1,0,0
170,5.667,flower,2,word,2/8 - FOUND,2/8 - FOUND,2/8 - FOUND,2/8 - FOUND,True,2/8 - FOUND,2/8 - FOUND,2/8 - FOUND,2/8 - FOUND,2/8 - FOUND,2/8 - FOUND,2/8 - FOUND,True,2/8 - FOUND,2/8 - FOUND,True,2/8 - FOUND,2/8 - FOUND,True,True,1,1,0,0
171,5.7,flower,2,word,2/8 - FOUND,2/8 - FOUND,2/8 - FOUND,2/8 - FOUND,True,2/8 - FOUND,2/8 - FOUND,2/8 - FOUND,2/8 - FOUND,2/8 - FOUND,2/8 - FOUND,2/8 - FOUND,True,2/8 - FOUND,2/8 - FOUND,True,2/8 - FOUND,2/8 - FOUND,True,True,1,1,0,0
172,5.733,flower,2,word,2/8 - FOUND,2/8 - FOUND,2/8 - FOUND,2/8 - FOUND,True,2/8 - FOUND,2/8 - FOUND,2/8 - FOUND,2/8 - FOUND,2/8 - FOUND,2/8 - FOUND,2/8 - FOUND,True,2/8 - FOUND,2/8 - FOUND,True,2/8 - FOUND,2/8 - FOUND,True,True,1,1,0,0
173,5.767,flower,2,word,2/8 - FOUND,2/8 - FOUND,2/8 - FOUND,2/8 - FOUND,True,2/8 - FOUND,2/8 - FOUND,2/8 - FOUND,2/8 - FOUND,2/8 - FOUND,2/8 - FOUND,2/8 - FOUND,True,2/8 - FOUND,2/8 - FOUND,True,2/8 - FOUND,2/8 - FOUND,True,True,1,1,0,0
174,5.8,flower,2,word,2/8 - FOUND,2/8 - FOUND,2/8 - FOUND,2/8 - FOUND,True,2/8 - FOUND,2/8 - FOUND,2/8 - FOUND,2/8 - FOUND,2/8 - FOUND,2/8 - FOUND,2/8 - FOUND,True,2/8 - FOUND,2/8 - FOUND,True,2/8 - FOUND,2/8 - FOUND,True,True,1,1,0,0
175,5.833,flower,2,word,2/8 - FOUND,2/8 - FOUND,2/8 - FOUND,2/8 - FOUND,True,2/8 - FOUND,2/8 - FOUND,2/8 - FOUND,2/8 - FOUND,2/8 - FOUND,2/8 - FOUND,2/8 - FOUND,True,2/8 - FOUND,2/8 - FOUND,True,2/8 - FOUND,2/8 - FOUND,True,True,1,1,0,0
176,5.867,flower,2,word,2/8 - FOUND,2/8 - FOUND,2/8 - FOUND,2/8 - FOUND,True,2/8 - FOUND,2/8 - FOUND,2/8 - FOUND,2/8 - FOUND,2/8 - FOUND,2/8 - FOUND,2/8 - FOUND,True,2/8 - FOUND,2/8 - FOUND,True,2/8 - FOUND,2/8 - FOUND,True,True,1,1,0,0
177,5.9,flower,2,word,2/8 - FOUND,2/8 - FOUND,2/8 - FOUND,2/8 - FOUND,True,2/8 - FOUND,2/8 - FOUND,2/8 - FOUND,2/8 - FOUND,2/8 - FOUND,2/8 - FOUND,2/8 - FOUND,True,2/8 - FOUND,2/8 - FOUND,True,2/8 - FOUND,2/8 - FOUND,True,True,1,1,0,0
178,5.933,flower,2,word,2/8 - FOUND,2/8 - FOUND,2/8 - FOUND,2/8 - FOUND,True,2/8 - FOUND,2/8 - FOUND,2/8 - FOUND,2/8 - FOUND,2/8 - FOUND,2/8 - FOUND,2/8 - FOUND,True,2/8 - FOUND,2/8 - FOUND,True,2/8 - FOUND,2/8 - FOUND,True,True,1,1,0,0
179,5.967,flower,2,word,2/8 - FOUND,2/8 - FOUND,2/8 - FOUND,2/8 - FOUND,True,2/8 - FOUND,2/8 - FOUND,2/8 - FOUND,2/8 - FOUND,2/8 - FOUND,2/8 - FOUND,2/8 - FOUND,True,2/8 - FOUND,2/8 - FOUND,True,2/8 - FOUND,2/8 - FOUND,True,True,1,1,0,0
180,6.0,flower,2,word,2/8 - FOUND,2/8 - FOUND,2/8 - FOUND,2/8 - FOUND,True,2/8 - FOUND,2/8 - FOUND,2/8 - FOUND,2/8 - FOUND,2/8 - FOUND,2/8 - FOUND,2/8 - FOUND,True,2/8 - FOUND,2/8 - FOUND,True,2/8 - FOUND,2/8 - FOUND,True,True,1,1,0,0
181,6.033,flower,2,word,2/8 - FOUND,2/8 - FOUND,2/8 - FOUND,2/8 - FOUND,True,2/8 - FOUND,2/8 - FOUND,2/8 - FOUND,2/8 - FOUND,2/8 - FOUND,2/8 - FOUND,2/8 - FOUND,True,2/8 - FOUND,2/8 - FOUND,True,2/8 - FOUND,2/8 - FOUND,True,True,1,1,0,0
182,6.067,flower,2,word,2/8 - FOUND,2/8 - FOUND,2/8 - FOUND,2/8 - FOUND,True,2/8 - FOUND,2/8 - FOUND,2/8 - FOUND,2/8 - FOUND,2/8 - FOUND,2/8 - FOUND,2/8 - FOUND,True,2/8 - FOUND,2/8 - FOUND,True,2/8 - FOUND,2/8 - FOUND,True,True,1,1,0,0
183,6.1,flower,2,word,2/8 - FOUND,2/8 - FOUND,2/8 - FOUND,2/8 - FOUND,True,2/8 - FOUND,2/8 - FOUND,2/8 - FOUND,2/8 - FOUND,2/8 - FOUND,2/8 - FOUND,2/8 - FOUND,True,2/8 - FOUND,2/8 - FOUND,True,2/8 - FOUND,2/8 - FOUND,True,True,1,1,0,0
184,6.133,flower,2,word,2/8 - FOUND,2/8 - FOUND,2/8 - FOUND,2/8 - FOUND,True,2/8 - FOUND,2/8 - FOUND,2/8 - FOUND,2/8 - FOUND,2/8 - FOUND,2/8 - FOUND,2/8 - FOUND,True,2/8 - FOUND,2/8 - FOUND,True,2/8 - FOUND,2/8 - FOUND,True,True,1,1,0,0
185,6.167,flower,2,word,2/8 - FOUND,2/8 - FOUND,2/8 - FOUND,2/8 - FOUND,True,2/8 - FOUND,2/8 - FOUND,2/8 - FOUND,2/8 - FOUND,2/8 - FOUND,2/8 - FOUND,2/8 - FOUND,True,2/8 - FOUND,2/8 - FOUND,True,2/8 - FOUND,2/8 - FOUND,True,True,0,1,0,0
186,6.2,flower,2,word,2/8 - FOUND,2/8 - FOUND,2/8 - FOUND,2/8 - FOUND,True,2/8 - FOUND,2/8 - FOUND,2/8 - FOUND,2/8 - FOUND,2/8 - FOUND,2/8 - FOUND,2/8 - FOUND,True,2/8 - FOUND,2/8 - FOUND,True,2/8 - FOUND,2/8 - FOUND,True,True,0,1,0,0
187,6.233,flower,2,word,2/8 - FOUND,2/8 - FOUND,2/8 - FOUND,2/8 - FOUND,True,2/8 - FOUND,2/8 - FOUND,2/8 - FOUND,2/8 - FOUND,2/8 - FOUND,2/8 - FOUND,2/8 - FOUND,True,2/8 - FOUND,2/8 - FOUND,True,2/8 - FOUND,2/8 - FOUND,True,True,0,1,0,0
188,6.267,flower,2,word,2/8 - FOUND,2/8 - FOUND,2/8 - FOUND,2/8 - FOUND,True,2/8 - FOUND,2/8 - FOUND,2/8 - FOUND,2/8 - FOUND,2/8 - FOUND,2/8 - FOUND,2/8 - FOUND,True,2/8 - FOUND,2/8 - FOUND,True,2/8 - FOUND,2/8 - FOUND,True,True,0,1,0,0
189,6.3,flower,2,word,2/8 - FOUND,2/8 - FOUND,2/8 - FOUND,2/8 - FOUND,True,2/8 - FOUND,2/8 - FOUND,2/8 - FOUND,2/8 - FOUND,2/8 - FOUND,2/8 - FOUND,2/8 - FOUND,True,2/8 - FOUND,2/8 - FOUND,True,2/8 - FOUND,2/8 - FOUND,True,True,0,1,0,0
190,6.333,flower,2,word,2/8 - FOUND,2/8 - FOUND,2/8 - FOUND,2/8 - FOUND,True,2/8 - FOUND,2/8 - FOUND,2/8 - FOUND,2/8 - FOUND,2/8 - FOUND,2/8 - FOUND,2/8 - FOUND,True,2/8 - FOUND,2/8 - FOUND,True,2/8 - FOUND,2/8 - FOUND,True,True,0,1,0,0
191,6.367,flower,2,word,2/8 - FOUND,2/8 - FOUND,2/8 - FOUND,2/8 - FOUND,True,2/8 - FOUND,2/8 - FOUND,2/8 - FOUND,2/8 - FOUND,2/8 - FOUND,2/8 - FOUND,2/8 - FOUND,True,2/8 - FOUND,2/8 - FOUND,True,2/8 - FOUND,2/8 - FOUND,True,True,0,1,0,0
192,6.4,flower,2,word,2/8 - FOUND,2/8 - FOUND,2/8 - FOUND,2/8 - FOUND,True,2/8 - FOUND,2/8 - FOUND,2/8 - FOUND,2/8 - FOUND,2/8 - FOUND,2/8 - FOUND,2/8 - FOUND,True,2/8 - FOUND,2/8 - FOUND,True,2/8 - FOUND,2/8 - FOUND,True,True,0,1,0,0
193,6.433,flower,2,word,2/8 - FOUND,2/8 - FOUND,2/8 - FOUND,2/8 - FOUND,True,2/8 - FOUND,2/8 - FOUND,2/8 - FOUND,2/8 - FOUND,2/8 - FOUND,2/8 - FOUND,2/8 - FOUND,True,2/8 - FOUND,2/8 - FOUND,True,2/8 - FOUND,2/8 - FOUND,True,True,0,1,0,0
194,6.467,flower,2,word,2/8 - FOUND,2/8 - FOUND,2/8 - FOUND,2/8 - FOUND,True,2/8 - FOUND,2/8 - FOUND,2/8 - FOUND,2/8 - FOUND,2/8 - FOUND,2/8 - FOUND,2/8 - FOUND,True,2/8 - FOUND,2/8 - FOUND,True,2/8 - FOUND,2/8 - FOUND,True,True,1,1,0,0
195,6.5,flower,2,word,2/8 - FOUND,2/8 - FOUND,2/8 - FOUND,2/8 - FOUND,True,2/8 - FOUND,2/8 - FOUND,2/8 - FOUND,2/8 - FOUND,2/8 - FOUND,2/8 - FOUND,2/8 - FOUND,True,2/8 - FOUND,2/8 - FOUND,True,2/8 - FOUND,2/8 - FOUND,True,True,1,1,0,0
196,6.533,flower,2,word,2/8 - FOUND,2/8 - FOUND,2/8 - FOUND,2/8 - FOUND,True,2/8 - FOUND,2/8 - FOUND,2/8 - FOUND,2/8 - FOUND,2/8 - FOUND,2/8 - FOUND,2/8 - FOUND,True,2/8 - FOUND,2/8 - FOUND,True,2/8 - FOUND,2/8 - FOUND,True,True,1,1,0,0
197,6.567,flower,2,word,2/8 - FOUND,2/8 - FOUND,2/8 - FOUND,2/8 - FOUND,True,2/8 - FOUND,2/8 - FOUND,2/8 - FOUND,2/8 - FOUND,2/8 - FOUND,2/8 - FOUND,2/8 - FOUND,True,2/8 - FOUND,2/8 - FOUND,True,2/8 - FOUND,2/8 - FOUND,True,True,0,1,0,0
198,6.6,flower,2,word,2/8 - FOUND,2/8 - FOUND,2/8 - FOUND,2/8 - FOUND,True,2/8 - FOUND,2/8 - FOUND,2/8 - FOUND,2/8 - FOUND,2/8 - FOUND,2/8 - FOUND,2/8 - FOUND,True,2/8 - FOUND,2/8 - FOUND,True,2/8 - FOUND,2/8 - FOUND,True,True,0,1,0,0
199,6.633,flower,2,word,2/8 - FOUND,2/8 - FOUND,2/8 - FOUND,2/8 - FOUND,True,2/8 - FOUND,2/8 - FOUND,2/8 - FOUND,2/8 - FOUND,2/8 - FOUND,2/8 - FOUND,2/8 - FOUND,True,2/8 - FOUND,2/8 - FOUND,True,2/8 - FOUND,2/8 - FOUND,True,True,0,1,0,0
200,6.667,flower,2,word,2/8 - FOUND,2/8 - FOUND,2/8 - FOUND,2/8 - FOUND,True,2/8 - FOUND,2/8 - FOUND,2/8 - FOUND,2/8 - FOUND,2/8 - FOUND,2/8 - FOUND,2/8 - FOUND,True,2/8 - FOUND,2/8 - FOUND,True,2/8 - FOUND,2/8 - FOUND,True,True,0,1,0,0
201,6.7,flower,2,word,2/8 - FOUND,2/8 - FOUND,2/8 - FOUND,2/8 - FOUND,True,2/8 - FOUND,2/8 - FOUND,2/8 - FOUND,2/8 - FOUND,2/8 - FOUND,2/8 - FOUND,2/8 - FOUND,True,2/8 - FOUND,2/8 - FOUND,True,2/8 - FOUND,2/8 - FOUND,True,True,0,1,0,0
202,6.733,flower,2,word,2/8 - FOUND,2/8 - FOUND,2/8 - FOUND,2/8 - FOUND,True,2/8 - FOUND,2/8 - FOUND,2/8 - FOUND,2/8 - FOUND,2/8 - FOUND,2/8 - FOUND,2/8 - FOUND,True,2/8 - FOUND,2/8 - FOUND,True,2/8 - FOUND,2/8 - FOUND,True,True,0,1,0,0
203,6.767,flower,2,word,2/8 - FOUND,2/8 - FOUND,2/8 - FOUND,2/8 - FOUND,True,2/8 - FOUND,2/8 - FOUND,2/8 - FOUND,2/8 - FOUND,2/8 - FOUND,2/8 - FOUND,2/8 - FOUND,True,2/8 - FOUND,2/8 - FOUND,True,2/8 - FOUND,2/8 - FOUND,True,True,0,1,0,0
204,6.8,flower,2,word,2/8 - FOUND,2/8 - FOUND,2/8 - FOUND,2/8 - FOUND,True,2/8 - FOUND,2/8 - FOUND,2/8 - FOUND,2/8 - FOUND,2/8 - FOUND,2/8 - FOUND,2/8 - FOUND,True,2/8 - FOUND,2/8 - FOUND,True,2/8 - FOUND,2/8 - FOUND,True,True,0,1,0,0
205,6.833,flower,2,word,2/8 - FOUND,2/8 - FOUND,2/8 - FOUND,2/8 - FOUND,True,2/8 - FOUND,2/8 - FOUND,2/8 - FOUND,2/8 - FOUND,2/8 - FOUND,2/8 - FOUND,2/8 - FOUND,True,2/8 - FOUND,2/8 - FOUND,True,2/8 - FOUND,2/8 - FOUND,True,True,1,1,0,0
206,6.867,flower,2,word,2/8 - FOUND,2/8 - FOUND,2/8 - FOUND,2/8 - FOUND,True,2/8 - FOUND,2/8 - FOUND,2/8 - FOUND,2/8 - FOUND,2/8 - FOUND,2/8 - FOUND,2/8 - FOUND,True,2/8 - FOUND,2/8 - FOUND,True,2/8 - FOUND,2/8 - FOUND,True,True,1,1,0,0
207,6.9,flower,2,word,2/8 - FOUND,2/8 - FOUND,2/8 - FOUND,2/8 - FOUND,True,2/8 - FOUND,2/8 - FOUND,2/8 - FOUND,2/8 - FOUND,2/8 - FOUND,2/8 - FOUND,2/8 - FOUND,True,2/8 - FOUND,2/8 - FOUND,True,2/8 - FOUND,2/8 - FOUND,True,True,1,1,0,0
208,6.933,flower,2,word,2/8 - FOUND,2/8 - FOUND,2/8 - FOUND,2/8 - FOUND,True,2/8 - FOUND,2/8 - FOUND,2/8 - FOUND,2/8 - FOUND,2/8 - FOUND,2/8 - FOUND,2/8 - FOUND,True,2/8 - FOUND,2/8 - FOUND,True,2/8 - FOUND,2/8 - FOUND,True,True,1,1,0,0
209,6.967,flower,2,word,2/8 - FOUND,2/8 - FOUND,2/8 - FOUND,2/8 - FOUND,True,2/8 - FOUND,2/8 - FOUND,2/8 - FOUND,2/8 - FOUND,2/8 - FOUND,2/8 - FOUND,2/8 - FOUND,True,2/8 - FOUND,2/8 - FOUND,True,2/8 - FOUND,2/8 - FOUND,True,True,1,1,0,0
210,7.0,flower,3,word,3/8 - THE,3/8 - THE,3/8 - THE,3/8 - THE,True,3/8 - THE,3/8 - THE,3/8 - THE,3/8 - THE,3/8 - THE,3/8 - THE,3/8 - THE,True,3/8 - THE,3/8 - THE,True,3/8 - THE,3/8 - THE,True,True,2,1,1,0
211,7.033,flower,3,word,3/8 - THE,3/8 - THE,3/8 - THE,3/8 - THE,True,3/8 - THE,3/8 - THE,3/8 - THE,3/8 - THE,3/8 - THE,3/8 - THE,3/8 - THE,True,3/8 - THE,3/8 - THE,True,3/8 - THE,3/8 - THE,True,True,2,1,1,0
212,7.067,flower,3,word,3/8 - THE,3/8 - THE,3/8 - THE,3/8 - THE,True,3/8 - THE,3/8 - THE,3/8 - THE,3/8 - THE,3/8 - THE,3/8 - THE,3/8 - THE,True,3/8 - THE,3/8 - THE,True,3/8 - THE,3/8 - THE,True,True,1,1,1,0
213,7.1,flower,3,word,3/8 - THE,3/8 - THE,3/8 - THE,3/8 - THE,True,3/8 - THE,3/8 - THE,3/8 - THE,3/8 - THE,3/8 - THE,3/8 - THE,3/8 - THE,True,3/8 - THE,3/8 - THE,True,3/8 - THE,3/8 - THE,True,True,1,1,3,0
214,7.133,flower,3,word,3/8 - THE,3/8 - THE,3/8 - THE,3/8 - THE,True,3/8 - THE,3/8 - THE,3/8 - THE,3/8 - THE,3/8 - THE,3/8 - THE,3/8 - THE,True,3/8 - THE,3/8 - THE,True,3/8 - THE,3/8 - THE,True,True,1,1,4,0
215,7.167,flower,3,word,3/8 - THE,3/8 - THE,3/8 - THE,3/8 - THE,True,3/8 - THE,3/8 - THE,3/8 - THE,3/8 - THE,3/8 - THE,3/8 - THE,3/8 - THE,True,3/8 - THE,3/8 - THE,True,3/8 - THE,3/8 - THE,True,True,1,1,4,0
216,7.2,flower,3,word,3/8 - THE,3/8 - THE,3/8 - THE,3/8 - THE,True,3/8 - THE,3/8 - THE,3/8 - THE,3/8 - THE,3/8 - THE,3/8 - THE,3/8 - THE,True,3/8 - THE,3/8 - THE,True,3/8 - THE,3/8 - THE,True,True,1,1,5,0
217,7.233,flower,3,word,3/8 - THE,3/8 - THE,3/8 - THE,3/8 - THE,True,3/8 - THE,3/8 - THE,3/8 - THE,3/8 - THE,3/8 - THE,3/8 - THE,3/8 - THE,True,3/8 - THE,3/8 - THE,True,3/8 - THE,3/8 - THE,True,True,1,1,5,0
218,7.267,flower,3,word,3/8 - THE,3/8 - THE,3/8 - THE,3/8 - THE,True,3/8 - THE,3/8 - THE,3/8 - THE,3/8 - THE,3/8 - THE,3/8 - THE,3/8 - THE,True,3/8 - THE,3/8 - THE,True,3/8 - THE,3/8 - THE,True,True,1,1,5,0
219,7.3,flower,3,word,3/8 - THE,3/8 - THE,3/8 - THE,3/8 - THE,True,3/8 - THE,3/8 - THE,3/8 - THE,3/8 - THE,3/8 - THE,3/8 - THE,3/8 - THE,True,3/8 - THE,3/8 - THE,True,3/8 - THE,3/8 - THE,True,True,1,1,5,0
220,7.333,flower,3,word,3/8 - THE,3/8 - THE,3/8 - THE,3/8 - THE,True,3/8 - THE,3/8 - THE,3/8 - THE,3/8 - THE,3/8 - THE,3/8 - THE,3/8 - THE,True,3/8 - THE,3/8 - THE,True,3/8 - THE,3/8 - THE,True,True,1,1,5,0
221,7.367,flower,3,word,3/8 - THE,3/8 - THE,3/8 - THE,3/8 - THE,True,3/8 - THE,3/8 - THE,3/8 - THE,3/8 - THE,3/8 - THE,3/8 - THE,3/8 - THE,True,3/8 - THE,3/8 - THE,True,3/8 - THE,3/8 - THE,True,True,1,1,5,0
222,7.4,flower,3,word,3/8 - THE,3/8 - THE,3/8 - THE,3/8 - THE,True,3/8 - THE,3/8 - THE,3/8 - THE,3/8 - THE,3/8 - THE,3/8 - THE,3/8 - THE,True,3/8 - THE,3/8 - THE,True,3/8 - THE,3/8 - THE,True,True,1,1,5,0
223,7.433,flower,3,word,3/8 - THE,3/8 - THE,3/8 - THE,3/8 - THE,True,3/8 - THE,3/8 - THE,3/8 - THE,3/8 - THE,3/8 - THE,3/8 - THE,3/8 - THE,True,3/8 - THE,3/8 - THE,True,3/8 - THE,3/8 - THE,True,True,1,1,5,0
224,7.467,flower,3,word,3/8 - THE,3/8 - THE,3/8 - THE,3/8 - THE,True,3/8 - THE,3/8 - THE,3/8 - THE,3/8 - THE,3/8 - THE,3/8 - THE,3/8 - THE,True,3/8 - THE,3/8 - THE,True,3/8 - THE,3/8 - THE,True,True,2,2,5,0
225,7.5,flower,3,word,3/8 - THE,3/8 - THE,3/8 - THE,3/8 - THE,True,3/8 - THE,3/8 - THE,3/8 - THE,3/8 - THE,3/8 - THE,3/8 - THE,3/8 - THE,True,3/8 - THE,3/8 - THE,True,3/8 - THE,3/8 - THE,True,True,1,1,6,0
226,7.533,flower,3,word,3/8 - THE,3/8 - THE,3/8 - THE,3/8 - THE,True,3/8 - THE,3/8 - THE,3/8 - THE,3/8 - THE,3/8 - THE,3/8 - THE,3/8 - THE,True,3/8 - THE,3/8 - THE,True,3/8 - THE,3/8 - THE,True,True,2,2,6,0
227,7.567,flower,3,word,3/8 - THE,3/8 - THE,3/8 - THE,3/8 - THE,True,3/8 - THE,3/8 - THE,3/8 - THE,3/8 - THE,3/8 - THE,3/8 - THE,3/8 - THE,True,3/8 - THE,3/8 - THE,True,3/8 - THE,3/8 - THE,True,True,2,2,6,0
228,7.6,flower,3,word,3/8 - THE,3/8 - THE,3/8 - THE,3/8 - THE,True,3/8 - THE,3/8 - THE,3/8 - THE,3/8 - THE,3/8 - THE,3/8 - THE,3/8 - THE,True,3/8 - THE,3/8 - THE,True,3/8 - THE,3/8 - THE,True,True,2,2,6,0
229,7.633,flower,3,word,3/8 - THE,3/8 - THE,3/8 - THE,3/8 - THE,True,3/8 - THE,3/8 - THE,3/8 - THE,3/8 - THE,3/8 - THE,3/8 - THE,3/8 - THE,True,3/8 - THE,3/8 - THE,True,3/8 - THE,3/8 - THE,True,True,2,2,6,0
230,7.667,flower,3,word,3/8 - THE,3/8 - THE,3/8 - THE,3/8 - THE,True,3/8 - THE,3/8 - THE,3/8 - THE,3/8 - THE,3/8 - THE,3/8 - THE,3/8 - THE,True,3/8 - THE,3/8 - THE,True,3/8 - THE,3/8 - THE,True,True,2,2,6,0
231,7.7,flower,3,word,3/8 - THE,3/8 - THE,3/8 - THE,3/8 - THE,True,3/8 - THE,3/8 - THE,3/8 - THE,3/8 - THE,3/8 - THE,3/8 - THE,3/8 - THE,True,3/8 - THE,3/8 - THE,True,3/8 - THE,3/8 - THE,True,True,2,2,6,0
232,7.733,flower,3,word,3/8 - THE,3/8 - THE,3/8 - THE,3/8 - THE,True,3/8 - THE,3/8 - THE,3/8 - THE,3/8 - THE,3/8 - THE,3/8 - THE,3/8 - THE,True,3/8 - THE,3/8 - THE,True,3/8 - THE,3/8 - THE,True,True,2,2,5,0
233,7.767,flower,3,word,3/8 - THE,3/8 - THE,3/8 - THE,3/8 - THE,True,3/8 - THE,3/8 - THE,3/8 - THE,3/8 - THE,3/8 - THE,3/8 - THE,3/8 - THE,True,3/8 - THE,3/8 - THE,True,3/8 - THE,3/8 - THE,True,True,2,2,5,0
234,7.8,flower,3,word,3/8 - THE,3/8 - THE,3/8 - THE,3/8 - THE,True,3/8 - THE,3/8 - THE,3/8 - THE,3/8 - THE,3/8 - THE,3/8 - THE,3/8 - THE,True,3/8 - THE,3/8 - THE,True,3/8 - THE,3/8 - THE,True,True,2,2,4,0
235,7.833,flower,3,word,3/8 - THE,3/8 - THE,3/8 - THE,3/8 - THE,True,3/8 - THE,3/8 - THE,3/8 - THE,3/8 - THE,3/8 - THE,3/8 - THE,3/8 - THE,True,3/8 - THE,3/8 - THE,True,3/8 - THE,3/8 - THE,True,True,1,2,4,0
236,7.867,flower,3,word,3/8 - THE,3/8 - THE,3/8 - THE,3/8 - THE,True,3/8 - THE,3/8 - THE,3/8 - THE,3/8 - THE,3/8 - THE,3/8 - THE,3/8 - THE,True,3/8 - THE,3/8 - THE,True,3/8 - THE,3/8 - THE,True,True,1,2,4,0
237,7.9,flower,3,word,3/8 - THE,3/8 - THE,3/8 - THE,3/8 - THE,True,3/8 - THE,3/8 - THE,3/8 - THE,3/8 - THE,3/8 - THE,3/8 - THE,3/8 - THE,True,3/8 - THE,3/8 - THE,True,3/8 - THE,3/8 - THE,True,True,1,2,4,0
238,7.933,flower,3,word,3/8 - THE,3/8 - THE,3/8 - THE,3/8 - THE,True,3/8 - THE,3/8 - THE,3/8 - THE,3/8 - THE,3/8 - THE,3/8 - THE,3/8 - THE,True,3/8 - THE,3/8 - THE,True,3/8 - THE,3/8 - THE,True,True,2,2,4,0
239,7.967,flower,3,word,3/8 - THE,3/8 - THE,3/8 - THE,3/8 - THE,True,3/8 - THE,3/8 - THE,3/8 - THE,3/8 - THE,3/8 - THE,3/8 - THE,3/8 - THE,True,3/8 - THE,3/8 - THE,True,3/8 - THE,3/8 - THE,True,True,2,3,4,0
240,8.0,flower,3,word,3/8 - THE,3/8 - THE,3/8 - THE,3/8 - THE,True,3/8 - THE,3/8 - THE,3/8 - THE,3/8 - THE,3/8 - THE,3/8 - THE,3/8 - THE,True,3/8 - THE,3/8 - THE,True,3/8 - THE,3/8 - THE,True,True,1,3,4,0
241,8.033,flower,3,word,3/8 - THE,3/8 - THE,3/8 - THE,3/8 - THE,True,3/8 - THE,3/8 - THE,3/8 - THE,3/8 - THE,3/8 - THE,3/8 - THE,3/8 - THE,True,3/8 - THE,3/8 - THE,True,3/8 - THE,3/8 - THE,True,True,1,2,3,0
242,8.067,flower,3,word,3/8 - THE,3/8 - THE,3/8 - THE,3/8 - THE,True,3/8 - THE,3/8 - THE,3/8 - THE,3/8 - THE,3/8 - THE,3/8 - THE,3/8 - THE,True,3/8 - THE,3/8 - THE,True,3/8 - THE,3/8 - THE,True,True,1,2,2,0
243,8.1,flower,3,word,3/8 - THE,3/8 - THE,3/8 - THE,3/8 - THE,True,3/8 - THE,3/8 - THE,3/8 - THE,3/8 - THE,3/8 - THE,3/8 - THE,3/8 - THE,True,3/8 - THE,3/8 - THE,True,3/8 - THE,3/8 - THE,True,True,1,2,2,0
244,8.133,flower,3,word,3/8 - THE,3/8 - THE,3/8 - THE,3/8 - THE,True,3/8 - THE,3/8 - THE,3/8 - THE,3/8 - THE,3/8 - THE,3/8 - THE,3/8 - THE,True,3/8 - THE,3/8 - THE,True,3/8 - THE,3/8 - THE,True,True,1,3,2,0
245,8.167,flower,3,word,3/8 - THE,3/8 - THE,3/8 - THE,3/8 - THE,True,3/8 - THE,3/8 - THE,3/8 - THE,3/8 - THE,3/8 - THE,3/8 - THE,3/8 - THE,True,3/8 - THE,3/8 - THE,True,3/8 - THE,3/8 - THE,True,True,2,3,2,0
246,8.2,flower,3,word,3/8 - THE,3/8 - THE,3/8 - THE,3/8 - THE,True,3/8 - THE,3/8 - THE,3/8 - THE,3/8 - THE,3/8 - THE,3/8 - THE,3/8 - THE,True,3/8 - THE,3/8 - THE,True,3/8 - THE,3/8 - THE,True,True,2,3,0,0
247,8.233,flower,3,word,3/8 - THE,3/8 - THE,3/8 - THE,3/8 - THE,True,3/8 - THE,3/8 - THE,3/8 - THE,3/8 - THE,3/8 - THE,3/8 - THE,3/8 - THE,True,3/8 - THE,3/8 - THE,True,3/8 - THE,3/8 - THE,True,True,2,3,1,0
248,8.267,flower,3,word,3/8 - THE,3/8 - THE,3/8 - THE,3/8 - THE,True,3/8 - THE,3/8 - THE,3/8 - THE,3/8 - THE,3/8 - THE,3/8 - THE,3/8 - THE,True,3/8 - THE,3/8 - THE,True,3/8 - THE,3/8 - THE,True,True,1,2,1,0
249,8.3,flower,3,word,3/8 - THE,3/8 - THE,3/8 - THE,3/8 - THE,True,3/8 - THE,3/8 - THE,3/8 - THE,3/8 - THE,3/8 - THE,3/8 - THE,3/8 - THE,True,3/8 - THE,3/8 - THE,True,3/8 - THE,3/8 - THE,True,True,1,2,1,0
250,8.333,flower,3,word,3/8 - THE,3/8 - THE,3/8 - THE,3/8 - THE,True,3/8 - THE,3/8 - THE,3/8 - THE,3/8 - THE,3/8 - THE,3/8 - THE,3/8 - THE,True,3/8 - THE,3/8 - THE,True,3/8 - THE,3/8 - THE,True,True,2,3,1,0
251,8.367,flower,3,word,3/8 - THE,3/8 - THE,3/8 - THE,3/8 - THE,True,3/8 - THE,3/8 - THE,3/8 - THE,3/8 - THE,3/8 - THE,3/8 - THE,3/8 - THE,True,3/8 - THE,3/8 - THE,True,3/8 - THE,3/8 - THE,True,True,2,3,1,0
252,8.4,flower,3,word,3/8 - THE,3/8 - THE,3/8 - THE,3/8 - THE,True,3/8 - THE,3/8 - THE,3/8 - THE,3/8 - THE,3/8 - THE,3/8 - THE,3/8 - THE,True,3/8 - THE,3/8 - THE,True,3/8 - THE,3/8 - THE,True,True,2,3,1,0
253,8.433,flower,3,word,3/8 - THE,3/8 - THE,3/8 - THE,3/8 - THE,True,3/8 - THE,3/8 - THE,3/8 - THE,3/8 - THE,3/8 - THE,3/8 - THE,3/8 - THE,True,3/8 - THE,3/8 - THE,True,3/8 - THE,3/8 - THE,True,True,2,3,1,0
254,8.467,flower,3,word,3/8 - THE,3/8 - THE,3/8 - THE,3/8 - THE,True,3/8 - THE,3/8 - THE,3/8 - THE,3/8 - THE,3/8 - THE,3/8 - THE,3/8 - THE,True,3/8 - THE,3/8 - THE,True,3/8 - THE,3/8 - THE,True,True,2,3,1,0
255,8.5,flower,4,word,4/8 - MESSAGE,4/8 - MESSAGE,4/8 - MESSAGE,4/8 - MESSAGE,True,4/8 - MESSAGE,4/8 - MESSAGE,4/8 - MESSAGE,4/8 - MESSAGE,4/8 - MESSAGE,4/8 - MESSAGE,4/8 - MESSAGE,True,4/8 - MESSAGE,4/8 - MESSAGE,True,4/8 - MESSAGE,4/8 - MESSAGE,True,True,2,2,17,0
256,8.533,flower,4,word,4/8 - MESSAGE,4/8 - MESSAGE,4/8 - MESSAGE,4/8 - MESSAGE,True,4/8 - MESSAGE,4/8 - MESSAGE,4/8 - MESSAGE,4/8 - MESSAGE,4/8 - MESSAGE,4/8 - MESSAGE,4/8 - MESSAGE,True,4/8 - MESSAGE,4/8 - MESSAGE,True,4/8 - MESSAGE,4/8 - MESSAGE,True,True,2,2,17,0
257,8.567,flower,4,word,4/8 - MESSAGE,4/8 - MESSAGE,4/8 - MESSAGE,4/8 - MESSAGE,True,4/8 - MESSAGE,4/8 - MESSAGE,4/8 - MESSAGE,4/8 - MESSAGE,4/8 - MESSAGE,4/8 - MESSAGE,4/8 - MESSAGE,True,4/8 - MESSAGE,4/8 - MESSAGE,True,4/8 - MESSAGE,4/8 - MESSAGE,True,True,2,2,17,0
258,8.6,flower,4,word,4/8 - MESSAGE,4/8 - MESSAGE,4/8 - MESSAGE,4/8 - MESSAGE,True,4/8 - MESSAGE,4/8 - MESSAGE,4/8 - MESSAGE,4/8 - MESSAGE,4/8 - MESSAGE,4/8 - MESSAGE,4/8 - MESSAGE,True,4/8 - MESSAGE,4/8 - MESSAGE,True,4/8 - MESSAGE,4/8 - MESSAGE,True,True,2,2,17,0
259,8.633,flower,4,word,4/8 - MESSAGE,4/8 - MESSAGE,4/8 - MESSAGE,4/8 - MESSAGE,True,4/8 - MESSAGE,4/8 - MESSAGE,4/8 - MESSAGE,4/8 - MESSAGE,4/8 - MESSAGE,4/8 - MESSAGE,4/8 - MESSAGE,True,4/8 - MESSAGE,4/8 - MESSAGE,True,4/8 - MESSAGE,4/8 - MESSAGE,True,True,2,2,17,0
260,8.667,flower,4,word,4/8 - MESSAGE,4/8 - MESSAGE,4/8 - MESSAGE,4/8 - MESSAGE,True,4/8 - MESSAGE,4/8 - MESSAGE,4/8 - MESSAGE,4/8 - MESSAGE,4/8 - MESSAGE,4/8 - MESSAGE,4/8 - MESSAGE,True,4/8 - MESSAGE,4/8 - MESSAGE,True,4/8 - MESSAGE,4/8 - MESSAGE,True,True,2,2,17,0
261,8.7,flower,4,word,4/8 - MESSAGE,4/8 - MESSAGE,4/8 - MESSAGE,4/8 - MESSAGE,True,4/8 - MESSAGE,4/8 - MESSAGE,4/8 - MESSAGE,4/8 - MESSAGE,4/8 - MESSAGE,4/8 - MESSAGE,4/8 - MESSAGE,True,4/8 - MESSAGE,4/8 - MESSAGE,True,4/8 - MESSAGE,4/8 - MESSAGE,True,True,2,2,17,0
262,8.733,flower,4,word,4/8 - MESSAGE,4/8 - MESSAGE,4/8 - MESSAGE,4/8 - MESSAGE,True,4/8 - MESSAGE,4/8 - MESSAGE,4/8 - MESSAGE,4/8 - MESSAGE,4/8 - MESSAGE,4/8 - MESSAGE,4/8 - MESSAGE,True,4/8 - MESSAGE,4/8 - MESSAGE,True,4/8 - MESSAGE,4/8 - MESSAGE,True,True,2,2,17,0
263,8.767,flower,4,word,4/8 - MESSAGE,4/8 - MESSAGE,4/8 - MESSAGE,4/8 - MESSAGE,True,4/8 - MESSAGE,4/8 - MESSAGE,4/8 - MESSAGE,4/8 - MESSAGE,4/8 - MESSAGE,4/8 - MESSAGE,4/8 - MESSAGE,True,4/8 - MESSAGE,4/8 - MESSAGE,True,4/8 - MESSAGE,4/8 - MESSAGE,True,True,2,2,17,0
264,8.8,flower,4,word,4/8 - MESSAGE,4/8 - MESSAGE,4/8 - MESSAGE,4/8 - MESSAGE,True,4/8 - MESSAGE,4/8 - MESSAGE,4/8 - MESSAGE,4/8 - MESSAGE,4/8 - MESSAGE,4/8 - MESSAGE,4/8 - MESSAGE,True,4/8 - MESSAGE,4/8 - MESSAGE,True,4/8 - MESSAGE,4/8 - MESSAGE,True,True,2,2,14,0
265,8.833,flower,4,word,4/8 - MESSAGE,4/8 - MESSAGE,4/8 - MESSAGE,4/8 - MESSAGE,True,4/8 - MESSAGE,4/8 - MESSAGE,4/8 - MESSAGE,4/8 - MESSAGE,4/8 - MESSAGE,4/8 - MESSAGE,4/8 - MESSAGE,True,4/8 - MESSAGE,4/8 - MESSAGE,True,4/8 - MESSAGE,4/8 - MESSAGE,True,True,2,2,12,0
266,8.867,flower,4,word,4/8 - MESSAGE,4/8 - MESSAGE,4/8 - MESSAGE,4/8 - MESSAGE,True,4/8 - MESSAGE,4/8 - MESSAGE,4/8 - MESSAGE,4/8 - MESSAGE,4/8 - MESSAGE,4/8 - MESSAGE,4/8 - MESSAGE,True,4/8 - MESSAGE,4/8 - MESSAGE,True,4/8 - MESSAGE,4/8 - MESSAGE,True,True,2,2,12,0
267,8.9,flower,4,word,4/8 - MESSAGE,4/8 - MESSAGE,4/8 - MESSAGE,4/8 - MESSAGE,True,4/8 - MESSAGE,4/8 - MESSAGE,4/8 - MESSAGE,4/8 - MESSAGE,4/8 - MESSAGE,4/8 - MESSAGE,4/8 - MESSAGE,True,4/8 - MESSAGE,4/8 - MESSAGE,True,4/8 - MESSAGE,4/8 - MESSAGE,True,True,2,2,12,0
268,8.933,flower,4,word,4/8 - MESSAGE,4/8 - MESSAGE,4/8 - MESSAGE,4/8 - MESSAGE,True,4/8 - MESSAGE,4/8 - MESSAGE,4/8 - MESSAGE,4/8 - MESSAGE,4/8 - MESSAGE,4/8 - MESSAGE,4/8 - MESSAGE,True,4/8 - MESSAGE,4/8 - MESSAGE,True,4/8 - MESSAGE,4/8 - MESSAGE,True,True,2,2,12,0
269,8.967,flower,4,word,4/8 - MESSAGE,4/8 - MESSAGE,4/8 - MESSAGE,4/8 - MESSAGE,True,4/8 - MESSAGE,4/8 - MESSAGE,4/8 - MESSAGE,4/8 - MESSAGE,4/8 - MESSAGE,4/8 - MESSAGE,4/8 - MESSAGE,True,4/8 - MESSAGE,4/8 - MESSAGE,True,4/8 - MESSAGE,4/8 - MESSAGE,True,True,2,2,12,0
270,9.0,flower,4,word,4/8 - MESSAGE,4/8 - MESSAGE,4/8 - MESSAGE,4/8 - MESSAGE,True,4/8 - MESSAGE,4/8 - MESSAGE,4/8 - MESSAGE,4/8 - MESSAGE,4/8 - MESSAGE,4/8 - MESSAGE,4/8 - MESSAGE,True,4/8 - MESSAGE,4/8 - MESSAGE,True,4/8 - MESSAGE,4/8 - MESSAGE,True,True,2,2,12,0
271,9.033,flower,4,word,4/8 - MESSAGE,4/8 - MESSAGE,4/8 - MESSAGE,4/8 - MESSAGE,True,4/8 - MESSAGE,4/8 - MESSAGE,4/8 - MESSAGE,4/8 - MESSAGE,4/8 - MESSAGE,4/8 - MESSAGE,4/8 - MESSAGE,True,4/8 - MESSAGE,4/8 - MESSAGE,True,4/8 - MESSAGE,4/8 - MESSAGE,True,True,2,2,12,0
272,9.067,flower,4,word,4/8 - MESSAGE,4/8 - MESSAGE,4/8 - MESSAGE,4/8 - MESSAGE,True,4/8 - MESSAGE,4/8 - MESSAGE,4/8 - MESSAGE,4/8 - MESSAGE,4/8 - MESSAGE,4/8 - MESSAGE,4/8 - MESSAGE,True,4/8 - MESSAGE,4/8 - MESSAGE,True,4/8 - MESSAGE,4/8 - MESSAGE,True,True,2,2,12,0
273,9.1,flower,4,word,4/8 - MESSAGE,4/8 - MESSAGE,4/8 - MESSAGE,4/8 - MESSAGE,True,4/8 - MESSAGE,4/8 - MESSAGE,4/8 - MESSAGE,4/8 - MESSAGE,4/8 - MESSAGE,4/8 - MESSAGE,4/8 - MESSAGE,True,4/8 - MESSAGE,4/8 - MESSAGE,True,4/8 - MESSAGE,4/8 - MESSAGE,True,True,2,2,13,0
274,9.133,flower,4,word,4/8 - MESSAGE,4/8 - MESSAGE,4/8 - MESSAGE,4/8 - MESSAGE,True,4/8 - MESSAGE,4/8 - MESSAGE,4/8 - MESSAGE,4/8 - MESSAGE,4/8 - MESSAGE,4/8 - MESSAGE,4/8 - MESSAGE,True,4/8 - MESSAGE,4/8 - MESSAGE,True,4/8 - MESSAGE,4/8 - MESSAGE,True,True,2,2,19,0
275,9.167,flower,4,word,4/8 - MESSAGE,4/8 - MESSAGE,4/8 - MESSAGE,4/8 - MESSAGE,True,4/8 - MESSAGE,4/8 - MESSAGE,4/8 - MESSAGE,4/8 - MESSAGE,4/8 - MESSAGE,4/8 - MESSAGE,4/8 - MESSAGE,True,4/8 - MESSAGE,4/8 - MESSAGE,True,4/8 - MESSAGE,4/8 - MESSAGE,True,True,2,2,19,0
276,9.2,flower,4,word,4/8 - MESSAGE,4/8 - MESSAGE,4/8 - MESSAGE,4/8 - MESSAGE,True,4/8 - MESSAGE,4/8 - MESSAGE,4/8 - MESSAGE,4/8 - MESSAGE,4/8 - MESSAGE,4/8 - MESSAGE,4/8 - MESSAGE,True,4/8 - MESSAGE,4/8 - MESSAGE,True,4/8 - MESSAGE,4/8 - MESSAGE,True,True,2,2,19,0
277,9.233,flower,4,word,4/8 - MESSAGE,4/8 - MESSAGE,4/8 - MESSAGE,4/8 - MESSAGE,True,4/8 - MESSAGE,4/8 - MESSAGE,4/8 - MESSAGE,4/8 - MESSAGE,4/8 - MESSAGE,4/8 - MESSAGE,4/8 - MESSAGE,True,4/8 - MESSAGE,4/8 - MESSAGE,True,4/8 - MESSAGE,4/8 - MESSAGE,True,True,2,2,19,0
278,9.267,flower,4,word,4/8 - MESSAGE,4/8 - MESSAGE,4/8 - MESSAGE,4/8 - MESSAGE,True,4/8 - MESSAGE,4/8 - MESSAGE,4/8 - MESSAGE,4/8 - MESSAGE,4/8 - MESSAGE,4/8 - MESSAGE,4/8 - MESSAGE,True,4/8 - MESSAGE,4/8 - MESSAGE,True,4/8 - MESSAGE,4/8 - MESSAGE,True,True,1,2,19,0
279,9.3,flower,4,word,4/8 - MESSAGE,4/8 - MESSAGE,4/8 - MESSAGE,4/8 - MESSAGE,True,4/8 - MESSAGE,4/8 - MESSAGE,4/8 - MESSAGE,4/8 - MESSAGE,4/8 - MESSAGE,4/8 - MESSAGE,4/8 - MESSAGE,True,4/8 - MESSAGE,4/8 - MESSAGE,True,4/8 - MESSAGE,4/8 - MESSAGE,True,True,2,1,19,0
280,9.333,flower,4,word,4/8 - MESSAGE,4/8 - MESSAGE,4/8 - MESSAGE,4/8 - MESSAGE,True,4/8 - MESSAGE,4/8 - MESSAGE,4/8 - MESSAGE,4/8 - MESSAGE,4/8 - MESSAGE,4/8 - MESSAGE,4/8 - MESSAGE,True,4/8 - MESSAGE,4/8 - MESSAGE,True,4/8 - MESSAGE,4/8 - MESSAGE,True,True,2,1,19,0
281,9.367,flower,4,word,4/8 - MESSAGE,4/8 - MESSAGE,4/8 - MESSAGE,4/8 - MESSAGE,True,4/8 - MESSAGE,4/8 - MESSAGE,4/8 - MESSAGE,4/8 - MESSAGE,4/8 - MESSAGE,4/8 - MESSAGE,4/8 - MESSAGE,True,4/8 - MESSAGE,4/8 - MESSAGE,True,4/8 - MESSAGE,4/8 - MESSAGE,True,True,1,2,19,0
282,9.4,flower,4,word,4/8 - MESSAGE,4/8 - MESSAGE,4/8 - MESSAGE,4/8 - MESSAGE,True,4/8 - MESSAGE,4/8 - MESSAGE,4/8 - MESSAGE,4/8 - MESSAGE,4/8 - MESSAGE,4/8 - MESSAGE,4/8 - MESSAGE,True,4/8 - MESSAGE,4/8 - MESSAGE,True,4/8 - MESSAGE,4/8 - MESSAGE,True,True,2,2,19,0
283,9.433,flower,4,word,4/8 - MESSAGE,4/8 - MESSAGE,4/8 - MESSAGE,4/8 - MESSAGE,True,4/8 - MESSAGE,4/8 - MESSAGE,4/8 - MESSAGE,4/8 - MESSAGE,4/8 - MESSAGE,4/8 - MESSAGE,4/8 - MESSAGE,True,4/8 - MESSAGE,4/8 - MESSAGE,True,4/8 - MESSAGE,4/8 - MESSAGE,True,True,1,2,19,0
284,9.467,flower,4,word,4/8 - MESSAGE,4/8 - MESSAGE,4/8 - MESSAGE,4/8 - MESSAGE,True,4/8 - MESSAGE,4/8 - MESSAGE,4/8 - MESSAGE,4/8 - MESSAGE,4/8 - MESSAGE,4/8 - MESSAGE,4/8 - MESSAGE,True,4/8 - MESSAGE,4/8 - MESSAGE,True,4/8 - MESSAGE,4/8 - MESSAGE,True,True,1,2,19,0
285,9.5,flower,4,word,4/8 - MESSAGE,4/8 - MESSAGE,4/8 - MESSAGE,4/8 - MESSAGE,True,4/8 - MESSAGE,4/8 - MESSAGE,4/8 - MESSAGE,4/8 - MESSAGE,4/8 - MESSAGE,4/8 - MESSAGE,4/8 - MESSAGE,True,4/8 - MESSAGE,4/8 - MESSAGE,True,4/8 - MESSAGE,4/8 - MESSAGE,True,True,1,2,19,0
286,9.533,flower,4,word,4/8 - MESSAGE,4/8 - MESSAGE,4/8 - MESSAGE,4/8 - MESSAGE,True,4/8 - MESSAGE,4/8 - MESSAGE,4/8 - MESSAGE,4/8 - MESSAGE,4/8 - MESSAGE,4/8 - MESSAGE,4/8 - MESSAGE,True,4/8 - MESSAGE,4/8 - MESSAGE,True,4/8 - MESSAGE,4/8 - MESSAGE,True,True,2,2,21,0
287,9.567,flower,4,word,4/8 - MESSAGE,4/8 - MESSAGE,4/8 - MESSAGE,4/8 - MESSAGE,True,4/8 - MESSAGE,4/8 - MESSAGE,4/8 - MESSAGE,4/8 - MESSAGE,4/8 - MESSAGE,4/8 - MESSAGE,4/8 - MESSAGE,True,4/8 - MESSAGE,4/8 - MESSAGE,True,4/8 - MESSAGE,4/8 - MESSAGE,True,True,2,2,24,0
288,9.6,flower,4,word,4/8 - MESSAGE,4/8 - MESSAGE,4/8 - MESSAGE,4/8 - MESSAGE,True,4/8 - MESSAGE,4/8 - MESSAGE,4/8 - MESSAGE,4/8 - MESSAGE,4/8 - MESSAGE,4/8 - MESSAGE,4/8 - MESSAGE,True,4/8 - MESSAGE,4/8 - MESSAGE,True,4/8 - MESSAGE,4/8 - MESSAGE,True,True,2,2,25,0
289,9.633,flower,4,word,4/8 - MESSAGE,4/8 - MESSAGE,4/8 - MESSAGE,4/8 - MESSAGE,True,4/8 - MESSAGE,4/8 - MESSAGE,4/8 - MESSAGE,4/8 - MESSAGE,4/8 - MESSAGE,4/8 - MESSAGE,4/8 - MESSAGE,True,4/8 - MESSAGE,4/8 - MESSAGE,True,4/8 - MESSAGE,4/8 - MESSAGE,True,True,2,2,27,0
290,9.667,flower,4,word,4/8 - MESSAGE,4/8 - MESSAGE,4/8 - MESSAGE,4/8 - MESSAGE,True,4/8 - MESSAGE,4/8 - MESSAGE,4/8 - MESSAGE,4/8 - MESSAGE,4/8 - MESSAGE,4/8 - MESSAGE,4/8 - MESSAGE,True,4/8 - MESSAGE,4/8 - MESSAGE,True,4/8 - MESSAGE,4/8 - MESSAGE,True,True,2,2,28,0
291,9.7,flower,4,word,4/8 - MESSAGE,4/8 - MESSAGE,4/8 - MESSAGE,4/8 - MESSAGE,True,4/8 - MESSAGE,4/8 - MESSAGE,4/8 - MESSAGE,4/8 - MESSAGE,4/8 - MESSAGE,4/8 - MESSAGE,4/8 - MESSAGE,True,4/8 - MESSAGE,4/8 - MESSAGE,True,4/8 - MESSAGE,4/8 - MESSAGE,True,True,2,2,28,0
292,9.733,flower,4,word,4/8 - MESSAGE,4/8 - MESSAGE,4/8 - MESSAGE,4/8 - MESSAGE,True,4/8 - MESSAGE,4/8 - MESSAGE,4/8 - MESSAGE,4/8 - MESSAGE,4/8 - MESSAGE,4/8 - MESSAGE,4/8 - MESSAGE,True,4/8 - MESSAGE,4/8 - MESSAGE,True,4/8 - MESSAGE,4/8 - MESSAGE,True,True,2,2,28,0
293,9.767,flower,4,word,4/8 - MESSAGE,4/8 - MESSAGE,4/8 - MESSAGE,4/8 - MESSAGE,True,4/8 - MESSAGE,4/8 - MESSAGE,4/8 - MESSAGE,4/8 - MESSAGE,4/8 - MESSAGE,4/8 - MESSAGE,4/8 - MESSAGE,True,4/8 - MESSAGE,4/8 - MESSAGE,True,4/8 - MESSAGE,4/8 - MESSAGE,True,True,2,2,28,0
294,9.8,flower,4,word,4/8 - MESSAGE,4/8 - MESSAGE,4/8 - MESSAGE,4/8 - MESSAGE,True,4/8 - MESSAGE,4/8 - MESSAGE,4/8 - MESSAGE,4/8 - MESSAGE,4/8 - MESSAGE,4/8 - MESSAGE,4/8 - MESSAGE,True,4/8 - MESSAGE,4/8 - MESSAGE,True,4/8 - MESSAGE,4/8 - MESSAGE,True,True,1,2,28,0
295,9.833,flower,4,word,4/8 - MESSAGE,4/8 - MESSAGE,4/8 - MESSAGE,4/8 - MESSAGE,True,4/8 - MESSAGE,4/8 - MESSAGE,4/8 - MESSAGE,4/8 - MESSAGE,4/8 - MESSAGE,4/8 - MESSAGE,4/8 - MESSAGE,True,4/8 - MESSAGE,4/8 - MESSAGE,True,4/8 - MESSAGE,4/8 - MESSAGE,True,True,1,2,28,0
296,9.867,flower,4,word,4/8 - MESSAGE,4/8 - MESSAGE,4/8 - MESSAGE,4/8 - MESSAGE,True,4/8 - MESSAGE,4/8 - MESSAGE,4/8 - MESSAGE,4/8 - MESSAGE,4/8 - MESSAGE,4/8 - MESSAGE,4/8 - MESSAGE,True,4/8 - MESSAGE,4/8 - MESSAGE,True,4/8 - MESSAGE,4/8 - MESSAGE,True,True,1,2,28,0
297,9.9,flower,4,word,4/8 - MESSAGE,4/8 - MESSAGE,4/8 - MESSAGE,4/8 - MESSAGE,True,4/8 - MESSAGE,4/8 - MESSAGE,4/8 - MESSAGE,4/8 - MESSAGE,4/8 - MESSAGE,4/8 - MESSAGE,4/8 - MESSAGE,True,4/8 - MESSAGE,4/8 - MESSAGE,True,4/8 - MESSAGE,4/8 - MESSAGE,True,True,1,2,28,0
298,9.933,flower,4,word,4/8 - MESSAGE,4/8 - MESSAGE,4/8 - MESSAGE,4/8 - MESSAGE,True,4/8 - MESSAGE,4/8 - MESSAGE,4/8 - MESSAGE,4/8 - MESSAGE,4/8 - MESSAGE,4/8 - MESSAGE,4/8 - MESSAGE,True,4/8 - MESSAGE,4/8 - MESSAGE,True,4/8 - MESSAGE,4/8 - MESSAGE,True,True,2,2,28,0
299,9.967,flower,4,word,4/8 - MESSAGE,4/8 - MESSAGE,4/8 - MESSAGE,4/8 - MESSAGE,True,4/8 - MESSAGE,4/8 - MESSAGE,4/8 - MESSAGE,4/8 - MESSAGE,4/8 - MESSAGE,4/8 - MESSAGE,4/8 - MESSAGE,True,4/8 - MESSAGE,4/8 - MESSAGE,True,4/8 - MESSAGE,4/8 - MESSAGE,True,True,1,2,28,0
300,10.0,flower,5,word,5/8 - HIDDEN,5/8 - HIDDEN,5/8 - HIDDEN,5/8 - HIDDEN,True,5/8 - HIDDEN,5/8 - HIDDEN,5/8 - HIDDEN,5/8 - HIDDEN,5/8 - HIDDEN,5/8 - HIDDEN,5/8 - HIDDEN,True,5/8 - HIDDEN,5/8 - HIDDEN,True,5/8 - HIDDEN,5/8 - HIDDEN,True,True,2,2,18,0
301,10.033,flower,5,word,5/8 - HIDDEN,5/8 - HIDDEN,5/8 - HIDDEN,5/8 - HIDDEN,True,5/8 - HIDDEN,5/8 - HIDDEN,5/8 - HIDDEN,5/8 - HIDDEN,5/8 - HIDDEN,5/8 - HIDDEN,5/8 - HIDDEN,True,5/8 - HIDDEN,5/8 - HIDDEN,True,5/8 - HIDDEN,5/8 - HIDDEN,True,True,2,2,19,0
302,10.067,flower,5,word,5/8 - HIDDEN,5/8 - HIDDEN,5/8 - HIDDEN,5/8 - HIDDEN,True,5/8 - HIDDEN,5/8 - HIDDEN,5/8 - HIDDEN,5/8 - HIDDEN,5/8 - HIDDEN,5/8 - HIDDEN,5/8 - HIDDEN,True,5/8 - HIDDEN,5/8 - HIDDEN,True,5/8 - HIDDEN,5/8 - HIDDEN,True,True,2,2,19,0
303,10.1,flower,5,word,5/8 - HIDDEN,5/8 - HIDDEN,5/8 - HIDDEN,5/8 - HIDDEN,True,5/8 - HIDDEN,5/8 - HIDDEN,5/8 - HIDDEN,5/8 - HIDDEN,5/8 - HIDDEN,5/8 - HIDDEN,5/8 - HIDDEN,True,5/8 - HIDDEN,5/8 - HIDDEN,True,5/8 - HIDDEN,5/8 - HIDDEN,True,True,2,2,20,0
304,10.133,flower,5,word,5/8 - HIDDEN,5/8 - HIDDEN,5/8 - HIDDEN,5/8 - HIDDEN,True,5/8 - HIDDEN,5/8 - HIDDEN,5/8 - HIDDEN,5/8 - HIDDEN,5/8 - HIDDEN,5/8 - HIDDEN,5/8 - HIDDEN,True,5/8 - HIDDEN,5/8 - HIDDEN,True,5/8 - HIDDEN,5/8 - HIDDEN,True,True,2,2,20,0
305,10.167,flower,5,word,5/8 - HIDDEN,5/8 - HIDDEN,5/8 - HIDDEN,5/8 - HIDDEN,True,5/8 - HIDDEN,5/8 - HIDDEN,5/8 - HIDDEN,5/8 - HIDDEN,5/8 - HIDDEN,5/8 - HIDDEN,5/8 - HIDDEN,True,5/8 - HIDDEN,5/8 - HIDDEN,True,5/8 - HIDDEN,5/8 - HIDDEN,True,True,2,2,20,0
306,10.2,flower,5,word,5/8 - HIDDEN,5/8 - HIDDEN,5/8 - HIDDEN,5/8 - HIDDEN,True,5/8 - HIDDEN,5/8 - HIDDEN,5/8 - HIDDEN,5/8 - HIDDEN,5/8 - HIDDEN,5/8 - HIDDEN,5/8 - HIDDEN,True,5/8 - HIDDEN,5/8 - HIDDEN,True,5/8 - HIDDEN,5/8 - HIDDEN,True,True,2,2,20,0
307,10.233,flower,5,word,5/8 - HIDDEN,5/8 - HIDDEN,5/8 - HIDDEN,5/8 - HIDDEN,True,5/8 - HIDDEN,5/8 - HIDDEN,5/8 - HIDDEN,5/8 - HIDDEN,5/8 - HIDDEN,5/8 - HIDDEN,5/8 - HIDDEN,True,5/8 - HIDDEN,5/8 - HIDDEN,True,5/8 - HIDDEN,5/8 - HIDDEN,True,True,2,2,18,0
308,10.267,flower,5,word,5/8 - HIDDEN,5/8 - HIDDEN,5/8 - HIDDEN,5/8 - HIDDEN,True,5/8 - HIDDEN,5/8 - HIDDEN,5/8 - HIDDEN,5/8 - HIDDEN,5/8 - HIDDEN,5/8 - HIDDEN,5/8 - HIDDEN,True,5/8 - HIDDEN,5/8 - HIDDEN,True,5/8 - HIDDEN,5/8 - HIDDEN,True,True,2,2,17,0
309,10.3,flower,5,word,5/8 - HIDDEN,5/8 - HIDDEN,5/8 - HIDDEN,5/8 - HIDDEN,True,5/8 - HIDDEN,5/8 - HIDDEN,5/8 - HIDDEN,5/8 - HIDDEN,5/8 - HIDDEN,5/8 - HIDDEN,5/8 - HIDDEN,True,5/8 - HIDDEN,5/8 - HIDDEN,True,5/8 - HIDDEN,5/8 - HIDDEN,True,True,2,3,17,0
310,10.333,flower,5,word,5/8 - HIDDEN,5/8 - HIDDEN,5/8 - HIDDEN,5/8 - HIDDEN,True,5/8 - HIDDEN,5/8 - HIDDEN,5/8 - HIDDEN,5/8 - HIDDEN,5/8 - HIDDEN,5/8 - HIDDEN,5/8 - HIDDEN,True,5/8 - HIDDEN,5/8 - HIDDEN,True,5/8 - HIDDEN,5/8 - HIDDEN,True,True,2,3,17,0
311,10.367,flower,5,word,5/8 - HIDDEN,5/8 - HIDDEN,5/8 - HIDDEN,5/8 - HIDDEN,True,5/8 - HIDDEN,5/8 - HIDDEN,5/8 - HIDDEN,5/8 - HIDDEN,5/8 - HIDDEN,5/8 - HIDDEN,5/8 - HIDDEN,True,5/8 - HIDDEN,5/8 - HIDDEN,True,5/8 - HIDDEN,5/8 - HIDDEN,True,True,2,2,17,0
312,10.4,flower,5,word,5/8 - HIDDEN,5/8 - HIDDEN,5/8 - HIDDEN,5/8 - HIDDEN,True,5/8 - HIDDEN,5/8 - HIDDEN,5/8 - HIDDEN,5/8 - HIDDEN,5/8 - HIDDEN,5/8 - HIDDEN,5/8 - HIDDEN,True,5/8 - HIDDEN,5/8 - HIDDEN,True,5/8 - HIDDEN,5/8 - HIDDEN,True,True,2,2,16,0
313,10.433,flower,5,word,5/8 - HIDDEN,5/8 - HIDDEN,5/8 - HIDDEN,5/8 - HIDDEN,True,5/8 - HIDDEN,5/8 - HIDDEN,5/8 - HIDDEN,5/8 - HIDDEN,5/8 - HIDDEN,5/8 - HIDDEN,5/8 - HIDDEN,True,5/8 - HIDDEN,5/8 - HIDDEN,True,5/8 - HIDDEN,5/8 - HIDDEN,True,True,2,2,16,0
314,10.467,flower,5,word,5/8 - HIDDEN,5/8 - HIDDEN,5/8 - HIDDEN,5/8 - HIDDEN,True,5/8 - HIDDEN,5/8 - HIDDEN,5/8 - HIDDEN,5/8 - HIDDEN,5/8 - HIDDEN,5/8 - HIDDEN,5/8 - HIDDEN,True,5/8 - HIDDEN,5/8 - HIDDEN,True,5/8 - HIDDEN,5/8 - HIDDEN,True,True,2,2,16,0
315,10.5,flower,5,word,5/8 - HIDDEN,5/8 - HIDDEN,5/8 - HIDDEN,5/8 - HIDDEN,True,5/8 - HIDDEN,5/8 - HIDDEN,5/8 - HIDDEN,5/8 - HIDDEN,5/8 - HIDDEN,5/8 - HIDDEN,5/8 - HIDDEN,True,5/8 - HIDDEN,5/8 - HIDDEN,True,5/8 - HIDDEN,5/8 - HIDDEN,True,True,2,2,15,0
316,10.533,flower,5,word,5/8 - HIDDEN,5/8 - HIDDEN,5/8 - HIDDEN,5/8 - HIDDEN,True,5/8 - HIDDEN,5/8 - HIDDEN,5/8 - HIDDEN,5/8 - HIDDEN,5/8 - HIDDEN,5/8 - HIDDEN,5/8 - HIDDEN,True,5/8 - HIDDEN,5/8 - HIDDEN,True,5/8 - HIDDEN,5/8 - HIDDEN,True,True,2,2,14,0
317,10.567,flower,5,word,5/8 - HIDDEN,5/8 - HIDDEN,5/8 - HIDDEN,5/8 - HIDDEN,True,5/8 - HIDDEN,5/8 - HIDDEN,5/8 - HIDDEN,5/8 - HIDDEN,5/8 - HIDDEN,5/8 - HIDDEN,5/8 - HIDDEN,True,5/8 - HIDDEN,5/8 - HIDDEN,True,5/8 - HIDDEN,5/8 - HIDDEN,True,True,2,2,14,0
318,10.6,flower,5,word,5/8 - HIDDEN,5/8 - HIDDEN,5/8 - HIDDEN,5/8 - HIDDEN,True,5/8 - HIDDEN,5/8 - HIDDEN,5/8 - HIDDEN,5/8 - HIDDEN,5/8 - HIDDEN,5/8 - HIDDEN,5/8 - HIDDEN,True,5/8 - HIDDEN,5/8 - HIDDEN,True,5/8 - HIDDEN,5/8 - HIDDEN,True,True,1,2,14,0
319,10.633,flower,5,word,5/8 - HIDDEN,5/8 - HIDDEN,5/8 - HIDDEN,5/8 - HIDDEN,True,5/8 - HIDDEN,5/8 - HIDDEN,5/8 - HIDDEN,5/8 - HIDDEN,5/8 - HIDDEN,5/8 - HIDDEN,5/8 - HIDDEN,True,5/8 - HIDDEN,5/8 - HIDDEN,True,5/8 - HIDDEN,5/8 - HIDDEN,True,True,1,2,17,0
320,10.667,flower,5,word,5/8 - HIDDEN,5/8 - HIDDEN,5/8 - HIDDEN,5/8 - HIDDEN,True,5/8 - HIDDEN,5/8 - HIDDEN,5/8 - HIDDEN,5/8 - HIDDEN,5/8 - HIDDEN,5/8 - HIDDEN,5/8 - HIDDEN,True,5/8 - HIDDEN,5/8 - HIDDEN,True,5/8 - HIDDEN,5/8 - HIDDEN,True,True,2,2,16,0
321,10.7,flower,5,word,5/8 - HIDDEN,5/8 - HIDDEN,5/8 - HIDDEN,5/8 - HIDDEN,True,5/8 - HIDDEN,5/8 - HIDDEN,5/8 - HIDDEN,5/8 - HIDDEN,5/8 - HIDDEN,5/8 - HIDDEN,5/8 - HIDDEN,True,5/8 - HIDDEN,5/8 - HIDDEN,True,5/8 - HIDDEN,5/8 - HIDDEN,True,True,1,2,16,0
322,10.733,flower,5,word,5/8 - HIDDEN,5/8 - HIDDEN,5/8 - HIDDEN,5/8 - HIDDEN,True,5/8 - HIDDEN,5/8 - HIDDEN,5/8 - HIDDEN,5/8 - HIDDEN,5/8 - HIDDEN,5/8 - HIDDEN,5/8 - HIDDEN,True,5/8 - HIDDEN,5/8 - HIDDEN,True,5/8 - HIDDEN,5/8 - HIDDEN,True,True,1,2,16,0
323,10.767,flower,5,word,5/8 - HIDDEN,5/8 - HIDDEN,5/8 - HIDDEN,5/8 - HIDDEN,True,5/8 - HIDDEN,5/8 - HIDDEN,5/8 - HIDDEN,5/8 - HIDDEN,5/8 - HIDDEN,5/8 - HIDDEN,5/8 - HIDDEN,True,5/8 - HIDDEN,5/8 - HIDDEN,True,5/8 - HIDDEN,5/8 - HIDDEN,True,True,1,2,16,0
324,10.8,flower,5,word,5/8 - HIDDEN,5/8 - HIDDEN,5/8 - HIDDEN,5/8 - HIDDEN,True,5/8 - HIDDEN,5/8 - HIDDEN,5/8 - HIDDEN,5/8 - HIDDEN,5/8 - HIDDEN,5/8 - HIDDEN,5/8 - HIDDEN,True,5/8 - HIDDEN,5/8 - HIDDEN,True,5/8 - HIDDEN,5/8 - HIDDEN,True,True,1,2,16,0
325,10.833,flower,5,word,5/8 - HIDDEN,5/8 - HIDDEN,5/8 - HIDDEN,5/8 - HIDDEN,True,5/8 - HIDDEN,5/8 - HIDDEN,5/8 - HIDDEN,5/8 - HIDDEN,5/8 - HIDDEN,5/8 - HIDDEN,5/8 - HIDDEN,True,5/8 - HIDDEN,5/8 - HIDDEN,True,5/8 - HIDDEN,5/8 - HIDDEN,True,True,1,2,16,0
326,10.867,flower,5,word,5/8 - HIDDEN,5/8 - HIDDEN,5/8 - HIDDEN,5/8 - HIDDEN,True,5/8 - HIDDEN,5/8 - HIDDEN,5/8 - HIDDEN,5/8 - HIDDEN,5/8 - HIDDEN,5/8 - HIDDEN,5/8 - HIDDEN,True,5/8 - HIDDEN,5/8 - HIDDEN,True,5/8 - HIDDEN,5/8 - HIDDEN,True,True,1,2,16,0
327,10.9,flower,5,word,5/8 - HIDDEN,5/8 - HIDDEN,5/8 - HIDDEN,5/8 - HIDDEN,True,5/8 - HIDDEN,5/8 - HIDDEN,5/8 - HIDDEN,5/8 - HIDDEN,5/8 - HIDDEN,5/8 - HIDDEN,5/8 - HIDDEN,True,5/8 - HIDDEN,5/8 - HIDDEN,True,5/8 - HIDDEN,5/8 - HIDDEN,True,True,1,2,16,0
328,10.933,flower,5,word,5/8 - HIDDEN,5/8 - HIDDEN,5/8 - HIDDEN,5/8 - HIDDEN,True,5/8 - HIDDEN,5/8 - HIDDEN,5/8 - HIDDEN,5/8 - HIDDEN,5/8 - HIDDEN,5/8 - HIDDEN,5/8 - HIDDEN,True,5/8 - HIDDEN,5/8 - HIDDEN,True,5/8 - HIDDEN,5/8 - HIDDEN,True,True,1,2,15,0
329,10.967,flower,5,word,5/8 - HIDDEN,5/8 - HIDDEN,5/8 - HIDDEN,5/8 - HIDDEN,True,5/8 - HIDDEN,5/8 - HIDDEN,5/8 - HIDDEN,5/8 - HIDDEN,5/8 - HIDDEN,5/8 - HIDDEN,5/8 - HIDDEN,True,5/8 - HIDDEN,5/8 - HIDDEN,True,5/8 - HIDDEN,5/8 - HIDDEN,True,True,1,2,15,0
330,11.0,flower,5,word,5/8 - HIDDEN,5/8 - HIDDEN,5/8 - HIDDEN,5/8 - HIDDEN,True,5/8 - HIDDEN,5/8 - HIDDEN,5/8 - HIDDEN,5/8 - HIDDEN,5/8 - HIDDEN,5/8 - HIDDEN,5/8 - HIDDEN,True,5/8 - HIDDEN,5/8 - HIDDEN,True,5/8 - HIDDEN,5/8 - HIDDEN,True,True,1,2,15,0
331,11.033,flower,5,word,5/8 - HIDDEN,5/8 - HIDDEN,5/8 - HIDDEN,5/8 - HIDDEN,True,5/8 - HIDDEN,5/8 - HIDDEN,5/8 - HIDDEN,5/8 - HIDDEN,5/8 - HIDDEN,5/8 - HIDDEN,5/8 - HIDDEN,True,5/8 - HIDDEN,5/8 - HIDDEN,True,5/8 - HIDDEN,5/8 - HIDDEN,True,True,1,2,13,0
332,11.067,flower,5,word,5/8 - HIDDEN,5/8 - HIDDEN,5/8 - HIDDEN,5/8 - HIDDEN,True,5/8 - HIDDEN,5/8 - HIDDEN,5/8 - HIDDEN,5/8 - HIDDEN,5/8 - HIDDEN,5/8 - HIDDEN,5/8 - HIDDEN,True,5/8 - HIDDEN,5/8 - HIDDEN,True,5/8 - HIDDEN,5/8 - HIDDEN,True,True,1,2,13,0
333,11.1,flower,5,word,5/8 - HIDDEN,5/8 - HIDDEN,5/8 - HIDDEN,5/8 - HIDDEN,True,5/8 - HIDDEN,5/8 - HIDDEN,5/8 - HIDDEN,5/8 - HIDDEN,5/8 - HIDDEN,5/8 - HIDDEN,5/8 - HIDDEN,True,5/8 - HIDDEN,5/8 - HIDDEN,True,5/8 - HIDDEN,5/8 - HIDDEN,True,True,2,2,13,0
334,11.133,flower,5,word,5/8 - HIDDEN,5/8 - HIDDEN,5/8 - HIDDEN,5/8 - HIDDEN,True,5/8 - HIDDEN,5/8 - HIDDEN,5/8 - HIDDEN,5/8 - HIDDEN,5/8 - HIDDEN,5/8 - HIDDEN,5/8 - HIDDEN,True,5/8 - HIDDEN,5/8 - HIDDEN,True,5/8 - HIDDEN,5/8 - HIDDEN,True,True,1,2,15,0
335,11.167,flower,5,word,5/8 - HIDDEN,5/8 - HIDDEN,5/8 - HIDDEN,5/8 - HIDDEN,True,5/8 - HIDDEN,5/8 - HIDDEN,5/8 - HIDDEN,5/8 - HIDDEN,5/8 - HIDDEN,5/8 - HIDDEN,5/8 - HIDDEN,True,5/8 - HIDDEN,5/8 - HIDDEN,True,5/8 - HIDDEN,5/8 - HIDDEN,True,True,1,2,15,0
336,11.2,flower,5,word,5/8 - HIDDEN,5/8 - HIDDEN,5/8 - HIDDEN,5/8 - HIDDEN,True,5/8 - HIDDEN,5/8 - HIDDEN,5/8 - HIDDEN,5/8 - HIDDEN,5/8 - HIDDEN,5/8 - HIDDEN,5/8 - HIDDEN,True,5/8 - HIDDEN,5/8 - HIDDEN,True,5/8 - HIDDEN,5/8 - HIDDEN,True,True,1,2,15,0
337,11.233,flower,5,word,5/8 - HIDDEN,5/8 - HIDDEN,5/8 - HIDDEN,5/8 - HIDDEN,True,5/8 - HIDDEN,5/8 - HIDDEN,5/8 - HIDDEN,5/8 - HIDDEN,5/8 - HIDDEN,5/8 - HIDDEN,5/8 - HIDDEN,True,5/8 - HIDDEN,5/8 - HIDDEN,True,5/8 - HIDDEN,5/8 - HIDDEN,True,True,1,2,15,0
338,11.267,flower,5,word,5/8 - HIDDEN,5/8 - HIDDEN,5/8 - HIDDEN,5/8 - HIDDEN,True,5/8 - HIDDEN,5/8 - HIDDEN,5/8 - HIDDEN,5/8 - HIDDEN,5/8 - HIDDEN,5/8 - HIDDEN,5/8 - HIDDEN,True,5/8 - HIDDEN,5/8 - HIDDEN,True,5/8 - HIDDEN,5/8 - HIDDEN,True,True,1,2,15,0
339,11.3,flower,5,word,5/8 - HIDDEN,5/8 - HIDDEN,5/8 - HIDDEN,5/8 - HIDDEN,True,5/8 - HIDDEN,5/8 - HIDDEN,5/8 - HIDDEN,5/8 - HIDDEN,5/8 - HIDDEN,5/8 - HIDDEN,5/8 - HIDDEN,True,5/8 - HIDDEN,5/8 - HIDDEN,True,5/8 - HIDDEN,5/8 - HIDDEN,True,True,1,3,15,0
340,11.333,flower,5,word,5/8 - HIDDEN,5/8 - HIDDEN,5/8 - HIDDEN,5/8 - HIDDEN,True,5/8 - HIDDEN,5/8 - HIDDEN,5/8 - HIDDEN,5/8 - HIDDEN,5/8 - HIDDEN,5/8 - HIDDEN,5/8 - HIDDEN,True,5/8 - HIDDEN,5/8 - HIDDEN,True,5/8 - HIDDEN,5/8 - HIDDEN,True,True,1,3,15,0
341,11.367,flower,5,word,5/8 - HIDDEN,5/8 - HIDDEN,5/8 - HIDDEN,5/8 - HIDDEN,True,5/8 - HIDDEN,5/8 - HIDDEN,5/8 - HIDDEN,5/8 - HIDDEN,5/8 - HIDDEN,5/8 - HIDDEN,5/8 - HIDDEN,True,5/8 - HIDDEN,5/8 - HIDDEN,True,5/8 - HIDDEN,5/8 - HIDDEN,True,True,1,3,15,0
342,11.4,flower,5,word,5/8 - HIDDEN,5/8 - HIDDEN,5/8 - HIDDEN,5/8 - HIDDEN,True,5/8 - HIDDEN,5/8 - HIDDEN,5/8 - HIDDEN,5/8 - HIDDEN,5/8 - HIDDEN,5/8 - HIDDEN,5/8 - HIDDEN,True,5/8 - HIDDEN,5/8 - HIDDEN,True,5/8 - HIDDEN,5/8 - HIDDEN,True,True,1,3,15,0
343,11.433,flower,5,word,5/8 - HIDDEN,5/8 - HIDDEN,5/8 - HIDDEN,5/8 - HIDDEN,True,5/8 - HIDDEN,5/8 - HIDDEN,5/8 - HIDDEN,5/8 - HIDDEN,5/8 - HIDDEN,5/8 - HIDDEN,5/8 - HIDDEN,True,5/8 - HIDDEN,5/8 - HIDDEN,True,5/8 - HIDDEN,5/8 - HIDDEN,True,True,1,3,14,0
344,11.467,flower,5,word,5/8 - HIDDEN,5/8 - HIDDEN,5/8 - HIDDEN,5/8 - HIDDEN,True,5/8 - HIDDEN,5/8 - HIDDEN,5/8 - HIDDEN,5/8 - HIDDEN,5/8 - HIDDEN,5/8 - HIDDEN,5/8 - HIDDEN,True,5/8 - HIDDEN,5/8 - HIDDEN,True,5/8 - HIDDEN,5/8 - HIDDEN,True,True,1,2,14,0
345,11.5,flower,6,word,6/8 - INSIDE,6/8 - INSIDE,6/8 - INSIDE,6/8 - INSIDE,True,6/8 - INSIDE,6/8 - INSIDE,6/8 - INSIDE,6/8 - INSIDE,6/8 - INSIDE,6/8 - INSIDE,6/8 - INSIDE,True,6/8 - INSIDE,6/8 - INSIDE,True,6/8 - INSIDE,6/8 - INSIDE,True,True,1,2,26,0
346,11.533,flower,6,word,6/8 - INSIDE,6/8 - INSIDE,6/8 - INSIDE,6/8 - INSIDE,True,6/8 - INSIDE,6/8 - INSIDE,6/8 - INSIDE,6/8 - INSIDE,6/8 - INSIDE,6/8 - INSIDE,6/8 - INSIDE,True,6/8 - INSIDE,6/8 - INSIDE,True,6/8 - INSIDE,6/8 - INSIDE,True,True,1,1,30,0
347,11.567,flower,6,word,6/8 - INSIDE,6/8 - INSIDE,6/8 - INSIDE,6/8 - INSIDE,True,6/8 - INSIDE,6/8 - INSIDE,6/8 - INSIDE,6/8 - INSIDE,6/8 - INSIDE,6/8 - INSIDE,6/8 - INSIDE,True,6/8 - INSIDE,6/8 - INSIDE,True,6/8 - INSIDE,6/8 - INSIDE,True,True,0,1,31,0
348,11.6,flower,6,word,6/8 - INSIDE,6/8 - INSIDE,6/8 - INSIDE,6/8 - INSIDE,True,6/8 - INSIDE,6/8 - INSIDE,6/8 - INSIDE,6/8 - INSIDE,6/8 - INSIDE,6/8 - INSIDE,6/8 - INSIDE,True,6/8 - INSIDE,6/8 - INSIDE,True,6/8 - INSIDE,6/8 - INSIDE,True,True,0,1,33,0
349,11.633,flower,6,word,6/8 - INSIDE,6/8 - INSIDE,6/8 - INSIDE,6/8 - INSIDE,True,6/8 - INSIDE,6/8 - INSIDE,6/8 - INSIDE,6/8 - INSIDE,6/8 - INSIDE,6/8 - INSIDE,6/8 - INSIDE,True,6/8 - INSIDE,6/8 - INSIDE,True,6/8 - INSIDE,6/8 - INSIDE,True,True,0,1,33,0
350,11.667,flower,6,word,6/8 - INSIDE,6/8 - INSIDE,6/8 - INSIDE,6/8 - INSIDE,True,6/8 - INSIDE,6/8 - INSIDE,6/8 - INSIDE,6/8 - INSIDE,6/8 - INSIDE,6/8 - INSIDE,6/8 - INSIDE,True,6/8 - INSIDE,6/8 - INSIDE,True,6/8 - INSIDE,6/8 - INSIDE,True,True,1,1,33,0
351,11.7,flower,6,word,6/8 - INSIDE,6/8 - INSIDE,6/8 - INSIDE,6/8 - INSIDE,True,6/8 - INSIDE,6/8 - INSIDE,6/8 - INSIDE,6/8 - INSIDE,6/8 - INSIDE,6/8 - INSIDE,6/8 - INSIDE,True,6/8 - INSIDE,6/8 - INSIDE,True,6/8 - INSIDE,6/8 - INSIDE,True,True,0,1,34,0
352,11.733,flower,6,word,6/8 - INSIDE,6/8 - INSIDE,6/8 - INSIDE,6/8 - INSIDE,True,6/8 - INSIDE,6/8 - INSIDE,6/8 - INSIDE,6/8 - INSIDE,6/8 - INSIDE,6/8 - INSIDE,6/8 - INSIDE,True,6/8 - INSIDE,6/8 - INSIDE,True,6/8 - INSIDE,6/8 - INSIDE,True,True,0,1,34,0
353,11.767,flower,6,word,6/8 - INSIDE,6/8 - INSIDE,6/8 - INSIDE,6/8 - INSIDE,True,6/8 - INSIDE,6/8 - INSIDE,6/8 - INSIDE,6/8 - INSIDE,6/8 - INSIDE,6/8 - INSIDE,6/8 - INSIDE,True,6/8 - INSIDE,6/8 - INSIDE,True,6/8 - INSIDE,6/8 - INSIDE,True,True,0,1,31,0
354,11.8,flower,6,word,6/8 - INSIDE,6/8 - INSIDE,6/8 - INSIDE,6/8 - INSIDE,True,6/8 - INSIDE,6/8 - INSIDE,6/8 - INSIDE,6/8 - INSIDE,6/8 - INSIDE,6/8 - INSIDE,6/8 - INSIDE,True,6/8 - INSIDE,6/8 - INSIDE,True,6/8 - INSIDE,6/8 - INSIDE,True,True,0,1,31,0
355,11.833,flower,6,word,6/8 - INSIDE,6/8 - INSIDE,6/8 - INSIDE,6/8 - INSIDE,True,6/8 - INSIDE,6/8 - INSIDE,6/8 - INSIDE,6/8 - INSIDE,6/8 - INSIDE,6/8 - INSIDE,6/8 - INSIDE,True,6/8 - INSIDE,6/8 - INSIDE,True,6/8 - INSIDE,6/8 - INSIDE,True,True,0,1,32,0
356,11.867,flower,6,word,6/8 - INSIDE,6/8 - INSIDE,6/8 - INSIDE,6/8 - INSIDE,True,6/8 - INSIDE,6/8 - INSIDE,6/8 - INSIDE,6/8 - INSIDE,6/8 - INSIDE,6/8 - INSIDE,6/8 - INSIDE,True,6/8 - INSIDE,6/8 - INSIDE,True,6/8 - INSIDE,6/8 - INSIDE,True,True,0,1,33,0
357,11.9,flower,6,word,6/8 - INSIDE,6/8 - INSIDE,6/8 - INSIDE,6/8 - INSIDE,True,6/8 - INSIDE,6/8 - INSIDE,6/8 - INSIDE,6/8 - INSIDE,6/8 - INSIDE,6/8 - INSIDE,6/8 - INSIDE,True,6/8 - INSIDE,6/8 - INSIDE,True,6/8 - INSIDE,6/8 - INSIDE,True,True,0,1,34,0
358,11.933,flower,6,word,6/8 - INSIDE,6/8 - INSIDE,6/8 - INSIDE,6/8 - INSIDE,True,6/8 - INSIDE,6/8 - INSIDE,6/8 - INSIDE,6/8 - INSIDE,6/8 - INSIDE,6/8 - INSIDE,6/8 - INSIDE,True,6/8 - INSIDE,6/8 - INSIDE,True,6/8 - INSIDE,6/8 - INSIDE,True,True,0,1,34,0
359,11.967,flower,6,word,6/8 - INSIDE,6/8 - INSIDE,6/8 - INSIDE,6/8 - INSIDE,True,6/8 - INSIDE,6/8 - INSIDE,6/8 - INSIDE,6/8 - INSIDE,6/8 - INSIDE,6/8 - INSIDE,6/8 - INSIDE,True,6/8 - INSIDE,6/8 - INSIDE,True,6/8 - INSIDE,6/8 - INSIDE,True,True,0,1,34,0
360,12.0,flower,6,word,6/8 - INSIDE,6/8 - INSIDE,6/8 - INSIDE,6/8 - INSIDE,True,6/8 - INSIDE,6/8 - INSIDE,6/8 - INSIDE,6/8 - INSIDE,6/8 - INSIDE,6/8 - INSIDE,6/8 - INSIDE,True,6/8 - INSIDE,6/8 - INSIDE,True,6/8 - INSIDE,6/8 - INSIDE,True,True,0,1,34,0
361,12.033,flower,6,word,6/8 - INSIDE,6/8 - INSIDE,6/8 - INSIDE,6/8 - INSIDE,True,6/8 - INSIDE,6/8 - INSIDE,6/8 - INSIDE,6/8 - INSIDE,6/8 - INSIDE,6/8 - INSIDE,6/8 - INSIDE,True,6/8 - INSIDE,6/8 - INSIDE,True,6/8 - INSIDE,6/8 - INSIDE,True,True,0,1,32,0
362,12.067,flower,6,word,6/8 - INSIDE,6/8 - INSIDE,6/8 - INSIDE,6/8 - INSIDE,True,6/8 - INSIDE,6/8 - INSIDE,6/8 - INSIDE,6/8 - INSIDE,6/8 - INSIDE,6/8 - INSIDE,6/8 - INSIDE,True,6/8 - INSIDE,6/8 - INSIDE,True,6/8 - INSIDE,6/8 - INSIDE,True,True,0,1,34,0
363,12.1,flower,6,word,6/8 - INSIDE,6/8 - INSIDE,6/8 - INSIDE,6/8 - INSIDE,True,6/8 - INSIDE,6/8 - INSIDE,6/8 - INSIDE,6/8 - INSIDE,6/8 - INSIDE,6/8 - INSIDE,6/8 - INSIDE,True,6/8 - INSIDE,6/8 - INSIDE,True,6/8 - INSIDE,6/8 - INSIDE,True,True,0,1,34,0
364,12.133,flower,6,word,6/8 - INSIDE,6/8 - INSIDE,6/8 - INSIDE,6/8 - INSIDE,True,6/8 - INSIDE,6/8 - INSIDE,6/8 - INSIDE,6/8 - INSIDE,6/8 - INSIDE,6/8 - INSIDE,6/8 - INSIDE,True,6/8 - INSIDE,6/8 - INSIDE,True,6/8 - INSIDE,6/8 - INSIDE,True,True,0,1,35,0
365,12.167,flower,6,word,6/8 - INSIDE,6/8 - INSIDE,6/8 - INSIDE,6/8 - INSIDE,True,6/8 - INSIDE,6/8 - INSIDE,6/8 - INSIDE,6/8 - INSIDE,6/8 - INSIDE,6/8 - INSIDE,6/8 - INSIDE,True,6/8 - INSIDE,6/8 - INSIDE,True,6/8 - INSIDE,6/8 - INSIDE,True,True,0,1,33,0
366,12.2,flower,6,word,6/8 - INSIDE,6/8 - INSIDE,6/8 - INSIDE,6/8 - INSIDE,True,6/8 - INSIDE,6/8 - INSIDE,6/8 - INSIDE,6/8 - INSIDE,6/8 - INSIDE,6/8 - INSIDE,6/8 - INSIDE,True,6/8 - INSIDE,6/8 - INSIDE,True,6/8 - INSIDE,6/8 - INSIDE,True,True,0,1,33,0
367,12.233,flower,6,word,6/8 - INSIDE,6/8 - INSIDE,6/8 - INSIDE,6/8 - INSIDE,True,6/8 - INSIDE,6/8 - INSIDE,6/8 - INSIDE,6/8 - INSIDE,6/8 - INSIDE,6/8 - INSIDE,6/8 - INSIDE,True,6/8 - INSIDE,6/8 - INSIDE,True,6/8 - INSIDE,6/8 - INSIDE,True,True,0,1,35,0
368,12.267,flower,6,word,6/8 - INSIDE,6/8 - INSIDE,6/8 - INSIDE,6/8 - INSIDE,True,6/8 - INSIDE,6/8 - INSIDE,6/8 - INSIDE,6/8 - INSIDE,6/8 - INSIDE,6/8 - INSIDE,6/8 - INSIDE,True,6/8 - INSIDE,6/8 - INSIDE,True,6/8 - INSIDE,6/8 - INSIDE,True,True,0,1,34,0
369,12.3,flower,6,word,6/8 - INSIDE,6/8 - INSIDE,6/8 - INSIDE,6/8 - INSIDE,True,6/8 - INSIDE,6/8 - INSIDE,6/8 - INSIDE,6/8 - INSIDE,6/8 - INSIDE,6/8 - INSIDE,6/8 - INSIDE,True,6/8 - INSIDE,6/8 - INSIDE,True,6/8 - INSIDE,6/8 - INSIDE,True,True,0,1,34,0
370,12.333,flower,6,word,6/8 - INSIDE,6/8 - INSIDE,6/8 - INSIDE,6/8 - INSIDE,True,6/8 - INSIDE,6/8 - INSIDE,6/8 - INSIDE,6/8 - INSIDE,6/8 - INSIDE,6/8 - INSIDE,6/8 - INSIDE,True,6/8 - INSIDE,6/8 - INSIDE,True,6/8 - INSIDE,6/8 - INSIDE,True,True,0,1,31,0
371,12.367,flower,6,word,6/8 - INSIDE,6/8 - INSIDE,6/8 - INSIDE,6/8 - INSIDE,True,6/8 - INSIDE,6/8 - INSIDE,6/8 - INSIDE,6/8 - INSIDE,6/8 - INSIDE,6/8 - INSIDE,6/8 - INSIDE,True,6/8 - INSIDE,6/8 - INSIDE,True,6/8 - INSIDE,6/8 - INSIDE,True,True,0,1,30,0
372,12.4,flower,6,word,6/8 - INSIDE,6/8 - INSIDE,6/8 - INSIDE,6/8 - INSIDE,True,6/8 - INSIDE,6/8 - INSIDE,6/8 - INSIDE,6/8 - INSIDE,6/8 - INSIDE,6/8 - INSIDE,6/8 - INSIDE,True,6/8 - INSIDE,6/8 - INSIDE,True,6/8 - INSIDE,6/8 - INSIDE,True,True,0,1,31,0
373,12.433,flower,6,word,6/8 - INSIDE,6/8 - INSIDE,6/8 - INSIDE,6/8 - INSIDE,True,6/8 - INSIDE,6/8 - INSIDE,6/8 - INSIDE,6/8 - INSIDE,6/8 - INSIDE,6/8 - INSIDE,6/8 - INSIDE,True,6/8 - INSIDE,6/8 - INSIDE,True,6/8 - INSIDE,6/8 - INSIDE,True,True,0,1,30,0
374,12.467,flower,6,word,6/8 - INSIDE,6/8 - INSIDE,6/8 - INSIDE,6/8 - INSIDE,True,6/8 - INSIDE,6/8 - INSIDE,6/8 - INSIDE,6/8 - INSIDE,6/8 - INSIDE,6/8 - INSIDE,6/8 - INSIDE,True,6/8 - INSIDE,6/8 - INSIDE,True,6/8 - INSIDE,6/8 - INSIDE,True,True,0,1,31,0
375,12.5,flower,6,word,6/8 - INSIDE,6/8 - INSIDE,6/8 - INSIDE,6/8 - INSIDE,True,6/8 - INSIDE,6/8 - INSIDE,6/8 - INSIDE,6/8 - INSIDE,6/8 - INSIDE,6/8 - INSIDE,6/8 - INSIDE,True,6/8 - INSIDE,6/8 - INSIDE,True,6/8 - INSIDE,6/8 - INSIDE,True,True,0,1,31,0
376,12.533,flower,6,word,6/8 - INSIDE,6/8 - INSIDE,6/8 - INSIDE,6/8 - INSIDE,True,6/8 - INSIDE,6/8 - INSIDE,6/8 - INSIDE,6/8 - INSIDE,6/8 - INSIDE,6/8 - INSIDE,6/8 - INSIDE,True,6/8 - INSIDE,6/8 - INSIDE,True,6/8 - INSIDE,6/8 - INSIDE,True,True,0,1,30,0
377,12.567,flower,6,word,6/8 - INSIDE,6/8 - INSIDE,6/8 - INSIDE,6/8 - INSIDE,True,6/8 - INSIDE,6/8 - INSIDE,6/8 - INSIDE,6/8 - INSIDE,6/8 - INSIDE,6/8 - INSIDE,6/8 - INSIDE,True,6/8 - INSIDE,6/8 - INSIDE,True,6/8 - INSIDE,6/8 - INSIDE,True,True,0,1,30,0
378,12.6,flower,6,word,6/8 - INSIDE,6/8 - INSIDE,6/8 - INSIDE,6/8 - INSIDE,True,6/8 - INSIDE,6/8 - INSIDE,6/8 - INSIDE,6/8 - INSIDE,6/8 - INSIDE,6/8 - INSIDE,6/8 - INSIDE,True,6/8 - INSIDE,6/8 - INSIDE,True,6/8 - INSIDE,6/8 - INSIDE,True,True,1,1,30,0
379,12.633,flower,6,word,6/8 - INSIDE,6/8 - INSIDE,6/8 - INSIDE,6/8 - INSIDE,True,6/8 - INSIDE,6/8 - INSIDE,6/8 - INSIDE,6/8 - INSIDE,6/8 - INSIDE,6/8 - INSIDE,6/8 - INSIDE,True,6/8 - INSIDE,6/8 - INSIDE,True,6/8 - INSIDE,6/8 - INSIDE,True,True,0,1,30,0
380,12.667,flower,6,word,6/8 - INSIDE,6/8 - INSIDE,6/8 - INSIDE,6/8 - INSIDE,True,6/8 - INSIDE,6/8 - INSIDE,6/8 - INSIDE,6/8 - INSIDE,6/8 - INSIDE,6/8 - INSIDE,6/8 - INSIDE,True,6/8 - INSIDE,6/8 - INSIDE,True,6/8 - INSIDE,6/8 - INSIDE,True,True,0,1,28,0
381,12.7,flower,6,word,6/8 - INSIDE,6/8 - INSIDE,6/8 - INSIDE,6/8 - INSIDE,True,6/8 - INSIDE,6/8 - INSIDE,6/8 - INSIDE,6/8 - INSIDE,6/8 - INSIDE,6/8 - INSIDE,6/8 - INSIDE,True,6/8 - INSIDE,6/8 - INSIDE,True,6/8 - INSIDE,6/8 - INSIDE,True,True,0,1,29,0
382,12.733,flower,6,word,6/8 - INSIDE,6/8 - INSIDE,6/8 - INSIDE,6/8 - INSIDE,True,6/8 - INSIDE,6/8 - INSIDE,6/8 - INSIDE,6/8 - INSIDE,6/8 - INSIDE,6/8 - INSIDE,6/8 - INSIDE,True,6/8 - INSIDE,6/8 - INSIDE,True,6/8 - INSIDE,6/8 - INSIDE,True,True,0,1,29,0
383,12.767,flower,6,word,6/8 - INSIDE,6/8 - INSIDE,6/8 - INSIDE,6/8 - INSIDE,True,6/8 - INSIDE,6/8 - INSIDE,6/8 - INSIDE,6/8 - INSIDE,6/8 - INSIDE,6/8 - INSIDE,6/8 - INSIDE,True,6/8 - INSIDE,6/8 - INSIDE,True,6/8 - INSIDE,6/8 - INSIDE,True,True,0,1,29,0
384,12.8,flower,6,word,6/8 - INSIDE,6/8 - INSIDE,6/8 - INSIDE,6/8 - INSIDE,True,6/8 - INSIDE,6/8 - INSIDE,6/8 - INSIDE,6/8 - INSIDE,6/8 - INSIDE,6/8 - INSIDE,6/8 - INSIDE,True,6/8 - INSIDE,6/8 - INSIDE,True,6/8 - INSIDE,6/8 - INSIDE,True,True,0,1,28,0
385,12.833,flower,6,word,6/8 - INSIDE,6/8 - INSIDE,6/8 - INSIDE,6/8 - INSIDE,True,6/8 - INSIDE,6/8 - INSIDE,6/8 - INSIDE,6/8 - INSIDE,6/8 - INSIDE,6/8 - INSIDE,6/8 - INSIDE,True,6/8 - INSIDE,6/8 - INSIDE,True,6/8 - INSIDE,6/8 - INSIDE,True,True,0,2,27,0
386,12.867,flower,6,word,6/8 - INSIDE,6/8 - INSIDE,6/8 - INSIDE,6/8 - INSIDE,True,6/8 - INSIDE,6/8 - INSIDE,6/8 - INSIDE,6/8 - INSIDE,6/8 - INSIDE,6/8 - INSIDE,6/8 - INSIDE,True,6/8 - INSIDE,6/8 - INSIDE,True,6/8 - INSIDE,6/8 - INSIDE,True,True,0,2,27,0
387,12.9,flower,6,word,6/8 - INSIDE,6/8 - INSIDE,6/8 - INSIDE,6/8 - INSIDE,True,6/8 - INSIDE,6/8 - INSIDE,6/8 - INSIDE,6/8 - INSIDE,6/8 - INSIDE,6/8 - INSIDE,6/8 - INSIDE,True,6/8 - INSIDE,6/8 - INSIDE,True,6/8 - INSIDE,6/8 - INSIDE,True,True,0,2,27,0
388,12.933,flower,6,word,6/8 - INSIDE,6/8 - INSIDE,6/8 - INSIDE,6/8 - INSIDE,True,6/8 - INSIDE,6/8 - INSIDE,6/8 - INSIDE,6/8 - INSIDE,6/8 - INSIDE,6/8 - INSIDE,6/8 - INSIDE,True,6/8 - INSIDE,6/8 - INSIDE,True,6/8 - INSIDE,6/8 - INSIDE,True,True,0,2,27,0
389,12.967,flower,6,word,6/8 - INSIDE,6/8 - INSIDE,6/8 - INSIDE,6/8 - INSIDE,True,6/8 - INSIDE,6/8 - INSIDE,6/8 - INSIDE,6/8 - INSIDE,6/8 - INSIDE,6/8 - INSIDE,6/8 - INSIDE,True,6/8 - INSIDE,6/8 - INSIDE,True,6/8 - INSIDE,6/8 - INSIDE,True,True,0,2,27,0
390,13.0,flower,7,bonus,You paused at the right moment.,You paused at the right moment.,You paused at the right moment.,You paused at the right moment.,True,You paused at the right moment.,You paused at the right moment.,You paused at the right moment.,You paused at the right moment.,You paused at the right moment.,You paused at the right moment.,You paused at the right moment.,True,You paused at the right moment.,You paused at the right moment.,True,You paused at the right moment.,You paused at the right moment.,True,True,0,2,26,0
391,13.033,flower,7,bonus,You paused at the right moment.,You paused at the right moment.,You paused at the right moment.,You paused at the right moment.,True,You paused at the right moment.,You paused at the right moment.,You paused at the right moment.,You paused at the right moment.,You paused at the right moment.,You paused at the right moment.,You paused at the right moment.,True,You paused at the right moment.,You paused at the right moment.,True,You paused at the right moment.,You paused at the right moment.,True,True,0,2,27,0
392,13.067,flower,7,bonus,You paused at the right moment.,You paused at the right moment.,You paused at the right moment.,You paused at the right moment.,True,You paused at the right moment.,You paused at the right moment.,You paused at the right moment.,You paused at the right moment.,You paused at the right moment.,You paused at the right moment.,You paused at the right moment.,True,You paused at the right moment.,You paused at the right moment.,True,You paused at the right moment.,You paused at the right moment.,True,True,0,1,27,0
393,13.1,flower,7,bonus,You paused at the right moment.,You paused at the right moment.,You paused at the right moment.,You paused at the right moment.,True,You paused at the right moment.,You paused at the right moment.,You paused at the right moment.,You paused at the right moment.,You paused at the right moment.,You paused at the right moment.,You paused at the right moment.,True,You paused at the right moment.,You paused at the right moment.,True,You paused at the right moment.,You paused at the right moment.,True,True,0,1,30,0
394,13.133,flower,7,bonus,You paused at the right moment.,You paused at the right moment.,You paused at the right moment.,You paused at the right moment.,True,You paused at the right moment.,You paused at the right moment.,You paused at the right moment.,You paused at the right moment.,You paused at the right moment.,You paused at the right moment.,You paused at the right moment.,True,You paused at the right moment.,You paused at the right moment.,True,You paused at the right moment.,You paused at the right moment.,True,True,0,1,30,0
395,13.167,flower,7,bonus,You paused at the right moment.,You paused at the right moment.,You paused at the right moment.,You paused at the right moment.,True,You paused at the right moment.,You paused at the right moment.,You paused at the right moment.,You paused at the right moment.,You paused at the right moment.,You paused at the right moment.,You paused at the right moment.,True,You paused at the right moment.,You paused at the right moment.,True,You paused at the right moment.,You paused at the right moment.,True,True,0,1,31,0
396,13.2,flower,7,bonus,You paused at the right moment.,You paused at the right moment.,You paused at the right moment.,You paused at the right moment.,True,You paused at the right moment.,You paused at the right moment.,You paused at the right moment.,You paused at the right moment.,You paused at the right moment.,You paused at the right moment.,You paused at the right moment.,True,You paused at the right moment.,You paused at the right moment.,True,You paused at the right moment.,You paused at the right moment.,True,True,0,2,35,0
397,13.233,flower,7,bonus,You paused at the right moment.,You paused at the right moment.,You paused at the right moment.,You paused at the right moment.,True,You paused at the right moment.,You paused at the right moment.,You paused at the right moment.,You paused at the right moment.,You paused at the right moment.,You paused at the right moment.,You paused at the right moment.,True,You paused at the right moment.,You paused at the right moment.,True,You paused at the right moment.,You paused at the right moment.,True,True,0,1,34,0
398,13.267,flower,7,bonus,You paused at the right moment.,You paused at the right moment.,You paused at the right moment.,You paused at the right moment.,True,You paused at the right moment.,You paused at the right moment.,You paused at the right moment.,You paused at the right moment.,You paused at the right moment.,You paused at the right moment.,You paused at the right moment.,True,You paused at the right moment.,You paused at the right moment.,True,You paused at the right moment.,You paused at the right moment.,True,True,0,2,36,0
399,13.3,flower,7,bonus,You paused at the right moment.,You paused at the right moment.,You paused at the right moment.,You paused at the right moment.,True,You paused at the right moment.,You paused at the right moment.,You paused at the right moment.,You paused at the right moment.,You paused at the right moment.,You paused at the right moment.,You paused at the right moment.,True,You paused at the right moment.,You paused at the right moment.,True,You paused at the right moment.,You paused at the right moment.,True,True,0,2,39,0
400,13.333,flower,7,bonus,You paused at the right moment.,You paused at the right moment.,You paused at the right moment.,You paused at the right moment.,True,You paused at the right moment.,You paused at the right moment.,You paused at the right moment.,You paused at the right moment.,You paused at the right moment.,You paused at the right moment.,You paused at the right moment.,True,You paused at the right moment.,You paused at the right moment.,True,You paused at the right moment.,You paused at the right moment.,True,True,0,1,41,0
401,13.367,flower,7,bonus,You paused at the right moment.,You paused at the right moment.,You paused at the right moment.,You paused at the right moment.,True,You paused at the right moment.,You paused at the right moment.,You paused at the right moment.,You paused at the right moment.,You paused at the right moment.,You paused at the right moment.,You paused at the right moment.,True,You paused at the right moment.,You paused at the right moment.,True,You paused at the right moment.,You paused at the right moment.,True,True,0,1,42,0
402,13.4,flower,7,bonus,You paused at the right moment.,You paused at the right moment.,You paused at the right moment.,You paused at the right moment.,True,You paused at the right moment.,You paused at the right moment.,You paused at the right moment.,You paused at the right moment.,You paused at the right moment.,You paused at the right moment.,You paused at the right moment.,True,You paused at the right moment.,You paused at the right moment.,True,You paused at the right moment.,You paused at the right moment.,True,True,0,1,42,0
403,13.433,flower,7,bonus,You paused at the right moment.,You paused at the right moment.,You paused at the right moment.,You paused at the right moment.,True,You paused at the right moment.,You paused at the right moment.,You paused at the right moment.,You paused at the right moment.,You paused at the right moment.,You paused at the right moment.,You paused at the right moment.,True,You paused at the right moment.,You paused at the right moment.,True,You paused at the right moment.,You paused at the right moment.,True,True,0,1,40,0
404,13.467,flower,7,bonus,You paused at the right moment.,You paused at the right moment.,You paused at the right moment.,You paused at the right moment.,True,You paused at the right moment.,You paused at the right moment.,You paused at the right moment.,You paused at the right moment.,You paused at the right moment.,You paused at the right moment.,You paused at the right moment.,True,You paused at the right moment.,You paused at the right moment.,True,You paused at the right moment.,You paused at the right moment.,True,True,0,1,40,0
405,13.5,flower,7,bonus,You paused at the right moment.,You paused at the right moment.,You paused at the right moment.,You paused at the right moment.,True,You paused at the right moment.,You paused at the right moment.,You paused at the right moment.,You paused at the right moment.,You paused at the right moment.,You paused at the right moment.,You paused at the right moment.,True,You paused at the right moment.,You paused at the right moment.,True,You paused at the right moment.,You paused at the right moment.,True,True,0,1,41,0
406,13.533,flower,7,bonus,You paused at the right moment.,You paused at the right moment.,You paused at the right moment.,You paused at the right moment.,True,You paused at the right moment.,You paused at the right moment.,You paused at the right moment.,You paused at the right moment.,You paused at the right moment.,You paused at the right moment.,You paused at the right moment.,True,You paused at the right moment.,You paused at the right moment.,True,You paused at the right moment.,You paused at the right moment.,True,True,0,1,41,0
407,13.567,flower,7,bonus,You paused at the right moment.,You paused at the right moment.,You paused at the right moment.,You paused at the right moment.,True,You paused at the right moment.,You paused at the right moment.,You paused at the right moment.,You paused at the right moment.,You paused at the right moment.,You paused at the right moment.,You paused at the right moment.,True,You paused at the right moment.,You paused at the right moment.,True,You paused at the right moment.,You paused at the right moment.,True,True,0,1,40,0
408,13.6,flower,7,bonus,You paused at the right moment.,You paused at the right moment.,You paused at the right moment.,You paused at the right moment.,True,You paused at the right moment.,You paused at the right moment.,You paused at the right moment.,You paused at the right moment.,You paused at the right moment.,You paused at the right moment.,You paused at the right moment.,True,You paused at the right moment.,You paused at the right moment.,True,You paused at the right moment.,You paused at the right moment.,True,True,0,1,40,0
409,13.633,flower,7,bonus,You paused at the right moment.,You paused at the right moment.,You paused at the right moment.,You paused at the right moment.,True,You paused at the right moment.,You paused at the right moment.,You paused at the right moment.,You paused at the right moment.,You paused at the right moment.,You paused at the right moment.,You paused at the right moment.,True,You paused at the right moment.,You paused at the right moment.,True,You paused at the right moment.,You paused at the right moment.,True,True,0,1,40,0
410,13.667,flower,7,bonus,You paused at the right moment.,You paused at the right moment.,You paused at the right moment.,You paused at the right moment.,True,You paused at the right moment.,You paused at the right moment.,You paused at the right moment.,You paused at the right moment.,You paused at the right moment.,You paused at the right moment.,You paused at the right moment.,True,You paused at the right moment.,You paused at the right moment.,True,You paused at the right moment.,You paused at the right moment.,True,True,0,1,40,0
411,13.7,flower,7,bonus,You paused at the right moment.,You paused at the right moment.,You paused at the right moment.,You paused at the right moment.,True,You paused at the right moment.,You paused at the right moment.,You paused at the right moment.,You paused at the right moment.,You paused at the right moment.,You paused at the right moment.,You paused at the right moment.,True,You paused at the right moment.,You paused at the right moment.,True,You paused at the right moment.,You paused at the right moment.,True,True,0,1,39,0
412,13.733,flower,7,bonus,You paused at the right moment.,You paused at the right moment.,You paused at the right moment.,You paused at the right moment.,True,You paused at the right moment.,You paused at the right moment.,You paused at the right moment.,You paused at the right moment.,You paused at the right moment.,You paused at the right moment.,You paused at the right moment.,True,You paused at the right moment.,You paused at the right moment.,True,You paused at the right moment.,You paused at the right moment.,True,True,0,1,38,0
413,13.767,flower,7,bonus,You paused at the right moment.,You paused at the right moment.,You paused at the right moment.,You paused at the right moment.,True,You paused at the right moment.,You paused at the right moment.,You paused at the right moment.,You paused at the right moment.,You paused at the right moment.,You paused at the right moment.,You paused at the right moment.,True,You paused at the right moment.,You paused at the right moment.,True,You paused at the right moment.,You paused at the right moment.,True,True,2,1,32,0
414,13.8,flower,7,bonus,You paused at the right moment.,You paused at the right moment.,You paused at the right moment.,You paused at the right moment.,True,You paused at the right moment.,You paused at the right moment.,You paused at the right moment.,You paused at the right moment.,You paused at the right moment.,You paused at the right moment.,You paused at the right moment.,True,You paused at the right moment.,You paused at the right moment.,True,You paused at the right moment.,You paused at the right moment.,True,True,2,1,28,0
415,13.833,flower,7,bonus,You paused at the right moment.,You paused at the right moment.,You paused at the right moment.,You paused at the right moment.,True,You paused at the right moment.,You paused at the right moment.,You paused at the right moment.,You paused at the right moment.,You paused at the right moment.,You paused at the right moment.,You paused at the right moment.,True,You paused at the right moment.,You paused at the right moment.,True,You paused at the right moment.,You paused at the right moment.,True,True,2,1,30,0
416,13.867,flower,7,bonus,You paused at the right moment.,You paused at the right moment.,You paused at the right moment.,You paused at the right moment.,True,You paused at the right moment.,You paused at the right moment.,You paused at the right moment.,You paused at the right moment.,You paused at the right moment.,You paused at the right moment.,You paused at the right moment.,True,You paused at the right moment.,You paused at the right moment.,True,You paused at the right moment.,You paused at the right moment.,True,True,1,1,32,0
417,13.9,flower,7,bonus,You paused at the right moment.,You paused at the right moment.,You paused at the right moment.,You paused at the right moment.,True,You paused at the right moment.,You paused at the right moment.,You paused at the right moment.,You paused at the right moment.,You paused at the right moment.,You paused at the right moment.,You paused at the right moment.,True,You paused at the right moment.,You paused at the right moment.,True,You paused at the right moment.,You paused at the right moment.,True,True,1,1,33,0
418,13.933,flower,7,bonus,You paused at the right moment.,You paused at the right moment.,You paused at the right moment.,You paused at the right moment.,True,You paused at the right moment.,You paused at the right moment.,You paused at the right moment.,You paused at the right moment.,You paused at the right moment.,You paused at the right moment.,You paused at the right moment.,True,You paused at the right moment.,You paused at the right moment.,True,You paused at the right moment.,You paused at the right moment.,True,True,1,1,33,0
419,13.967,flower,7,bonus,You paused at the right moment.,You paused at the right moment.,You paused at the right moment.,You paused at the right moment.,True,You paused at the right moment.,You paused at the right moment.,You paused at the right moment.,You paused at the right moment.,You paused at the right moment.,You paused at the right moment.,You paused at the right moment.,True,You paused at the right moment.,You paused at the right moment.,True,You paused at the right moment.,You paused at the right moment.,True,True,1,1,32,0
420,14.0,bird,7,bonus,You paused at the right moment.,You paused at the right moment.,You paused at the right moment.,You paused at the right moment.,True,You paused at the right moment.,You paused at the right moment.,You paused at the right moment.,You paused at the right moment.,You paused at the right moment.,You paused at the right moment.,You paused at the right moment.,True,You paused at the right moment.,You paused at the right moment.,True,You paused at the right moment.,You paused at the right moment.,True,True,1,0,31,0
421,14.033,bird,7,bonus,You paused at the right moment.,You paused at the right moment.,You paused at the right moment.,You paused at the right moment.,True,You paused at the right moment.,You paused at the right moment.,You paused at the right moment.,You paused at the right moment.,You paused at the right moment.,You paused at the right moment.,You paused at the right moment.,True,You paused at the right moment.,You paused at the right moment.,True,You paused at the right moment.,You paused at the right moment.,True,True,1,1,32,0
422,14.067,bird,7,bonus,You paused at the right moment.,You paused at the right moment.,You paused at the right moment.,You paused at the right moment.,True,You paused at the right moment.,You paused at the right moment.,You paused at the right moment.,You paused at the right moment.,You paused at the right moment.,You paused at the right moment.,You paused at the right moment.,True,You paused at the right moment.,You paused at the right moment.,True,You paused at the right moment.,You paused at the right moment.,True,True,1,1,30,0
423,14.1,bird,7,bonus,You paused at the right moment.,You paused at the right moment.,You paused at the right moment.,You paused at the right moment.,True,You paused at the right moment.,You paused at the right moment.,You paused at the right moment.,You paused at the right moment.,You paused at the right moment.,You paused at the right moment.,You paused at the right moment.,True,You paused at the right moment.,You paused at the right moment.,True,You paused at the right moment.,You paused at the right moment.,True,True,1,1,32,0
424,14.133,bird,7,bonus,You paused at the right moment.,You paused at the right moment.,You paused at the right moment.,You paused at the right moment.,True,You paused at the right moment.,You paused at the right moment.,You paused at the right moment.,You paused at the right moment.,You paused at the right moment.,You paused at the right moment.,You paused at the right moment.,True,You paused at the right moment.,You paused at the right moment.,True,You paused at the right moment.,You paused at the right moment.,True,True,1,0,32,0
425,14.167,bird,7,bonus,You paused at the right moment.,You paused at the right moment.,You paused at the right moment.,You paused at the right moment.,True,You paused at the right moment.,You paused at the right moment.,You paused at the right moment.,You paused at the right moment.,You paused at the right moment.,You paused at the right moment.,You paused at the right moment.,True,You paused at the right moment.,You paused at the right moment.,True,You paused at the right moment.,You paused at the right moment.,True,True,1,0,33,0
426,14.2,bird,7,bonus,You paused at the right moment.,You paused at the right moment.,You paused at the right moment.,You paused at the right moment.,True,You paused at the right moment.,You paused at the right moment.,You paused at the right moment.,You paused at the right moment.,You paused at the right moment.,You paused at the right moment.,You paused at the right moment.,True,You paused at the right moment.,You paused at the right moment.,True,You paused at the right moment.,You paused at the right moment.,True,True,1,0,33,0
427,14.233,bird,7,bonus,You paused at the right moment.,You paused at the right moment.,You paused at the right moment.,You paused at the right moment.,True,You paused at the right moment.,You paused at the right moment.,You paused at the right moment.,You paused at the right moment.,You paused at the right moment.,You paused at the right moment.,You paused at the right moment.,True,You paused at the right moment.,You paused at the right moment.,True,You paused at the right moment.,You paused at the right moment.,True,True,1,0,33,0
428,14.267,bird,7,bonus,You paused at the right moment.,You paused at the right moment.,You paused at the right moment.,You paused at the right moment.,True,You paused at the right moment.,You paused at the right moment.,You paused at the right moment.,You paused at the right moment.,You paused at the right moment.,You paused at the right moment.,You paused at the right moment.,True,You paused at the right moment.,You paused at the right moment.,True,You paused at the right moment.,You paused at the right moment.,True,True,1,0,32,0
429,14.3,bird,7,bonus,You paused at the right moment.,You paused at the right moment.,You paused at the right moment.,You paused at the right moment.,True,You paused at the right moment.,You paused at the right moment.,You paused at the right moment.,You paused at the right moment.,You paused at the right moment.,You paused at the right moment.,You paused at the right moment.,True,You paused at the right moment.,You paused at the right moment.,True,You paused at the right moment.,You paused at the right moment.,True,True,1,0,32,0
430,14.333,bird,7,bonus,You paused at the right moment.,You paused at the right moment.,You paused at the right moment.,You paused at the right moment.,True,You paused at the right moment.,You paused at the right moment.,You paused at the right moment.,You paused at the right moment.,You paused at the right moment.,You paused at the right moment.,You paused at the right moment.,True,You paused at the right moment.,You paused at the right moment.,True,You paused at the right moment.,You paused at the right moment.,True,True,1,1,31,0
431,14.367,bird,7,bonus,You paused at the right moment.,You paused at the right moment.,You paused at the right moment.,You paused at the right moment.,True,You paused at the right moment.,You paused at the right moment.,You paused at the right moment.,You paused at the right moment.,You paused at the right moment.,You paused at the right moment.,You paused at the right moment.,True,You paused at the right moment.,You paused at the right moment.,True,You paused at the right moment.,You paused at the right moment.,True,True,1,1,31,0
432,14.4,bird,7,bonus,You paused at the right moment.,You paused at the right moment.,You paused at the right moment.,You paused at the right moment.,True,You paused at the right moment.,You paused at the right moment.,You paused at the right moment.,You paused at the right moment.,You paused at the right moment.,You paused at the right moment.,You paused at the right moment.,True,You paused at the right moment.,You paused at the right moment.,True,You paused at the right moment.,You paused at the right moment.,True,True,1,1,31,0
433,14.433,bird,7,bonus,You paused at the right moment.,You paused at the right moment.,You paused at the right moment.,You paused at the right moment.,True,You paused at the right moment.,You paused at the right moment.,You paused at the right moment.,You paused at the right moment.,You paused at the right moment.,You paused at the right moment.,You paused at the right moment.,True,You paused at the right moment.,You paused at the right moment.,True,You paused at the right moment.,You paused at the right moment.,True,True,1,1,26,0
434,14.467,bird,7,bonus,You paused at the right moment.,You paused at the right moment.,You paused at the right moment.,You paused at the right moment.,True,You paused at the right moment.,You paused at the right moment.,You paused at the right moment.,You paused at the right moment.,You paused at the right moment.,You paused at the right moment.,You paused at the right moment.,True,You paused at the right moment.,You paused at the right moment.,True,You paused at the right moment.,You paused at the right moment.,True,True,1,1,28,0
435,14.5,bird,8,word,7/8 - THIS,7/8 - THIS,7/8 - THIS,7/8 - THIS,True,7/8 - THIS,7/8 - THIS,7/8 - THIS,7/8 - THIS,7/8 - THIS,7/8 - THIS,7/8 - THIS,True,7/8 - THIS,7/8 - THIS,True,7/8 - THIS,7/8 - THIS,True,True,0,2,32,0
436,14.533,bird,8,word,7/8 - THIS,7/8 - THIS,7/8 - THIS,7/8 - THIS,True,7/8 - THIS,7/8 - THIS,7/8 - THIS,7/8 - THIS,7/8 - THIS,7/8 - THIS,7/8 - THIS,True,7/8 - THIS,7/8 - THIS,True,7/8 - THIS,7/8 - THIS,True,True,0,2,35,0
437,14.567,bird,8,word,7/8 - THIS,7/8 - THIS,7/8 - THIS,7/8 - THIS,True,7/8 - THIS,7/8 - THIS,7/8 - THIS,7/8 - THIS,7/8 - THIS,7/8 - THIS,7/8 - THIS,True,7/8 - THIS,7/8 - THIS,True,7/8 - THIS,7/8 - THIS,True,True,0,3,36,0
438,14.6,bird,8,word,7/8 - THIS,7/8 - THIS,7/8 - THIS,7/8 - THIS,True,7/8 - THIS,7/8 - THIS,7/8 - THIS,7/8 - THIS,7/8 - THIS,7/8 - THIS,7/8 - THIS,True,7/8 - THIS,7/8 - THIS,True,7/8 - THIS,7/8 - THIS,True,True,0,2,38,0
439,14.633,bird,8,word,7/8 - THIS,7/8 - THIS,7/8 - THIS,7/8 - THIS,True,7/8 - THIS,7/8 - THIS,7/8 - THIS,7/8 - THIS,7/8 - THIS,7/8 - THIS,7/8 - THIS,True,7/8 - THIS,7/8 - THIS,True,7/8 - THIS,7/8 - THIS,True,True,0,2,39,0
440,14.667,bird,8,word,7/8 - THIS,7/8 - THIS,7/8 - THIS,7/8 - THIS,True,7/8 - THIS,7/8 - THIS,7/8 - THIS,7/8 - THIS,7/8 - THIS,7/8 - THIS,7/8 - THIS,True,7/8 - THIS,7/8 - THIS,True,7/8 - THIS,7/8 - THIS,True,True,0,1,41,0
441,14.7,bird,8,word,7/8 - THIS,7/8 - THIS,7/8 - THIS,7/8 - THIS,True,7/8 - THIS,7/8 - THIS,7/8 - THIS,7/8 - THIS,7/8 - THIS,7/8 - THIS,7/8 - THIS,True,7/8 - THIS,7/8 - THIS,True,7/8 - THIS,7/8 - THIS,True,True,0,1,43,0
442,14.733,bird,8,word,7/8 - THIS,7/8 - THIS,7/8 - THIS,7/8 - THIS,True,7/8 - THIS,7/8 - THIS,7/8 - THIS,7/8 - THIS,7/8 - THIS,7/8 - THIS,7/8 - THIS,True,7/8 - THIS,7/8 - THIS,True,7/8 - THIS,7/8 - THIS,True,True,0,1,42,0
443,14.767,bird,8,word,7/8 - THIS,7/8 - THIS,7/8 - THIS,7/8 - THIS,True,7/8 - THIS,7/8 - THIS,7/8 - THIS,7/8 - THIS,7/8 - THIS,7/8 - THIS,7/8 - THIS,True,7/8 - THIS,7/8 - THIS,True,7/8 - THIS,7/8 - THIS,True,True,0,1,42,0
444,14.8,bird,8,word,7/8 - THIS,7/8 - THIS,7/8 - THIS,7/8 - THIS,True,7/8 - THIS,7/8 - THIS,7/8 - THIS,7/8 - THIS,7/8 - THIS,7/8 - THIS,7/8 - THIS,True,7/8 - THIS,7/8 - THIS,True,7/8 - THIS,7/8 - THIS,True,True,0,1,42,0
445,14.833,bird,8,word,7/8 - THIS,7/8 - THIS,7/8 - THIS,7/8 - THIS,True,7/8 - THIS,7/8 - THIS,7/8 - THIS,7/8 - THIS,7/8 - THIS,7/8 - THIS,7/8 - THIS,True,7/8 - THIS,7/8 - THIS,True,7/8 - THIS,7/8 - THIS,True,True,0,1,40,0
446,14.867,bird,8,word,7/8 - THIS,7/8 - THIS,7/8 - THIS,7/8 - THIS,True,7/8 - THIS,7/8 - THIS,7/8 - THIS,7/8 - THIS,7/8 - THIS,7/8 - THIS,7/8 - THIS,True,7/8 - THIS,7/8 - THIS,True,7/8 - THIS,7/8 - THIS,True,True,1,2,40,0
447,14.9,bird,8,word,7/8 - THIS,7/8 - THIS,7/8 - THIS,7/8 - THIS,True,7/8 - THIS,7/8 - THIS,7/8 - THIS,7/8 - THIS,7/8 - THIS,7/8 - THIS,7/8 - THIS,True,7/8 - THIS,7/8 - THIS,True,7/8 - THIS,7/8 - THIS,True,True,1,1,39,0
448,14.933,bird,8,word,7/8 - THIS,7/8 - THIS,7/8 - THIS,7/8 - THIS,True,7/8 - THIS,7/8 - THIS,7/8 - THIS,7/8 - THIS,7/8 - THIS,7/8 - THIS,7/8 - THIS,True,7/8 - THIS,7/8 - THIS,True,7/8 - THIS,7/8 - THIS,True,True,1,2,37,0
449,14.967,bird,8,word,7/8 - THIS,7/8 - THIS,7/8 - THIS,7/8 - THIS,True,7/8 - THIS,7/8 - THIS,7/8 - THIS,7/8 - THIS,7/8 - THIS,7/8 - THIS,7/8 - THIS,True,7/8 - THIS,7/8 - THIS,True,7/8 - THIS,7/8 - THIS,True,True,1,1,41,0
450,15.0,bird,8,word,7/8 - THIS,7/8 - THIS,7/8 - THIS,7/8 - THIS,True,7/8 - THIS,7/8 - THIS,7/8 - THIS,7/8 - THIS,7/8 - THIS,7/8 - THIS,7/8 - THIS,True,7/8 - THIS,7/8 - THIS,True,7/8 - THIS,7/8 - THIS,True,True,1,2,37,0
451,15.033,bird,8,word,7/8 - THIS,7/8 - THIS,7/8 - THIS,7/8 - THIS,True,7/8 - THIS,7/8 - THIS,7/8 - THIS,7/8 - THIS,7/8 - THIS,7/8 - THIS,7/8 - THIS,True,7/8 - THIS,7/8 - THIS,True,7/8 - THIS,7/8 - THIS,True,True,1,2,35,0
452,15.067,bird,8,word,7/8 - THIS,7/8 - THIS,7/8 - THIS,7/8 - THIS,True,7/8 - THIS,7/8 - THIS,7/8 - THIS,7/8 - THIS,7/8 - THIS,7/8 - THIS,7/8 - THIS,True,7/8 - THIS,7/8 - THIS,True,7/8 - THIS,7/8 - THIS,True,True,1,2,31,0
453,15.1,bird,8,word,7/8 - THIS,7/8 - THIS,7/8 - THIS,7/8 - THIS,True,7/8 - THIS,7/8 - THIS,7/8 - THIS,7/8 - THIS,7/8 - THIS,7/8 - THIS,7/8 - THIS,True,7/8 - THIS,7/8 - THIS,True,7/8 - THIS,7/8 - THIS,True,True,1,2,29,0
454,15.133,bird,8,word,7/8 - THIS,7/8 - THIS,7/8 - THIS,7/8 - THIS,True,7/8 - THIS,7/8 - THIS,7/8 - THIS,7/8 - THIS,7/8 - THIS,7/8 - THIS,7/8 - THIS,True,7/8 - THIS,7/8 - THIS,True,7/8 - THIS,7/8 - THIS,True,True,0,2,25,0
455,15.167,bird,8,word,7/8 - THIS,7/8 - THIS,7/8 - THIS,7/8 - THIS,True,7/8 - THIS,7/8 - THIS,7/8 - THIS,7/8 - THIS,7/8 - THIS,7/8 - THIS,7/8 - THIS,True,7/8 - THIS,7/8 - THIS,True,7/8 - THIS,7/8 - THIS,True,True,0,2,25,0
456,15.2,bird,8,word,7/8 - THIS,7/8 - THIS,7/8 - THIS,7/8 - THIS,True,7/8 - THIS,7/8 - THIS,7/8 - THIS,7/8 - THIS,7/8 - THIS,7/8 - THIS,7/8 - THIS,True,7/8 - THIS,7/8 - THIS,True,7/8 - THIS,7/8 - THIS,True,True,1,2,24,0
457,15.233,bird,8,word,7/8 - THIS,7/8 - THIS,7/8 - THIS,7/8 - THIS,True,7/8 - THIS,7/8 - THIS,7/8 - THIS,7/8 - THIS,7/8 - THIS,7/8 - THIS,7/8 - THIS,True,7/8 - THIS,7/8 - THIS,True,7/8 - THIS,7/8 - THIS,True,True,1,1,20,0
458,15.267,bird,8,word,7/8 - THIS,7/8 - THIS,7/8 - THIS,7/8 - THIS,True,7/8 - THIS,7/8 - THIS,7/8 - THIS,7/8 - THIS,7/8 - THIS,7/8 - THIS,7/8 - THIS,True,7/8 - THIS,7/8 - THIS,True,7/8 - THIS,7/8 - THIS,True,True,1,1,21,0
459,15.3,bird,8,word,7/8 - THIS,7/8 - THIS,7/8 - THIS,7/8 - THIS,True,7/8 - THIS,7/8 - THIS,7/8 - THIS,7/8 - THIS,7/8 - THIS,7/8 - THIS,7/8 - THIS,True,7/8 - THIS,7/8 - THIS,True,7/8 - THIS,7/8 - THIS,True,True,1,1,20,0
460,15.333,bird,8,word,7/8 - THIS,7/8 - THIS,7/8 - THIS,7/8 - THIS,True,7/8 - THIS,7/8 - THIS,7/8 - THIS,7/8 - THIS,7/8 - THIS,7/8 - THIS,7/8 - THIS,True,7/8 - THIS,7/8 - THIS,True,7/8 - THIS,7/8 - THIS,True,True,1,1,20,0
461,15.367,bird,8,word,7/8 - THIS,7/8 - THIS,7/8 - THIS,7/8 - THIS,True,7/8 - THIS,7/8 - THIS,7/8 - THIS,7/8 - THIS,7/8 - THIS,7/8 - THIS,7/8 - THIS,True,7/8 - THIS,7/8 - THIS,True,7/8 - THIS,7/8 - THIS,True,True,1,1,20,0
462,15.4,bird,8,word,7/8 - THIS,7/8 - THIS,7/8 - THIS,7/8 - THIS,True,7/8 - THIS,7/8 - THIS,7/8 - THIS,7/8 - THIS,7/8 - THIS,7/8 - THIS,7/8 - THIS,True,7/8 - THIS,7/8 - THIS,True,7/8 - THIS,7/8 - THIS,True,True,0,1,16,0
463,15.433,bird,8,word,7/8 - THIS,7/8 - THIS,7/8 - THIS,7/8 - THIS,True,7/8 - THIS,7/8 - THIS,7/8 - THIS,7/8 - THIS,7/8 - THIS,7/8 - THIS,7/8 - THIS,True,7/8 - THIS,7/8 - THIS,True,7/8 - THIS,7/8 - THIS,True,True,0,1,13,0
464,15.467,bird,8,word,7/8 - THIS,7/8 - THIS,7/8 - THIS,7/8 - THIS,True,7/8 - THIS,7/8 - THIS,7/8 - THIS,7/8 - THIS,7/8 - THIS,7/8 - THIS,7/8 - THIS,True,7/8 - THIS,7/8 - THIS,True,7/8 - THIS,7/8 - THIS,True,True,0,1,13,0
465,15.5,bird,8,word,7/8 - THIS,7/8 - THIS,7/8 - THIS,7/8 - THIS,True,7/8 - THIS,7/8 - THIS,7/8 - THIS,7/8 - THIS,7/8 - THIS,7/8 - THIS,7/8 - THIS,True,7/8 - THIS,7/8 - THIS,True,7/8 - THIS,7/8 - THIS,True,True,0,1,11,0
466,15.533,bird,8,word,7/8 - THIS,7/8 - THIS,7/8 - THIS,7/8 - THIS,True,7/8 - THIS,7/8 - THIS,7/8 - THIS,7/8 - THIS,7/8 - THIS,7/8 - THIS,7/8 - THIS,True,7/8 - THIS,7/8 - THIS,True,7/8 - THIS,7/8 - THIS,True,True,0,1,11,0
467,15.567,bird,8,word,7/8 - THIS,7/8 - THIS,7/8 - THIS,7/8 - THIS,True,7/8 - THIS,7/8 - THIS,7/8 - THIS,7/8 - THIS,7/8 - THIS,7/8 - THIS,7/8 - THIS,True,7/8 - THIS,7/8 - THIS,True,7/8 - THIS,7/8 - THIS,True,True,1,1,11,0
468,15.6,bird,8,word,7/8 - THIS,7/8 - THIS,7/8 - THIS,7/8 - THIS,True,7/8 - THIS,7/8 - THIS,7/8 - THIS,7/8 - THIS,7/8 - THIS,7/8 - THIS,7/8 - THIS,True,7/8 - THIS,7/8 - THIS,True,7/8 - THIS,7/8 - THIS,True,True,1,0,7,0
469,15.633,bird,8,word,7/8 - THIS,7/8 - THIS,7/8 - THIS,7/8 - THIS,True,7/8 - THIS,7/8 - THIS,7/8 - THIS,7/8 - THIS,7/8 - THIS,7/8 - THIS,7/8 - THIS,True,7/8 - THIS,7/8 - THIS,True,7/8 - THIS,7/8 - THIS,True,True,1,0,7,0
470,15.667,bird,8,word,7/8 - THIS,7/8 - THIS,7/8 - THIS,7/8 - THIS,True,7/8 - THIS,7/8 - THIS,7/8 - THIS,7/8 - THIS,7/8 - THIS,7/8 - THIS,7/8 - THIS,True,7/8 - THIS,7/8 - THIS,True,7/8 - THIS,7/8 - THIS,True,True,1,0,7,0
471,15.7,bird,8,word,7/8 - THIS,7/8 - THIS,7/8 - THIS,7/8 - THIS,True,7/8 - THIS,7/8 - THIS,7/8 - THIS,7/8 - THIS,7/8 - THIS,7/8 - THIS,7/8 - THIS,True,7/8 - THIS,7/8 - THIS,True,7/8 - THIS,7/8 - THIS,True,True,1,0,7,0
472,15.733,bird,8,word,7/8 - THIS,7/8 - THIS,7/8 - THIS,7/8 - THIS,True,7/8 - THIS,7/8 - THIS,7/8 - THIS,7/8 - THIS,7/8 - THIS,7/8 - THIS,7/8 - THIS,True,7/8 - THIS,7/8 - THIS,True,7/8 - THIS,7/8 - THIS,True,True,1,0,4,0
473,15.767,bird,8,word,7/8 - THIS,7/8 - THIS,7/8 - THIS,7/8 - THIS,True,7/8 - THIS,7/8 - THIS,7/8 - THIS,7/8 - THIS,7/8 - THIS,7/8 - THIS,7/8 - THIS,True,7/8 - THIS,7/8 - THIS,True,7/8 - THIS,7/8 - THIS,True,True,1,0,2,0
474,15.8,bird,8,word,7/8 - THIS,7/8 - THIS,7/8 - THIS,7/8 - THIS,True,7/8 - THIS,7/8 - THIS,7/8 - THIS,7/8 - THIS,7/8 - THIS,7/8 - THIS,7/8 - THIS,True,7/8 - THIS,7/8 - THIS,True,7/8 - THIS,7/8 - THIS,True,True,1,0,2,0
475,15.833,bird,8,word,7/8 - THIS,7/8 - THIS,7/8 - THIS,7/8 - THIS,True,7/8 - THIS,7/8 - THIS,7/8 - THIS,7/8 - THIS,7/8 - THIS,7/8 - THIS,7/8 - THIS,True,7/8 - THIS,7/8 - THIS,True,7/8 - THIS,7/8 - THIS,True,True,1,0,0,0
476,15.867,bird,8,word,7/8 - THIS,7/8 - THIS,7/8 - THIS,7/8 - THIS,True,7/8 - THIS,7/8 - THIS,7/8 - THIS,7/8 - THIS,7/8 - THIS,7/8 - THIS,7/8 - THIS,True,7/8 - THIS,7/8 - THIS,True,7/8 - THIS,7/8 - THIS,True,True,1,0,0,0
477,15.9,bird,8,word,7/8 - THIS,7/8 - THIS,7/8 - THIS,7/8 - THIS,True,7/8 - THIS,7/8 - THIS,7/8 - THIS,7/8 - THIS,7/8 - THIS,7/8 - THIS,7/8 - THIS,True,7/8 - THIS,7/8 - THIS,True,7/8 - THIS,7/8 - THIS,True,True,1,0,0,0
478,15.933,bird,8,word,7/8 - THIS,7/8 - THIS,7/8 - THIS,7/8 - THIS,True,7/8 - THIS,7/8 - THIS,7/8 - THIS,7/8 - THIS,7/8 - THIS,7/8 - THIS,7/8 - THIS,True,7/8 - THIS,7/8 - THIS,True,7/8 - THIS,7/8 - THIS,True,True,1,0,0,0
479,15.967,bird,8,word,7/8 - THIS,7/8 - THIS,7/8 - THIS,7/8 - THIS,True,7/8 - THIS,7/8 - THIS,7/8 - THIS,7/8 - THIS,7/8 - THIS,7/8 - THIS,7/8 - THIS,True,7/8 - THIS,7/8 - THIS,True,7/8 - THIS,7/8 - THIS,True,True,1,1,0,0
480,16.0,bird,9,word,8/8 - FILM,8/8 - FILM,8/8 - FILM,8/8 - FILM,True,8/8 - FILM,8/8 - FILM,8/8 - FILM,8/8 - FILM,8/8 - FILM,8/8 - FILM,8/8 - FILM,True,8/8 - FILM,8/8 - FILM,True,8/8 - FILM,8/8 - FILM,True,True,1,1,0,0
481,16.033,bird,9,word,8/8 - FILM,8/8 - FILM,8/8 - FILM,8/8 - FILM,True,8/8 - FILM,8/8 - FILM,8/8 - FILM,8/8 - FILM,8/8 - FILM,8/8 - FILM,8/8 - FILM,True,8/8 - FILM,8/8 - FILM,True,8/8 - FILM,8/8 - FILM,True,True,1,1,0,0
482,16.067,bird,9,word,8/8 - FILM,8/8 - FILM,8/8 - FILM,8/8 - FILM,True,8/8 - FILM,8/8 - FILM,8/8 - FILM,8/8 - FILM,8/8 - FILM,8/8 - FILM,8/8 - FILM,True,8/8 - FILM,8/8 - FILM,True,8/8 - FILM,8/8 - FILM,True,True,1,1,0,0
483,16.1,bird,9,word,8/8 - FILM,8/8 - FILM,8/8 - FILM,8/8 - FILM,True,8/8 - FILM,8/8 - FILM,8/8 - FILM,8/8 - FILM,8/8 - FILM,8/8 - FILM,8/8 - FILM,True,8/8 - FILM,8/8 - FILM,True,8/8 - FILM,8/8 - FILM,True,True,1,1,0,0
484,16.133,bird,9,word,8/8 - FILM,8/8 - FILM,8/8 - FILM,8/8 - FILM,True,8/8 - FILM,8/8 - FILM,8/8 - FILM,8/8 - FILM,8/8 - FILM,8/8 - FILM,8/8 - FILM,True,8/8 - FILM,8/8 - FILM,True,8/8 - FILM,8/8 - FILM,True,True,1,1,2,0
485,16.167,bird,9,word,8/8 - FILM,8/8 - FILM,8/8 - FILM,8/8 - FILM,True,8/8 - FILM,8/8 - FILM,8/8 - FILM,8/8 - FILM,8/8 - FILM,8/8 - FILM,8/8 - FILM,True,8/8 - FILM,8/8 - FILM,True,8/8 - FILM,8/8 - FILM,True,True,1,1,5,0
486,16.2,bird,9,word,8/8 - FILM,8/8 - FILM,8/8 - FILM,8/8 - FILM,True,8/8 - FILM,8/8 - FILM,8/8 - FILM,8/8 - FILM,8/8 - FILM,8/8 - FILM,8/8 - FILM,True,8/8 - FILM,8/8 - FILM,True,8/8 - FILM,8/8 - FILM,True,True,1,1,5,0
487,16.233,bird,9,word,8/8 - FILM,8/8 - FILM,8/8 - FILM,8/8 - FILM,True,8/8 - FILM,8/8 - FILM,8/8 - FILM,8/8 - FILM,8/8 - FILM,8/8 - FILM,8/8 - FILM,True,8/8 - FILM,8/8 - FILM,True,8/8 - FILM,8/8 - FILM,True,True,1,1,8,0
488,16.267,bird,9,word,8/8 - FILM,8/8 - FILM,8/8 - FILM,8/8 - FILM,True,8/8 - FILM,8/8 - FILM,8/8 - FILM,8/8 - FILM,8/8 - FILM,8/8 - FILM,8/8 - FILM,True,8/8 - FILM,8/8 - FILM,True,8/8 - FILM,8/8 - FILM,True,True,1,1,8,0
489,16.3,bird,9,word,8/8 - FILM,8/8 - FILM,8/8 - FILM,8/8 - FILM,True,8/8 - FILM,8/8 - FILM,8/8 - FILM,8/8 - FILM,8/8 - FILM,8/8 - FILM,8/8 - FILM,True,8/8 - FILM,8/8 - FILM,True,8/8 - FILM,8/8 - FILM,True,True,1,1,9,0
490,16.333,bird,9,word,8/8 - FILM,8/8 - FILM,8/8 - FILM,8/8 - FILM,True,8/8 - FILM,8/8 - FILM,8/8 - FILM,8/8 - FILM,8/8 - FILM,8/8 - FILM,8/8 - FILM,True,8/8 - FILM,8/8 - FILM,True,8/8 - FILM,8/8 - FILM,True,True,1,1,9,0
491,16.367,bird,9,word,8/8 - FILM,8/8 - FILM,8/8 - FILM,8/8 - FILM,True,8/8 - FILM,8/8 - FILM,8/8 - FILM,8/8 - FILM,8/8 - FILM,8/8 - FILM,8/8 - FILM,True,8/8 - FILM,8/8 - FILM,True,8/8 - FILM,8/8 - FILM,True,True,1,1,10,0
492,16.4,bird,9,word,8/8 - FILM,8/8 - FILM,8/8 - FILM,8/8 - FILM,True,8/8 - FILM,8/8 - FILM,8/8 - FILM,8/8 - FILM,8/8 - FILM,8/8 - FILM,8/8 - FILM,True,8/8 - FILM,8/8 - FILM,True,8/8 - FILM,8/8 - FILM,True,True,1,2,13,0
493,16.433,bird,9,word,8/8 - FILM,8/8 - FILM,8/8 - FILM,8/8 - FILM,True,8/8 - FILM,8/8 - FILM,8/8 - FILM,8/8 - FILM,8/8 - FILM,8/8 - FILM,8/8 - FILM,True,8/8 - FILM,8/8 - FILM,True,8/8 - FILM,8/8 - FILM,True,True,1,1,13,0
494,16.467,bird,9,word,8/8 - FILM,8/8 - FILM,8/8 - FILM,8/8 - FILM,True,8/8 - FILM,8/8 - FILM,8/8 - FILM,8/8 - FILM,8/8 - FILM,8/8 - FILM,8/8 - FILM,True,8/8 - FILM,8/8 - FILM,True,8/8 - FILM,8/8 - FILM,True,True,1,1,13,0
495,16.5,bird,9,word,8/8 - FILM,8/8 - FILM,8/8 - FILM,8/8 - FILM,True,8/8 - FILM,8/8 - FILM,8/8 - FILM,8/8 - FILM,8/8 - FILM,8/8 - FILM,8/8 - FILM,True,8/8 - FILM,8/8 - FILM,True,8/8 - FILM,8/8 - FILM,True,True,1,1,13,0
496,16.533,bird,9,word,8/8 - FILM,8/8 - FILM,8/8 - FILM,8/8 - FILM,True,8/8 - FILM,8/8 - FILM,8/8 - FILM,8/8 - FILM,8/8 - FILM,8/8 - FILM,8/8 - FILM,True,8/8 - FILM,8/8 - FILM,True,8/8 - FILM,8/8 - FILM,True,True,1,1,13,0
497,16.567,bird,9,word,8/8 - FILM,8/8 - FILM,8/8 - FILM,8/8 - FILM,True,8/8 - FILM,8/8 - FILM,8/8 - FILM,8/8 - FILM,8/8 - FILM,8/8 - FILM,8/8 - FILM,True,8/8 - FILM,8/8 - FILM,True,8/8 - FILM,8/8 - FILM,True,True,1,2,13,0
498,16.6,bird,9,word,8/8 - FILM,8/8 - FILM,8/8 - FILM,8/8 - FILM,True,8/8 - FILM,8/8 - FILM,8/8 - FILM,8/8 - FILM,8/8 - FILM,8/8 - FILM,8/8 - FILM,True,8/8 - FILM,8/8 - FILM,True,8/8 - FILM,8/8 - FILM,True,True,1,2,13,0
499,16.633,bird,9,word,8/8 - FILM,8/8 - FILM,8/8 - FILM,8/8 - FILM,True,8/8 - FILM,8/8 - FILM,8/8 - FILM,8/8 - FILM,8/8 - FILM,8/8 - FILM,8/8 - FILM,True,8/8 - FILM,8/8 - FILM,True,8/8 - FILM,8/8 - FILM,True,True,1,2,13,0
500,16.667,bird,9,word,8/8 - FILM,8/8 - FILM,8/8 - FILM,8/8 - FILM,True,8/8 - FILM,8/8 - FILM,8/8 - FILM,8/8 - FILM,8/8 - FILM,8/8 - FILM,8/8 - FILM,True,8/8 - FILM,8/8 - FILM,True,8/8 - FILM,8/8 - FILM,True,True,1,1,14,0
501,16.7,bird,9,word,8/8 - FILM,8/8 - FILM,8/8 - FILM,8/8 - FILM,True,8/8 - FILM,8/8 - FILM,8/8 - FILM,8/8 - FILM,8/8 - FILM,8/8 - FILM,8/8 - FILM,True,8/8 - FILM,8/8 - FILM,True,8/8 - FILM,8/8 - FILM,True,True,1,1,14,0
502,16.733,bird,9,word,8/8 - FILM,8/8 - FILM,8/8 - FILM,8/8 - FILM,True,8/8 - FILM,8/8 - FILM,8/8 - FILM,8/8 - FILM,8/8 - FILM,8/8 - FILM,8/8 - FILM,True,8/8 - FILM,8/8 - FILM,True,8/8 - FILM,8/8 - FILM,True,True,1,1,15,0
503,16.767,bird,9,word,8/8 - FILM,8/8 - FILM,8/8 - FILM,8/8 - FILM,True,8/8 - FILM,8/8 - FILM,8/8 - FILM,8/8 - FILM,8/8 - FILM,8/8 - FILM,8/8 - FILM,True,8/8 - FILM,8/8 - FILM,True,8/8 - FILM,8/8 - FILM,True,True,0,1,16,0
504,16.8,bird,9,word,8/8 - FILM,8/8 - FILM,8/8 - FILM,8/8 - FILM,True,8/8 - FILM,8/8 - FILM,8/8 - FILM,8/8 - FILM,8/8 - FILM,8/8 - FILM,8/8 - FILM,True,8/8 - FILM,8/8 - FILM,True,8/8 - FILM,8/8 - FILM,True,True,0,1,13,0
505,16.833,bird,9,word,8/8 - FILM,8/8 - FILM,8/8 - FILM,8/8 - FILM,True,8/8 - FILM,8/8 - FILM,8/8 - FILM,8/8 - FILM,8/8 - FILM,8/8 - FILM,8/8 - FILM,True,8/8 - FILM,8/8 - FILM,True,8/8 - FILM,8/8 - FILM,True,True,1,1,15,0
506,16.867,bird,9,word,8/8 - FILM,8/8 - FILM,8/8 - FILM,8/8 - FILM,True,8/8 - FILM,8/8 - FILM,8/8 - FILM,8/8 - FILM,8/8 - FILM,8/8 - FILM,8/8 - FILM,True,8/8 - FILM,8/8 - FILM,True,8/8 - FILM,8/8 - FILM,True,True,1,1,14,0
507,16.9,bird,9,word,8/8 - FILM,8/8 - FILM,8/8 - FILM,8/8 - FILM,True,8/8 - FILM,8/8 - FILM,8/8 - FILM,8/8 - FILM,8/8 - FILM,8/8 - FILM,8/8 - FILM,True,8/8 - FILM,8/8 - FILM,True,8/8 - FILM,8/8 - FILM,True,True,1,1,14,0
508,16.933,bird,9,word,8/8 - FILM,8/8 - FILM,8/8 - FILM,8/8 - FILM,True,8/8 - FILM,8/8 - FILM,8/8 - FILM,8/8 - FILM,8/8 - FILM,8/8 - FILM,8/8 - FILM,True,8/8 - FILM,8/8 - FILM,True,8/8 - FILM,8/8 - FILM,True,True,1,1,14,0
509,16.967,bird,9,word,8/8 - FILM,8/8 - FILM,8/8 - FILM,8/8 - FILM,True,8/8 - FILM,8/8 - FILM,8/8 - FILM,8/8 - FILM,8/8 - FILM,8/8 - FILM,8/8 - FILM,True,8/8 - FILM,8/8 - FILM,True,8/8 - FILM,8/8 - FILM,True,True,1,1,15,0
510,17.0,bird,9,word,8/8 - FILM,8/8 - FILM,8/8 - FILM,8/8 - FILM,True,8/8 - FILM,8/8 - FILM,8/8 - FILM,8/8 - FILM,8/8 - FILM,8/8 - FILM,8/8 - FILM,True,8/8 - FILM,8/8 - FILM,True,8/8 - FILM,8/8 - FILM,True,True,1,1,14,0
511,17.033,bird,9,word,8/8 - FILM,8/8 - FILM,8/8 - FILM,8/8 - FILM,True,8/8 - FILM,8/8 - FILM,8/8 - FILM,8/8 - FILM,8/8 - FILM,8/8 - FILM,8/8 - FILM,True,8/8 - FILM,8/8 - FILM,True,8/8 - FILM,8/8 - FILM,True,True,1,1,16,0
512,17.067,bird,9,word,8/8 - FILM,8/8 - FILM,8/8 - FILM,8/8 - FILM,True,8/8 - FILM,8/8 - FILM,8/8 - FILM,8/8 - FILM,8/8 - FILM,8/8 - FILM,8/8 - FILM,True,8/8 - FILM,8/8 - FILM,True,8/8 - FILM,8/8 - FILM,True,True,1,1,18,0
513,17.1,bird,9,word,8/8 - FILM,8/8 - FILM,8/8 - FILM,8/8 - FILM,True,8/8 - FILM,8/8 - FILM,8/8 - FILM,8/8 - FILM,8/8 - FILM,8/8 - FILM,8/8 - FILM,True,8/8 - FILM,8/8 - FILM,True,8/8 - FILM,8/8 - FILM,True,True,1,1,16,0
514,17.133,bird,9,word,8/8 - FILM,8/8 - FILM,8/8 - FILM,8/8 - FILM,True,8/8 - FILM,8/8 - FILM,8/8 - FILM,8/8 - FILM,8/8 - FILM,8/8 - FILM,8/8 - FILM,True,8/8 - FILM,8/8 - FILM,True,8/8 - FILM,8/8 - FILM,True,True,1,1,19,0
515,17.167,bird,9,word,8/8 - FILM,8/8 - FILM,8/8 - FILM,8/8 - FILM,True,8/8 - FILM,8/8 - FILM,8/8 - FILM,8/8 - FILM,8/8 - FILM,8/8 - FILM,8/8 - FILM,True,8/8 - FILM,8/8 - FILM,True,8/8 - FILM,8/8 - FILM,True,True,1,1,18,0
516,17.2,bird,9,word,8/8 - FILM,8/8 - FILM,8/8 - FILM,8/8 - FILM,True,8/8 - FILM,8/8 - FILM,8/8 - FILM,8/8 - FILM,8/8 - FILM,8/8 - FILM,8/8 - FILM,True,8/8 - FILM,8/8 - FILM,True,8/8 - FILM,8/8 - FILM,True,True,1,1,18,0
517,17.233,bird,9,word,8/8 - FILM,8/8 - FILM,8/8 - FILM,8/8 - FILM,True,8/8 - FILM,8/8 - FILM,8/8 - FILM,8/8 - FILM,8/8 - FILM,8/8 - FILM,8/8 - FILM,True,8/8 - FILM,8/8 - FILM,True,8/8 - FILM,8/8 - FILM,True,True,1,1,18,0
518,17.267,bird,9,word,8/8 - FILM,8/8 - FILM,8/8 - FILM,8/8 - FILM,True,8/8 - FILM,8/8 - FILM,8/8 - FILM,8/8 - FILM,8/8 - FILM,8/8 - FILM,8/8 - FILM,True,8/8 - FILM,8/8 - FILM,True,8/8 - FILM,8/8 - FILM,True,True,1,2,19,0
519,17.3,bird,9,word,8/8 - FILM,8/8 - FILM,8/8 - FILM,8/8 - FILM,True,8/8 - FILM,8/8 - FILM,8/8 - FILM,8/8 - FILM,8/8 - FILM,8/8 - FILM,8/8 - FILM,True,8/8 - FILM,8/8 - FILM,True,8/8 - FILM,8/8 - FILM,True,True,1,2,19,0
520,17.333,bird,9,word,8/8 - FILM,8/8 - FILM,8/8 - FILM,8/8 - FILM,True,8/8 - FILM,8/8 - FILM,8/8 - FILM,8/8 - FILM,8/8 - FILM,8/8 - FILM,8/8 - FILM,True,8/8 - FILM,8/8 - FILM,True,8/8 - FILM,8/8 - FILM,True,True,2,2,19,0
521,17.367,bird,9,word,8/8 - FILM,8/8 - FILM,8/8 - FILM,8/8 - FILM,True,8/8 - FILM,8/8 - FILM,8/8 - FILM,8/8 - FILM,8/8 - FILM,8/8 - FILM,8/8 - FILM,True,8/8 - FILM,8/8 - FILM,True,8/8 - FILM,8/8 - FILM,True,True,2,1,19,0
522,17.4,bird,9,word,8/8 - FILM,8/8 - FILM,8/8 - FILM,8/8 - FILM,True,8/8 - FILM,8/8 - FILM,8/8 - FILM,8/8 - FILM,8/8 - FILM,8/8 - FILM,8/8 - FILM,True,8/8 - FILM,8/8 - FILM,True,8/8 - FILM,8/8 - FILM,True,True,2,1,19,0
523,17.433,bird,9,word,8/8 - FILM,8/8 - FILM,8/8 - FILM,8/8 - FILM,True,8/8 - FILM,8/8 - FILM,8/8 - FILM,8/8 - FILM,8/8 - FILM,8/8 - FILM,8/8 - FILM,True,8/8 - FILM,8/8 - FILM,True,8/8 - FILM,8/8 - FILM,True,True,2,1,19,0
524,17.467,bird,9,word,8/8 - FILM,8/8 - FILM,8/8 - FILM,8/8 - FILM,True,8/8 - FILM,8/8 - FILM,8/8 - FILM,8/8 - FILM,8/8 - FILM,8/8 - FILM,8/8 - FILM,True,8/8 - FILM,8/8 - FILM,True,8/8 - FILM,8/8 - FILM,True,True,2,1,19,0
525,17.5,bird,10,word,1/8 - YOU,1/8 - YOU,1/8 - YOU,1/8 - YOU,True,1/8 - YOU,1/8 - YOU,1/8 - YOU,1/8 - YOU,1/8 - YOU,1/8 - YOU,1/8 - YOU,True,1/8 - YOU,1/8 - YOU,True,1/8 - YOU,1/8 - YOU,True,True,1,1,11,0
526,17.533,bird,10,word,1/8 - YOU,1/8 - YOU,1/8 - YOU,1/8 - YOU,True,1/8 - YOU,1/8 - YOU,1/8 - YOU,1/8 - YOU,1/8 - YOU,1/8 - YOU,1/8 - YOU,True,1/8 - YOU,1/8 - YOU,True,1/8 - YOU,1/8 - YOU,True,True,1,1,17,0
527,17.567,bird,10,word,1/8 - YOU,1/8 - YOU,1/8 - YOU,1/8 - YOU,True,1/8 - YOU,1/8 - YOU,1/8 - YOU,1/8 - YOU,1/8 - YOU,1/8 - YOU,1/8 - YOU,True,1/8 - YOU,1/8 - YOU,True,1/8 - YOU,1/8 - YOU,True,True,1,2,18,0
528,17.6,bird,10,word,1/8 - YOU,1/8 - YOU,1/8 - YOU,1/8 - YOU,True,1/8 - YOU,1/8 - YOU,1/8 - YOU,1/8 - YOU,1/8 - YOU,1/8 - YOU,1/8 - YOU,True,1/8 - YOU,1/8 - YOU,True,1/8 - YOU,1/8 - YOU,True,True,1,2,18,0
529,17.633,bird,10,word,1/8 - YOU,1/8 - YOU,1/8 - YOU,1/8 - YOU,True,1/8 - YOU,1/8 - YOU,1/8 - YOU,1/8 - YOU,1/8 - YOU,1/8 - YOU,1/8 - YOU,True,1/8 - YOU,1/8 - YOU,True,1/8 - YOU,1/8 - YOU,True,True,0,1,18,0
530,17.667,bird,10,word,1/8 - YOU,1/8 - YOU,1/8 - YOU,1/8 - YOU,True,1/8 - YOU,1/8 - YOU,1/8 - YOU,1/8 - YOU,1/8 - YOU,1/8 - YOU,1/8 - YOU,True,1/8 - YOU,1/8 - YOU,True,1/8 - YOU,1/8 - YOU,True,True,0,1,18,0
531,17.7,bird,10,word,1/8 - YOU,1/8 - YOU,1/8 - YOU,1/8 - YOU,True,1/8 - YOU,1/8 - YOU,1/8 - YOU,1/8 - YOU,1/8 - YOU,1/8 - YOU,1/8 - YOU,True,1/8 - YOU,1/8 - YOU,True,1/8 - YOU,1/8 - YOU,True,True,1,2,18,0
532,17.733,bird,10,word,1/8 - YOU,1/8 - YOU,1/8 - YOU,1/8 - YOU,True,1/8 - YOU,1/8 - YOU,1/8 - YOU,1/8 - YOU,1/8 - YOU,1/8 - YOU,1/8 - YOU,True,1/8 - YOU,1/8 - YOU,True,1/8 - YOU,1/8 - YOU,True,True,1,1,18,0
533,17.767,bird,10,word,1/8 - YOU,1/8 - YOU,1/8 - YOU,1/8 - YOU,True,1/8 - YOU,1/8 - YOU,1/8 - YOU,1/8 - YOU,1/8 - YOU,1/8 - YOU,1/8 - YOU,True,1/8 - YOU,1/8 - YOU,True,1/8 - YOU,1/8 - YOU,True,True,1,2,22,0
534,17.8,bird,10,word,1/8 - YOU,1/8 - YOU,1/8 - YOU,1/8 - YOU,True,1/8 - YOU,1/8 - YOU,1/8 - YOU,1/8 - YOU,1/8 - YOU,1/8 - YOU,1/8 - YOU,True,1/8 - YOU,1/8 - YOU,True,1/8 - YOU,1/8 - YOU,True,True,1,3,18,0
535,17.833,bird,10,word,1/8 - YOU,1/8 - YOU,1/8 - YOU,1/8 - YOU,True,1/8 - YOU,1/8 - YOU,1/8 - YOU,1/8 - YOU,1/8 - YOU,1/8 - YOU,1/8 - YOU,True,1/8 - YOU,1/8 - YOU,True,1/8 - YOU,1/8 - YOU,True,True,1,3,20,0
536,17.867,bird,10,word,1/8 - YOU,1/8 - YOU,1/8 - YOU,1/8 - YOU,True,1/8 - YOU,1/8 - YOU,1/8 - YOU,1/8 - YOU,1/8 - YOU,1/8 - YOU,1/8 - YOU,True,1/8 - YOU,1/8 - YOU,True,1/8 - YOU,1/8 - YOU,True,True,0,2,19,0
537,17.9,bird,10,word,1/8 - YOU,1/8 - YOU,1/8 - YOU,1/8 - YOU,True,1/8 - YOU,1/8 - YOU,1/8 - YOU,1/8 - YOU,1/8 - YOU,1/8 - YOU,1/8 - YOU,True,1/8 - YOU,1/8 - YOU,True,1/8 - YOU,1/8 - YOU,True,True,0,2,19,0
538,17.933,bird,10,word,1/8 - YOU,1/8 - YOU,1/8 - YOU,1/8 - YOU,True,1/8 - YOU,1/8 - YOU,1/8 - YOU,1/8 - YOU,1/8 - YOU,1/8 - YOU,1/8 - YOU,True,1/8 - YOU,1/8 - YOU,True,1/8 - YOU,1/8 - YOU,True,True,0,2,20,0
539,17.967,bird,10,word,1/8 - YOU,1/8 - YOU,1/8 - YOU,1/8 - YOU,True,1/8 - YOU,1/8 - YOU,1/8 - YOU,1/8 - YOU,1/8 - YOU,1/8 - YOU,1/8 - YOU,True,1/8 - YOU,1/8 - YOU,True,1/8 - YOU,1/8 - YOU,True,True,0,2,24,0
540,18.0,bird,10,word,1/8 - YOU,1/8 - YOU,1/8 - YOU,1/8 - YOU,True,1/8 - YOU,1/8 - YOU,1/8 - YOU,1/8 - YOU,1/8 - YOU,1/8 - YOU,1/8 - YOU,True,1/8 - YOU,1/8 - YOU,True,1/8 - YOU,1/8 - YOU,True,True,0,1,25,0
541,18.033,bird,10,word,1/8 - YOU,1/8 - YOU,1/8 - YOU,1/8 - YOU,True,1/8 - YOU,1/8 - YOU,1/8 - YOU,1/8 - YOU,1/8 - YOU,1/8 - YOU,1/8 - YOU,True,1/8 - YOU,1/8 - YOU,True,1/8 - YOU,1/8 - YOU,True,True,1,1,24,0
542,18.067,bird,10,word,1/8 - YOU,1/8 - YOU,1/8 - YOU,1/8 - YOU,True,1/8 - YOU,1/8 - YOU,1/8 - YOU,1/8 - YOU,1/8 - YOU,1/8 - YOU,1/8 - YOU,True,1/8 - YOU,1/8 - YOU,True,1/8 - YOU,1/8 - YOU,True,True,1,1,24,0
543,18.1,bird,10,word,1/8 - YOU,1/8 - YOU,1/8 - YOU,1/8 - YOU,True,1/8 - YOU,1/8 - YOU,1/8 - YOU,1/8 - YOU,1/8 - YOU,1/8 - YOU,1/8 - YOU,True,1/8 - YOU,1/8 - YOU,True,1/8 - YOU,1/8 - YOU,True,True,1,1,24,0
544,18.133,bird,10,word,1/8 - YOU,1/8 - YOU,1/8 - YOU,1/8 - YOU,True,1/8 - YOU,1/8 - YOU,1/8 - YOU,1/8 - YOU,1/8 - YOU,1/8 - YOU,1/8 - YOU,True,1/8 - YOU,1/8 - YOU,True,1/8 - YOU,1/8 - YOU,True,True,2,1,24,0
545,18.167,bird,10,word,1/8 - YOU,1/8 - YOU,1/8 - YOU,1/8 - YOU,True,1/8 - YOU,1/8 - YOU,1/8 - YOU,1/8 - YOU,1/8 - YOU,1/8 - YOU,1/8 - YOU,True,1/8 - YOU,1/8 - YOU,True,1/8 - YOU,1/8 - YOU,True,True,2,2,24,0
546,18.2,bird,10,word,1/8 - YOU,1/8 - YOU,1/8 - YOU,1/8 - YOU,True,1/8 - YOU,1/8 - YOU,1/8 - YOU,1/8 - YOU,1/8 - YOU,1/8 - YOU,1/8 - YOU,True,1/8 - YOU,1/8 - YOU,True,1/8 - YOU,1/8 - YOU,True,True,2,1,24,0
547,18.233,bird,10,word,1/8 - YOU,1/8 - YOU,1/8 - YOU,1/8 - YOU,True,1/8 - YOU,1/8 - YOU,1/8 - YOU,1/8 - YOU,1/8 - YOU,1/8 - YOU,1/8 - YOU,True,1/8 - YOU,1/8 - YOU,True,1/8 - YOU,1/8 - YOU,True,True,2,1,26,0
548,18.267,bird,10,word,1/8 - YOU,1/8 - YOU,1/8 - YOU,1/8 - YOU,True,1/8 - YOU,1/8 - YOU,1/8 - YOU,1/8 - YOU,1/8 - YOU,1/8 - YOU,1/8 - YOU,True,1/8 - YOU,1/8 - YOU,True,1/8 - YOU,1/8 - YOU,True,True,1,2,28,0
549,18.3,bird,10,word,1/8 - YOU,1/8 - YOU,1/8 - YOU,1/8 - YOU,True,1/8 - YOU,1/8 - YOU,1/8 - YOU,1/8 - YOU,1/8 - YOU,1/8 - YOU,1/8 - YOU,True,1/8 - YOU,1/8 - YOU,True,1/8 - YOU,1/8 - YOU,True,True,1,2,28,0
550,18.333,bird,10,word,1/8 - YOU,1/8 - YOU,1/8 - YOU,1/8 - YOU,True,1/8 - YOU,1/8 - YOU,1/8 - YOU,1/8 - YOU,1/8 - YOU,1/8 - YOU,1/8 - YOU,True,1/8 - YOU,1/8 - YOU,True,1/8 - YOU,1/8 - YOU,True,True,0,2,34,0
551,18.367,bird,10,word,1/8 - YOU,1/8 - YOU,1/8 - YOU,1/8 - YOU,True,1/8 - YOU,1/8 - YOU,1/8 - YOU,1/8 - YOU,1/8 - YOU,1/8 - YOU,1/8 - YOU,True,1/8 - YOU,1/8 - YOU,True,1/8 - YOU,1/8 - YOU,True,True,0,2,37,0
552,18.4,bird,10,word,1/8 - YOU,1/8 - YOU,1/8 - YOU,1/8 - YOU,True,1/8 - YOU,1/8 - YOU,1/8 - YOU,1/8 - YOU,1/8 - YOU,1/8 - YOU,1/8 - YOU,True,1/8 - YOU,1/8 - YOU,True,1/8 - YOU,1/8 - YOU,True,True,0,1,34,0
553,18.433,bird,10,word,1/8 - YOU,1/8 - YOU,1/8 - YOU,1/8 - YOU,True,1/8 - YOU,1/8 - YOU,1/8 - YOU,1/8 - YOU,1/8 - YOU,1/8 - YOU,1/8 - YOU,True,1/8 - YOU,1/8 - YOU,True,1/8 - YOU,1/8 - YOU,True,True,0,1,34,0
554,18.467,bird,10,word,1/8 - YOU,1/8 - YOU,1/8 - YOU,1/8 - YOU,True,1/8 - YOU,1/8 - YOU,1/8 - YOU,1/8 - YOU,1/8 - YOU,1/8 - YOU,1/8 - YOU,True,1/8 - YOU,1/8 - YOU,True,1/8 - YOU,1/8 - YOU,True,True,1,1,33,0
555,18.5,bird,10,word,1/8 - YOU,1/8 - YOU,1/8 - YOU,1/8 - YOU,True,1/8 - YOU,1/8 - YOU,1/8 - YOU,1/8 - YOU,1/8 - YOU,1/8 - YOU,1/8 - YOU,True,1/8 - YOU,1/8 - YOU,True,1/8 - YOU,1/8 - YOU,True,True,1,2,36,0
556,18.533,bird,10,word,1/8 - YOU,1/8 - YOU,1/8 - YOU,1/8 - YOU,True,1/8 - YOU,1/8 - YOU,1/8 - YOU,1/8 - YOU,1/8 - YOU,1/8 - YOU,1/8 - YOU,True,1/8 - YOU,1/8 - YOU,True,1/8 - YOU,1/8 - YOU,True,True,1,3,36,0
557,18.567,bird,10,word,1/8 - YOU,1/8 - YOU,1/8 - YOU,1/8 - YOU,True,1/8 - YOU,1/8 - YOU,1/8 - YOU,1/8 - YOU,1/8 - YOU,1/8 - YOU,1/8 - YOU,True,1/8 - YOU,1/8 - YOU,True,1/8 - YOU,1/8 - YOU,True,True,2,2,35,0
558,18.6,bird,10,word,1/8 - YOU,1/8 - YOU,1/8 - YOU,1/8 - YOU,True,1/8 - YOU,1/8 - YOU,1/8 - YOU,1/8 - YOU,1/8 - YOU,1/8 - YOU,1/8 - YOU,True,1/8 - YOU,1/8 - YOU,True,1/8 - YOU,1/8 - YOU,True,True,1,2,34,0
559,18.633,bird,10,word,1/8 - YOU,1/8 - YOU,1/8 - YOU,1/8 - YOU,True,1/8 - YOU,1/8 - YOU,1/8 - YOU,1/8 - YOU,1/8 - YOU,1/8 - YOU,1/8 - YOU,True,1/8 - YOU,1/8 - YOU,True,1/8 - YOU,1/8 - YOU,True,True,1,1,35,0
560,18.667,bird,10,word,1/8 - YOU,1/8 - YOU,1/8 - YOU,1/8 - YOU,True,1/8 - YOU,1/8 - YOU,1/8 - YOU,1/8 - YOU,1/8 - YOU,1/8 - YOU,1/8 - YOU,True,1/8 - YOU,1/8 - YOU,True,1/8 - YOU,1/8 - YOU,True,True,1,1,28,0
561,18.7,bird,10,word,1/8 - YOU,1/8 - YOU,1/8 - YOU,1/8 - YOU,True,1/8 - YOU,1/8 - YOU,1/8 - YOU,1/8 - YOU,1/8 - YOU,1/8 - YOU,1/8 - YOU,True,1/8 - YOU,1/8 - YOU,True,1/8 - YOU,1/8 - YOU,True,True,1,1,36,0
562,18.733,bird,10,word,1/8 - YOU,1/8 - YOU,1/8 - YOU,1/8 - YOU,True,1/8 - YOU,1/8 - YOU,1/8 - YOU,1/8 - YOU,1/8 - YOU,1/8 - YOU,1/8 - YOU,True,1/8 - YOU,1/8 - YOU,True,1/8 - YOU,1/8 - YOU,True,True,1,1,36,0
563,18.767,bird,10,word,1/8 - YOU,1/8 - YOU,1/8 - YOU,1/8 - YOU,True,1/8 - YOU,1/8 - YOU,1/8 - YOU,1/8 - YOU,1/8 - YOU,1/8 - YOU,1/8 - YOU,True,1/8 - YOU,1/8 - YOU,True,1/8 - YOU,1/8 - YOU,True,True,2,1,35,0
564,18.8,bird,10,word,1/8 - YOU,1/8 - YOU,1/8 - YOU,1/8 - YOU,True,1/8 - YOU,1/8 - YOU,1/8 - YOU,1/8 - YOU,1/8 - YOU,1/8 - YOU,1/8 - YOU,True,1/8 - YOU,1/8 - YOU,True,1/8 - YOU,1/8 - YOU,True,True,2,1,32,0
565,18.833,bird,10,word,1/8 - YOU,1/8 - YOU,1/8 - YOU,1/8 - YOU,True,1/8 - YOU,1/8 - YOU,1/8 - YOU,1/8 - YOU,1/8 - YOU,1/8 - YOU,1/8 - YOU,True,1/8 - YOU,1/8 - YOU,True,1/8 - YOU,1/8 - YOU,True,True,1,1,31,0
566,18.867,bird,10,word,1/8 - YOU,1/8 - YOU,1/8 - YOU,1/8 - YOU,True,1/8 - YOU,1/8 - YOU,1/8 - YOU,1/8 - YOU,1/8 - YOU,1/8 - YOU,1/8 - YOU,True,1/8 - YOU,1/8 - YOU,True,1/8 - YOU,1/8 - YOU,True,True,1,1,30,0
567,18.9,bird,10,word,1/8 - YOU,1/8 - YOU,1/8 - YOU,1/8 - YOU,True,1/8 - YOU,1/8 - YOU,1/8 - YOU,1/8 - YOU,1/8 - YOU,1/8 - YOU,1/8 - YOU,True,1/8 - YOU,1/8 - YOU,True,1/8 - YOU,1/8 - YOU,True,True,1,1,24,0
568,18.933,bird,10,word,1/8 - YOU,1/8 - YOU,1/8 - YOU,1/8 - YOU,True,1/8 - YOU,1/8 - YOU,1/8 - YOU,1/8 - YOU,1/8 - YOU,1/8 - YOU,1/8 - YOU,True,1/8 - YOU,1/8 - YOU,True,1/8 - YOU,1/8 - YOU,True,True,1,1,26,0
569,18.967,bird,10,word,1/8 - YOU,1/8 - YOU,1/8 - YOU,1/8 - YOU,True,1/8 - YOU,1/8 - YOU,1/8 - YOU,1/8 - YOU,1/8 - YOU,1/8 - YOU,1/8 - YOU,True,1/8 - YOU,1/8 - YOU,True,1/8 - YOU,1/8 - YOU,True,True,1,1,25,0
570,19.0,bird,11,word,2/8 - FOUND,2/8 - FOUND,2/8 - FOUND,2/8 - FOUND,True,2/8 - FOUND,2/8 - FOUND,2/8 - FOUND,2/8 - FOUND,2/8 - FOUND,2/8 - FOUND,2/8 - FOUND,True,2/8 - FOUND,2/8 - FOUND,True,2/8 - FOUND,2/8 - FOUND,True,True,2,3,18,0
571,19.033,bird,11,word,2/8 - FOUND,2/8 - FOUND,2/8 - FOUND,2/8 - FOUND,True,2/8 - FOUND,2/8 - FOUND,2/8 - FOUND,2/8 - FOUND,2/8 - FOUND,2/8 - FOUND,2/8 - FOUND,True,2/8 - FOUND,2/8 - FOUND,True,2/8 - FOUND,2/8 - FOUND,True,True,2,3,18,0
572,19.067,bird,11,word,2/8 - FOUND,2/8 - FOUND,2/8 - FOUND,2/8 - FOUND,True,2/8 - FOUND,2/8 - FOUND,2/8 - FOUND,2/8 - FOUND,2/8 - FOUND,2/8 - FOUND,2/8 - FOUND,True,2/8 - FOUND,2/8 - FOUND,True,2/8 - FOUND,2/8 - FOUND,True,True,2,2,18,0
573,19.1,bird,11,word,2/8 - FOUND,2/8 - FOUND,2/8 - FOUND,2/8 - FOUND,True,2/8 - FOUND,2/8 - FOUND,2/8 - FOUND,2/8 - FOUND,2/8 - FOUND,2/8 - FOUND,2/8 - FOUND,True,2/8 - FOUND,2/8 - FOUND,True,2/8 - FOUND,2/8 - FOUND,True,True,2,2,18,0
574,19.133,bird,11,word,2/8 - FOUND,2/8 - FOUND,2/8 - FOUND,2/8 - FOUND,True,2/8 - FOUND,2/8 - FOUND,2/8 - FOUND,2/8 - FOUND,2/8 - FOUND,2/8 - FOUND,2/8 - FOUND,True,2/8 - FOUND,2/8 - FOUND,True,2/8 - FOUND,2/8 - FOUND,True,True,2,2,18,0
575,19.167,bird,11,word,2/8 - FOUND,2/8 - FOUND,2/8 - FOUND,2/8 - FOUND,True,2/8 - FOUND,2/8 - FOUND,2/8 - FOUND,2/8 - FOUND,2/8 - FOUND,2/8 - FOUND,2/8 - FOUND,True,2/8 - FOUND,2/8 - FOUND,True,2/8 - FOUND,2/8 - FOUND,True,True,1,2,18,0
576,19.2,bird,11,word,2/8 - FOUND,2/8 - FOUND,2/8 - FOUND,2/8 - FOUND,True,2/8 - FOUND,2/8 - FOUND,2/8 - FOUND,2/8 - FOUND,2/8 - FOUND,2/8 - FOUND,2/8 - FOUND,True,2/8 - FOUND,2/8 - FOUND,True,2/8 - FOUND,2/8 - FOUND,True,True,2,2,18,0
577,19.233,bird,11,word,2/8 - FOUND,2/8 - FOUND,2/8 - FOUND,2/8 - FOUND,True,2/8 - FOUND,2/8 - FOUND,2/8 - FOUND,2/8 - FOUND,2/8 - FOUND,2/8 - FOUND,2/8 - FOUND,True,2/8 - FOUND,2/8 - FOUND,True,2/8 - FOUND,2/8 - FOUND,True,True,2,2,11,0
578,19.267,bird,11,word,2/8 - FOUND,2/8 - FOUND,2/8 - FOUND,2/8 - FOUND,True,2/8 - FOUND,2/8 - FOUND,2/8 - FOUND,2/8 - FOUND,2/8 - FOUND,2/8 - FOUND,2/8 - FOUND,True,2/8 - FOUND,2/8 - FOUND,True,2/8 - FOUND,2/8 - FOUND,True,True,2,2,7,0
579,19.3,bird,11,word,2/8 - FOUND,2/8 - FOUND,2/8 - FOUND,2/8 - FOUND,True,2/8 - FOUND,2/8 - FOUND,2/8 - FOUND,2/8 - FOUND,2/8 - FOUND,2/8 - FOUND,2/8 - FOUND,True,2/8 - FOUND,2/8 - FOUND,True,2/8 - FOUND,2/8 - FOUND,True,True,2,2,0,0
580,19.333,bird,11,word,2/8 - FOUND,2/8 - FOUND,2/8 - FOUND,2/8 - FOUND,True,2/8 - FOUND,2/8 - FOUND,2/8 - FOUND,2/8 - FOUND,2/8 - FOUND,2/8 - FOUND,2/8 - FOUND,True,2/8 - FOUND,2/8 - FOUND,True,2/8 - FOUND,2/8 - FOUND,True,True,2,2,0,0
581,19.367,bird,11,word,2/8 - FOUND,2/8 - FOUND,2/8 - FOUND,2/8 - FOUND,True,2/8 - FOUND,2/8 - FOUND,2/8 - FOUND,2/8 - FOUND,2/8 - FOUND,2/8 - FOUND,2/8 - FOUND,True,2/8 - FOUND,2/8 - FOUND,True,2/8 - FOUND,2/8 - FOUND,True,True,2,2,0,0
582,19.4,bird,11,word,2/8 - FOUND,2/8 - FOUND,2/8 - FOUND,2/8 - FOUND,True,2/8 - FOUND,2/8 - FOUND,2/8 - FOUND,2/8 - FOUND,2/8 - FOUND,2/8 - FOUND,2/8 - FOUND,True,2/8 - FOUND,2/8 - FOUND,True,2/8 - FOUND,2/8 - FOUND,True,True,2,2,0,0
583,19.433,bird,11,word,2/8 - FOUND,2/8 - FOUND,2/8 - FOUND,2/8 - FOUND,True,2/8 - FOUND,2/8 - FOUND,2/8 - FOUND,2/8 - FOUND,2/8 - FOUND,2/8 - FOUND,2/8 - FOUND,True,2/8 - FOUND,2/8 - FOUND,True,2/8 - FOUND,2/8 - FOUND,True,True,2,2,0,0
584,19.467,bird,11,word,2/8 - FOUND,2/8 - FOUND,2/8 - FOUND,2/8 - FOUND,True,2/8 - FOUND,2/8 - FOUND,2/8 - FOUND,2/8 - FOUND,2/8 - FOUND,2/8 - FOUND,2/8 - FOUND,True,2/8 - FOUND,2/8 - FOUND,True,2/8 - FOUND,2/8 - FOUND,True,True,2,2,0,0
585,19.5,bird,11,word,2/8 - FOUND,2/8 - FOUND,2/8 - FOUND,2/8 - FOUND,True,2/8 - FOUND,2/8 - FOUND,2/8 - FOUND,2/8 - FOUND,2/8 - FOUND,2/8 - FOUND,2/8 - FOUND,True,2/8 - FOUND,2/8 - FOUND,True,2/8 - FOUND,2/8 - FOUND,True,True,1,2,0,0
586,19.533,bird,11,word,2/8 - FOUND,2/8 - FOUND,2/8 - FOUND,2/8 - FOUND,True,2/8 - FOUND,2/8 - FOUND,2/8 - FOUND,2/8 - FOUND,2/8 - FOUND,2/8 - FOUND,2/8 - FOUND,True,2/8 - FOUND,2/8 - FOUND,True,2/8 - FOUND,2/8 - FOUND,True,True,1,2,0,0
587,19.567,bird,11,word,2/8 - FOUND,2/8 - FOUND,2/8 - FOUND,2/8 - FOUND,True,2/8 - FOUND,2/8 - FOUND,2/8 - FOUND,2/8 - FOUND,2/8 - FOUND,2/8 - FOUND,2/8 - FOUND,True,2/8 - FOUND,2/8 - FOUND,True,2/8 - FOUND,2/8 - FOUND,True,True,1,2,0,0
588,19.6,bird,11,word,2/8 - FOUND,2/8 - FOUND,2/8 - FOUND,2/8 - FOUND,True,2/8 - FOUND,2/8 - FOUND,2/8 - FOUND,2/8 - FOUND,2/8 - FOUND,2/8 - FOUND,2/8 - FOUND,True,2/8 - FOUND,2/8 - FOUND,True,2/8 - FOUND,2/8 - FOUND,True,True,1,2,0,0
589,19.633,bird,11,word,2/8 - FOUND,2/8 - FOUND,2/8 - FOUND,2/8 - FOUND,True,2/8 - FOUND,2/8 - FOUND,2/8 - FOUND,2/8 - FOUND,2/8 - FOUND,2/8 - FOUND,2/8 - FOUND,True,2/8 - FOUND,2/8 - FOUND,True,2/8 - FOUND,2/8 - FOUND,True,True,1,1,0,0
590,19.667,bird,11,word,2/8 - FOUND,2/8 - FOUND,2/8 - FOUND,2/8 - FOUND,True,2/8 - FOUND,2/8 - FOUND,2/8 - FOUND,2/8 - FOUND,2/8 - FOUND,2/8 - FOUND,2/8 - FOUND,True,2/8 - FOUND,2/8 - FOUND,True,2/8 - FOUND,2/8 - FOUND,True,True,1,1,0,0
591,19.7,bird,11,word,2/8 - FOUND,2/8 - FOUND,2/8 - FOUND,2/8 - FOUND,True,2/8 - FOUND,2/8 - FOUND,2/8 - FOUND,2/8 - FOUND,2/8 - FOUND,2/8 - FOUND,2/8 - FOUND,True,2/8 - FOUND,2/8 - FOUND,True,2/8 - FOUND,2/8 - FOUND,True,True,1,1,0,0
592,19.733,bird,11,word,2/8 - FOUND,2/8 - FOUND,2/8 - FOUND,2/8 - FOUND,True,2/8 - FOUND,2/8 - FOUND,2/8 - FOUND,2/8 - FOUND,2/8 - FOUND,2/8 - FOUND,2/8 - FOUND,True,2/8 - FOUND,2/8 - FOUND,True,2/8 - FOUND,2/8 - FOUND,True,True,1,1,0,0
593,19.767,bird,11,word,2/8 - FOUND,2/8 - FOUND,2/8 - FOUND,2/8 - FOUND,True,2/8 - FOUND,2/8 - FOUND,2/8 - FOUND,2/8 - FOUND,2/8 - FOUND,2/8 - FOUND,2/8 - FOUND,True,2/8 - FOUND,2/8 - FOUND,True,2/8 - FOUND,2/8 - FOUND,True,True,1,1,0,0
594,19.8,bird,11,word,2/8 - FOUND,2/8 - FOUND,2/8 - FOUND,2/8 - FOUND,True,2/8 - FOUND,2/8 - FOUND,2/8 - FOUND,2/8 - FOUND,2/8 - FOUND,2/8 - FOUND,2/8 - FOUND,True,2/8 - FOUND,2/8 - FOUND,True,2/8 - FOUND,2/8 - FOUND,True,True,1,1,0,0
595,19.833,bird,11,word,2/8 - FOUND,2/8 - FOUND,2/8 - FOUND,2/8 - FOUND,True,2/8 - FOUND,2/8 - FOUND,2/8 - FOUND,2/8 - FOUND,2/8 - FOUND,2/8 - FOUND,2/8 - FOUND,True,2/8 - FOUND,2/8 - FOUND,True,2/8 - FOUND,2/8 - FOUND,True,True,1,1,0,0
596,19.867,bird,11,word,2/8 - FOUND,2/8 - FOUND,2/8 - FOUND,2/8 - FOUND,True,2/8 - FOUND,2/8 - FOUND,2/8 - FOUND,2/8 - FOUND,2/8 - FOUND,2/8 - FOUND,2/8 - FOUND,True,2/8 - FOUND,2/8 - FOUND,True,2/8 - FOUND,2/8 - FOUND,True,True,2,2,2,0
597,19.9,bird,11,word,2/8 - FOUND,2/8 - FOUND,2/8 - FOUND,2/8 - FOUND,True,2/8 - FOUND,2/8 - FOUND,2/8 - FOUND,2/8 - FOUND,2/8 - FOUND,2/8 - FOUND,2/8 - FOUND,True,2/8 - FOUND,2/8 - FOUND,True,2/8 - FOUND,2/8 - FOUND,True,True,2,1,8,0
598,19.933,bird,11,word,2/8 - FOUND,2/8 - FOUND,2/8 - FOUND,2/8 - FOUND,True,2/8 - FOUND,2/8 - FOUND,2/8 - FOUND,2/8 - FOUND,2/8 - FOUND,2/8 - FOUND,2/8 - FOUND,True,2/8 - FOUND,2/8 - FOUND,True,2/8 - FOUND,2/8 - FOUND,True,True,2,1,8,0
599,19.967,bird,11,word,2/8 - FOUND,2/8 - FOUND,2/8 - FOUND,2/8 - FOUND,True,2/8 - FOUND,2/8 - FOUND,2/8 - FOUND,2/8 - FOUND,2/8 - FOUND,2/8 - FOUND,2/8 - FOUND,True,2/8 - FOUND,2/8 - FOUND,True,2/8 - FOUND,2/8 - FOUND,True,True,2,1,12,0
600,20.0,bird,11,word,2/8 - FOUND,2/8 - FOUND,2/8 - FOUND,2/8 - FOUND,True,2/8 - FOUND,2/8 - FOUND,2/8 - FOUND,2/8 - FOUND,2/8 - FOUND,2/8 - FOUND,2/8 - FOUND,True,2/8 - FOUND,2/8 - FOUND,True,2/8 - FOUND,2/8 - FOUND,True,True,2,2,17,0
601,20.033,bird,11,word,2/8 - FOUND,2/8 - FOUND,2/8 - FOUND,2/8 - FOUND,True,2/8 - FOUND,2/8 - FOUND,2/8 - FOUND,2/8 - FOUND,2/8 - FOUND,2/8 - FOUND,2/8 - FOUND,True,2/8 - FOUND,2/8 - FOUND,True,2/8 - FOUND,2/8 - FOUND,True,True,2,2,18,0
602,20.067,bird,11,word,2/8 - FOUND,2/8 - FOUND,2/8 - FOUND,2/8 - FOUND,True,2/8 - FOUND,2/8 - FOUND,2/8 - FOUND,2/8 - FOUND,2/8 - FOUND,2/8 - FOUND,2/8 - FOUND,True,2/8 - FOUND,2/8 - FOUND,True,2/8 - FOUND,2/8 - FOUND,True,True,2,2,19,0
603,20.1,bird,11,word,2/8 - FOUND,2/8 - FOUND,2/8 - FOUND,2/8 - FOUND,True,2/8 - FOUND,2/8 - FOUND,2/8 - FOUND,2/8 - FOUND,2/8 - FOUND,2/8 - FOUND,2/8 - FOUND,True,2/8 - FOUND,2/8 - FOUND,True,2/8 - FOUND,2/8 - FOUND,True,True,1,1,24,0
604,20.133,bird,11,word,2/8 - FOUND,2/8 - FOUND,2/8 - FOUND,2/8 - FOUND,True,2/8 - FOUND,2/8 - FOUND,2/8 - FOUND,2/8 - FOUND,2/8 - FOUND,2/8 - FOUND,2/8 - FOUND,True,2/8 - FOUND,2/8 - FOUND,True,2/8 - FOUND,2/8 - FOUND,True,True,2,2,26,0
605,20.167,bird,11,word,2/8 - FOUND,2/8 - FOUND,2/8 - FOUND,2/8 - FOUND,True,2/8 - FOUND,2/8 - FOUND,2/8 - FOUND,2/8 - FOUND,2/8 - FOUND,2/8 - FOUND,2/8 - FOUND,True,2/8 - FOUND,2/8 - FOUND,True,2/8 - FOUND,2/8 - FOUND,True,True,1,1,26,0
606,20.2,bird,11,word,2/8 - FOUND,2/8 - FOUND,2/8 - FOUND,2/8 - FOUND,True,2/8 - FOUND,2/8 - FOUND,2/8 - FOUND,2/8 - FOUND,2/8 - FOUND,2/8 - FOUND,2/8 - FOUND,True,2/8 - FOUND,2/8 - FOUND,True,2/8 - FOUND,2/8 - FOUND,True,True,1,1,26,0
607,20.233,bird,11,word,2/8 - FOUND,2/8 - FOUND,2/8 - FOUND,2/8 - FOUND,True,2/8 - FOUND,2/8 - FOUND,2/8 - FOUND,2/8 - FOUND,2/8 - FOUND,2/8 - FOUND,2/8 - FOUND,True,2/8 - FOUND,2/8 - FOUND,True,2/8 - FOUND,2/8 - FOUND,True,True,1,1,27,0
608,20.267,bird,11,word,2/8 - FOUND,2/8 - FOUND,2/8 - FOUND,2/8 - FOUND,True,2/8 - FOUND,2/8 - FOUND,2/8 - FOUND,2/8 - FOUND,2/8 - FOUND,2/8 - FOUND,2/8 - FOUND,True,2/8 - FOUND,2/8 - FOUND,True,2/8 - FOUND,2/8 - FOUND,True,True,1,1,27,0
609,20.3,bird,11,word,2/8 - FOUND,2/8 - FOUND,2/8 - FOUND,2/8 - FOUND,True,2/8 - FOUND,2/8 - FOUND,2/8 - FOUND,2/8 - FOUND,2/8 - FOUND,2/8 - FOUND,2/8 - FOUND,True,2/8 - FOUND,2/8 - FOUND,True,2/8 - FOUND,2/8 - FOUND,True,True,1,1,27,0
610,20.333,bird,11,word,2/8 - FOUND,2/8 - FOUND,2/8 - FOUND,2/8 - FOUND,True,2/8 - FOUND,2/8 - FOUND,2/8 - FOUND,2/8 - FOUND,2/8 - FOUND,2/8 - FOUND,2/8 - FOUND,True,2/8 - FOUND,2/8 - FOUND,True,2/8 - FOUND,2/8 - FOUND,True,True,2,2,25,0
611,20.367,bird,11,word,2/8 - FOUND,2/8 - FOUND,2/8 - FOUND,2/8 - FOUND,True,2/8 - FOUND,2/8 - FOUND,2/8 - FOUND,2/8 - FOUND,2/8 - FOUND,2/8 - FOUND,2/8 - FOUND,True,2/8 - FOUND,2/8 - FOUND,True,2/8 - FOUND,2/8 - FOUND,True,True,2,2,21,0
612,20.4,bird,11,word,2/8 - FOUND,2/8 - FOUND,2/8 - FOUND,2/8 - FOUND,True,2/8 - FOUND,2/8 - FOUND,2/8 - FOUND,2/8 - FOUND,2/8 - FOUND,2/8 - FOUND,2/8 - FOUND,True,2/8 - FOUND,2/8 - FOUND,True,2/8 - FOUND,2/8 - FOUND,True,True,2,2,20,0
613,20.433,bird,11,word,2/8 - FOUND,2/8 - FOUND,2/8 - FOUND,2/8 - FOUND,True,2/8 - FOUND,2/8 - FOUND,2/8 - FOUND,2/8 - FOUND,2/8 - FOUND,2/8 - FOUND,2/8 - FOUND,True,2/8 - FOUND,2/8 - FOUND,True,2/8 - FOUND,2/8 - FOUND,True,True,2,2,13,0
614,20.467,bird,11,word,2/8 - FOUND,2/8 - FOUND,2/8 - FOUND,2/8 - FOUND,True,2/8 - FOUND,2/8 - FOUND,2/8 - FOUND,2/8 - FOUND,2/8 - FOUND,2/8 - FOUND,2/8 - FOUND,True,2/8 - FOUND,2/8 - FOUND,True,2/8 - FOUND,2/8 - FOUND,True,True,2,2,13,0
615,20.5,bird,12,word,3/8 - THE,3/8 - THE,3/8 - THE,3/8 - THE,True,3/8 - THE,3/8 - THE,3/8 - THE,3/8 - THE,3/8 - THE,3/8 - THE,3/8 - THE,True,3/8 - THE,3/8 - THE,True,3/8 - THE,3/8 - THE,True,True,2,1,38,0
616,20.533,bird,12,word,3/8 - THE,3/8 - THE,3/8 - THE,3/8 - THE,True,3/8 - THE,3/8 - THE,3/8 - THE,3/8 - THE,3/8 - THE,3/8 - THE,3/8 - THE,True,3/8 - THE,3/8 - THE,True,3/8 - THE,3/8 - THE,True,True,2,0,38,0
617,20.567,bird,12,word,3/8 - THE,3/8 - THE,3/8 - THE,3/8 - THE,True,3/8 - THE,3/8 - THE,3/8 - THE,3/8 - THE,3/8 - THE,3/8 - THE,3/8 - THE,True,3/8 - THE,3/8 - THE,True,3/8 - THE,3/8 - THE,True,True,1,0,39,0
618,20.6,bird,12,word,3/8 - THE,3/8 - THE,3/8 - THE,3/8 - THE,True,3/8 - THE,3/8 - THE,3/8 - THE,3/8 - THE,3/8 - THE,3/8 - THE,3/8 - THE,True,3/8 - THE,3/8 - THE,True,3/8 - THE,3/8 - THE,True,True,1,0,40,0
619,20.633,bird,12,word,3/8 - THE,3/8 - THE,3/8 - THE,3/8 - THE,True,3/8 - THE,3/8 - THE,3/8 - THE,3/8 - THE,3/8 - THE,3/8 - THE,3/8 - THE,True,3/8 - THE,3/8 - THE,True,3/8 - THE,3/8 - THE,True,True,2,0,40,0
620,20.667,bird,12,word,3/8 - THE,3/8 - THE,3/8 - THE,3/8 - THE,True,3/8 - THE,3/8 - THE,3/8 - THE,3/8 - THE,3/8 - THE,3/8 - THE,3/8 - THE,True,3/8 - THE,3/8 - THE,True,3/8 - THE,3/8 - THE,True,True,2,1,40,0
621,20.7,bird,12,word,3/8 - THE,3/8 - THE,3/8 - THE,3/8 - THE,True,3/8 - THE,3/8 - THE,3/8 - THE,3/8 - THE,3/8 - THE,3/8 - THE,3/8 - THE,True,3/8 - THE,3/8 - THE,True,3/8 - THE,3/8 - THE,True,True,1,0,41,0
622,20.733,bird,12,word,3/8 - THE,3/8 - THE,3/8 - THE,3/8 - THE,True,3/8 - THE,3/8 - THE,3/8 - THE,3/8 - THE,3/8 - THE,3/8 - THE,3/8 - THE,True,3/8 - THE,3/8 - THE,True,3/8 - THE,3/8 - THE,True,True,2,0,47,0
623,20.767,bird,12,word,3/8 - THE,3/8 - THE,3/8 - THE,3/8 - THE,True,3/8 - THE,3/8 - THE,3/8 - THE,3/8 - THE,3/8 - THE,3/8 - THE,3/8 - THE,True,3/8 - THE,3/8 - THE,True,3/8 - THE,3/8 - THE,True,True,1,0,48,0
624,20.8,bird,12,word,3/8 - THE,3/8 - THE,3/8 - THE,3/8 - THE,True,3/8 - THE,3/8 - THE,3/8 - THE,3/8 - THE,3/8 - THE,3/8 - THE,3/8 - THE,True,3/8 - THE,3/8 - THE,True,3/8 - THE,3/8 - THE,True,True,2,1,52,0
625,20.833,bird,12,word,3/8 - THE,3/8 - THE,3/8 - THE,3/8 - THE,True,3/8 - THE,3/8 - THE,3/8 - THE,3/8 - THE,3/8 - THE,3/8 - THE,3/8 - THE,True,3/8 - THE,3/8 - THE,True,3/8 - THE,3/8 - THE,True,True,2,2,52,0
626,20.867,bird,12,word,3/8 - THE,3/8 - THE,3/8 - THE,3/8 - THE,True,3/8 - THE,3/8 - THE,3/8 - THE,3/8 - THE,3/8 - THE,3/8 - THE,3/8 - THE,True,3/8 - THE,3/8 - THE,True,3/8 - THE,3/8 - THE,True,True,2,2,50,0
627,20.9,bird,12,word,3/8 - THE,3/8 - THE,3/8 - THE,3/8 - THE,True,3/8 - THE,3/8 - THE,3/8 - THE,3/8 - THE,3/8 - THE,3/8 - THE,3/8 - THE,True,3/8 - THE,3/8 - THE,True,3/8 - THE,3/8 - THE,True,True,2,1,51,0
628,20.933,bird,12,word,3/8 - THE,3/8 - THE,3/8 - THE,3/8 - THE,True,3/8 - THE,3/8 - THE,3/8 - THE,3/8 - THE,3/8 - THE,3/8 - THE,3/8 - THE,True,3/8 - THE,3/8 - THE,True,3/8 - THE,3/8 - THE,True,True,1,1,53,0
629,20.967,bird,12,word,3/8 - THE,3/8 - THE,3/8 - THE,3/8 - THE,True,3/8 - THE,3/8 - THE,3/8 - THE,3/8 - THE,3/8 - THE,3/8 - THE,3/8 - THE,True,3/8 - THE,3/8 - THE,True,3/8 - THE,3/8 - THE,True,True,1,0,48,0
630,21.0,bird,12,word,3/8 - THE,3/8 - THE,3/8 - THE,3/8 - THE,True,3/8 - THE,3/8 - THE,3/8 - THE,3/8 - THE,3/8 - THE,3/8 - THE,3/8 - THE,True,3/8 - THE,3/8 - THE,True,3/8 - THE,3/8 - THE,True,True,1,0,48,0
631,21.033,bird,12,word,3/8 - THE,3/8 - THE,3/8 - THE,3/8 - THE,True,3/8 - THE,3/8 - THE,3/8 - THE,3/8 - THE,3/8 - THE,3/8 - THE,3/8 - THE,True,3/8 - THE,3/8 - THE,True,3/8 - THE,3/8 - THE,True,True,1,0,46,0
632,21.067,bird,12,word,3/8 - THE,3/8 - THE,3/8 - THE,3/8 - THE,True,3/8 - THE,3/8 - THE,3/8 - THE,3/8 - THE,3/8 - THE,3/8 - THE,3/8 - THE,True,3/8 - THE,3/8 - THE,True,3/8 - THE,3/8 - THE,True,True,1,0,44,0
633,21.1,bird,12,word,3/8 - THE,3/8 - THE,3/8 - THE,3/8 - THE,True,3/8 - THE,3/8 - THE,3/8 - THE,3/8 - THE,3/8 - THE,3/8 - THE,3/8 - THE,True,3/8 - THE,3/8 - THE,True,3/8 - THE,3/8 - THE,True,True,1,0,45,0
634,21.133,bird,12,word,3/8 - THE,3/8 - THE,3/8 - THE,3/8 - THE,True,3/8 - THE,3/8 - THE,3/8 - THE,3/8 - THE,3/8 - THE,3/8 - THE,3/8 - THE,True,3/8 - THE,3/8 - THE,True,3/8 - THE,3/8 - THE,True,True,1,0,45,0
635,21.167,bird,12,word,3/8 - THE,3/8 - THE,3/8 - THE,3/8 - THE,True,3/8 - THE,3/8 - THE,3/8 - THE,3/8 - THE,3/8 - THE,3/8 - THE,3/8 - THE,True,3/8 - THE,3/8 - THE,True,3/8 - THE,3/8 - THE,True,True,1,0,39,0
636,21.2,bird,12,word,3/8 - THE,3/8 - THE,3/8 - THE,3/8 - THE,True,3/8 - THE,3/8 - THE,3/8 - THE,3/8 - THE,3/8 - THE,3/8 - THE,3/8 - THE,True,3/8 - THE,3/8 - THE,True,3/8 - THE,3/8 - THE,True,True,1,0,39,0
637,21.233,bird,12,word,3/8 - THE,3/8 - THE,3/8 - THE,3/8 - THE,True,3/8 - THE,3/8 - THE,3/8 - THE,3/8 - THE,3/8 - THE,3/8 - THE,3/8 - THE,True,3/8 - THE,3/8 - THE,True,3/8 - THE,3/8 - THE,True,True,1,1,39,0
638,21.267,bird,12,word,3/8 - THE,3/8 - THE,3/8 - THE,3/8 - THE,True,3/8 - THE,3/8 - THE,3/8 - THE,3/8 - THE,3/8 - THE,3/8 - THE,3/8 - THE,True,3/8 - THE,3/8 - THE,True,3/8 - THE,3/8 - THE,True,True,0,0,37,0
639,21.3,bird,12,word,3/8 - THE,3/8 - THE,3/8 - THE,3/8 - THE,True,3/8 - THE,3/8 - THE,3/8 - THE,3/8 - THE,3/8 - THE,3/8 - THE,3/8 - THE,True,3/8 - THE,3/8 - THE,True,3/8 - THE,3/8 - THE,True,True,1,1,41,0
640,21.333,bird,12,word,3/8 - THE,3/8 - THE,3/8 - THE,3/8 - THE,True,3/8 - THE,3/8 - THE,3/8 - THE,3/8 - THE,3/8 - THE,3/8 - THE,3/8 - THE,True,3/8 - THE,3/8 - THE,True,3/8 - THE,3/8 - THE,True,True,1,0,40,0
641,21.367,bird,12,word,3/8 - THE,3/8 - THE,3/8 - THE,3/8 - THE,True,3/8 - THE,3/8 - THE,3/8 - THE,3/8 - THE,3/8 - THE,3/8 - THE,3/8 - THE,True,3/8 - THE,3/8 - THE,True,3/8 - THE,3/8 - THE,True,True,1,0,41,0
642,21.4,bird,12,word,3/8 - THE,3/8 - THE,3/8 - THE,3/8 - THE,True,3/8 - THE,3/8 - THE,3/8 - THE,3/8 - THE,3/8 - THE,3/8 - THE,3/8 - THE,True,3/8 - THE,3/8 - THE,True,3/8 - THE,3/8 - THE,True,True,2,1,41,0
643,21.433,bird,12,word,3/8 - THE,3/8 - THE,3/8 - THE,3/8 - THE,True,3/8 - THE,3/8 - THE,3/8 - THE,3/8 - THE,3/8 - THE,3/8 - THE,3/8 - THE,True,3/8 - THE,3/8 - THE,True,3/8 - THE,3/8 - THE,True,True,2,1,38,0
644,21.467,bird,12,word,3/8 - THE,3/8 - THE,3/8 - THE,3/8 - THE,True,3/8 - THE,3/8 - THE,3/8 - THE,3/8 - THE,3/8 - THE,3/8 - THE,3/8 - THE,True,3/8 - THE,3/8 - THE,True,3/8 - THE,3/8 - THE,True,True,2,1,36,0
645,21.5,bird,12,word,3/8 - THE,3/8 - THE,3/8 - THE,3/8 - THE,True,3/8 - THE,3/8 - THE,3/8 - THE,3/8 - THE,3/8 - THE,3/8 - THE,3/8 - THE,True,3/8 - THE,3/8 - THE,True,3/8 - THE,3/8 - THE,True,True,2,1,34,0
646,21.533,bird,12,word,3/8 - THE,3/8 - THE,3/8 - THE,3/8 - THE,True,3/8 - THE,3/8 - THE,3/8 - THE,3/8 - THE,3/8 - THE,3/8 - THE,3/8 - THE,True,3/8 - THE,3/8 - THE,True,3/8 - THE,3/8 - THE,True,True,2,1,34,0
647,21.567,bird,12,word,3/8 - THE,3/8 - THE,3/8 - THE,3/8 - THE,True,3/8 - THE,3/8 - THE,3/8 - THE,3/8 - THE,3/8 - THE,3/8 - THE,3/8 - THE,True,3/8 - THE,3/8 - THE,True,3/8 - THE,3/8 - THE,True,True,2,1,34,0
648,21.6,bird,12,word,3/8 - THE,3/8 - THE,3/8 - THE,3/8 - THE,True,3/8 - THE,3/8 - THE,3/8 - THE,3/8 - THE,3/8 - THE,3/8 - THE,3/8 - THE,True,3/8 - THE,3/8 - THE,True,3/8 - THE,3/8 - THE,True,True,2,1,40,0
649,21.633,bird,12,word,3/8 - THE,3/8 - THE,3/8 - THE,3/8 - THE,True,3/8 - THE,3/8 - THE,3/8 - THE,3/8 - THE,3/8 - THE,3/8 - THE,3/8 - THE,True,3/8 - THE,3/8 - THE,True,3/8 - THE,3/8 - THE,True,True,2,1,38,0
650,21.667,bird,12,word,3/8 - THE,3/8 - THE,3/8 - THE,3/8 - THE,True,3/8 - THE,3/8 - THE,3/8 - THE,3/8 - THE,3/8 - THE,3/8 - THE,3/8 - THE,True,3/8 - THE,3/8 - THE,True,3/8 - THE,3/8 - THE,True,True,2,1,37,0
651,21.7,bird,12,word,3/8 - THE,3/8 - THE,3/8 - THE,3/8 - THE,True,3/8 - THE,3/8 - THE,3/8 - THE,3/8 - THE,3/8 - THE,3/8 - THE,3/8 - THE,True,3/8 - THE,3/8 - THE,True,3/8 - THE,3/8 - THE,True,True,2,1,37,0
652,21.733,bird,12,word,3/8 - THE,3/8 - THE,3/8 - THE,3/8 - THE,True,3/8 - THE,3/8 - THE,3/8 - THE,3/8 - THE,3/8 - THE,3/8 - THE,3/8 - THE,True,3/8 - THE,3/8 - THE,True,3/8 - THE,3/8 - THE,True,True,1,1,35,0
653,21.767,bird,12,word,3/8 - THE,3/8 - THE,3/8 - THE,3/8 - THE,True,3/8 - THE,3/8 - THE,3/8 - THE,3/8 - THE,3/8 - THE,3/8 - THE,3/8 - THE,True,3/8 - THE,3/8 - THE,True,3/8 - THE,3/8 - THE,True,True,1,1,38,0
654,21.8,bird,12,word,3/8 - THE,3/8 - THE,3/8 - THE,3/8 - THE,True,3/8 - THE,3/8 - THE,3/8 - THE,3/8 - THE,3/8 - THE,3/8 - THE,3/8 - THE,True,3/8 - THE,3/8 - THE,True,3/8 - THE,3/8 - THE,True,True,2,1,35,0
655,21.833,bird,12,word,3/8 - THE,3/8 - THE,3/8 - THE,3/8 - THE,True,3/8 - THE,3/8 - THE,3/8 - THE,3/8 - THE,3/8 - THE,3/8 - THE,3/8 - THE,True,3/8 - THE,3/8 - THE,True,3/8 - THE,3/8 - THE,True,True,1,1,31,0
656,21.867,bird,12,word,3/8 - THE,3/8 - THE,3/8 - THE,3/8 - THE,True,3/8 - THE,3/8 - THE,3/8 - THE,3/8 - THE,3/8 - THE,3/8 - THE,3/8 - THE,True,3/8 - THE,3/8 - THE,True,3/8 - THE,3/8 - THE,True,True,2,2,31,0
657,21.9,bird,12,word,3/8 - THE,3/8 - THE,3/8 - THE,3/8 - THE,True,3/8 - THE,3/8 - THE,3/8 - THE,3/8 - THE,3/8 - THE,3/8 - THE,3/8 - THE,True,3/8 - THE,3/8 - THE,True,3/8 - THE,3/8 - THE,True,True,2,2,30,0
658,21.933,bird,12,word,3/8 - THE,3/8 - THE,3/8 - THE,3/8 - THE,True,3/8 - THE,3/8 - THE,3/8 - THE,3/8 - THE,3/8 - THE,3/8 - THE,3/8 - THE,True,3/8 - THE,3/8 - THE,True,3/8 - THE,3/8 - THE,True,True,2,1,29,0
659,21.967,bird,12,word,3/8 - THE,3/8 - THE,3/8 - THE,3/8 - THE,True,3/8 - THE,3/8 - THE,3/8 - THE,3/8 - THE,3/8 - THE,3/8 - THE,3/8 - THE,True,3/8 - THE,3/8 - THE,True,3/8 - THE,3/8 - THE,True,True,1,1,29,0
660,22.0,bird,13,word,4/8 - MESSAGE,4/8 - MESSAGE,4/8 - MESSAGE,4/8 - MESSAGE,True,4/8 - MESSAGE,4/8 - MESSAGE,4/8 - MESSAGE,4/8 - MESSAGE,4/8 - MESSAGE,4/8 - MESSAGE,4/8 - MESSAGE,True,4/8 - MESSAGE,4/8 - MESSAGE,True,4/8 - MESSAGE,4/8 - MESSAGE,True,True,2,2,20,0
661,22.033,bird,13,word,4/8 - MESSAGE,4/8 - MESSAGE,4/8 - MESSAGE,4/8 - MESSAGE,True,4/8 - MESSAGE,4/8 - MESSAGE,4/8 - MESSAGE,4/8 - MESSAGE,4/8 - MESSAGE,4/8 - MESSAGE,4/8 - MESSAGE,True,4/8 - MESSAGE,4/8 - MESSAGE,True,4/8 - MESSAGE,4/8 - MESSAGE,True,True,2,2,22,0
662,22.067,bird,13,word,4/8 - MESSAGE,4/8 - MESSAGE,4/8 - MESSAGE,4/8 - MESSAGE,True,4/8 - MESSAGE,4/8 - MESSAGE,4/8 - MESSAGE,4/8 - MESSAGE,4/8 - MESSAGE,4/8 - MESSAGE,4/8 - MESSAGE,True,4/8 - MESSAGE,4/8 - MESSAGE,True,4/8 - MESSAGE,4/8 - MESSAGE,True,True,2,1,22,0
663,22.1,bird,13,word,4/8 - MESSAGE,4/8 - MESSAGE,4/8 - MESSAGE,4/8 - MESSAGE,True,4/8 - MESSAGE,4/8 - MESSAGE,4/8 - MESSAGE,4/8 - MESSAGE,4/8 - MESSAGE,4/8 - MESSAGE,4/8 - MESSAGE,True,4/8 - MESSAGE,4/8 - MESSAGE,True,4/8 - MESSAGE,4/8 - MESSAGE,True,True,2,1,25,0
664,22.133,bird,13,word,4/8 - MESSAGE,4/8 - MESSAGE,4/8 - MESSAGE,4/8 - MESSAGE,True,4/8 - MESSAGE,4/8 - MESSAGE,4/8 - MESSAGE,4/8 - MESSAGE,4/8 - MESSAGE,4/8 - MESSAGE,4/8 - MESSAGE,True,4/8 - MESSAGE,4/8 - MESSAGE,True,4/8 - MESSAGE,4/8 - MESSAGE,True,True,2,2,29,0
665,22.167,bird,13,word,4/8 - MESSAGE,4/8 - MESSAGE,4/8 - MESSAGE,4/8 - MESSAGE,True,4/8 - MESSAGE,4/8 - MESSAGE,4/8 - MESSAGE,4/8 - MESSAGE,4/8 - MESSAGE,4/8 - MESSAGE,4/8 - MESSAGE,True,4/8 - MESSAGE,4/8 - MESSAGE,True,4/8 - MESSAGE,4/8 - MESSAGE,True,True,2,2,29,0
666,22.2,bird,13,word,4/8 - MESSAGE,4/8 - MESSAGE,4/8 - MESSAGE,4/8 - MESSAGE,True,4/8 - MESSAGE,4/8 - MESSAGE,4/8 - MESSAGE,4/8 - MESSAGE,4/8 - MESSAGE,4/8 - MESSAGE,4/8 - MESSAGE,True,4/8 - MESSAGE,4/8 - MESSAGE,True,4/8 - MESSAGE,4/8 - MESSAGE,True,True,2,2,29,0
667,22.233,bird,13,word,4/8 - MESSAGE,4/8 - MESSAGE,4/8 - MESSAGE,4/8 - MESSAGE,True,4/8 - MESSAGE,4/8 - MESSAGE,4/8 - MESSAGE,4/8 - MESSAGE,4/8 - MESSAGE,4/8 - MESSAGE,4/8 - MESSAGE,True,4/8 - MESSAGE,4/8 - MESSAGE,True,4/8 - MESSAGE,4/8 - MESSAGE,True,True,2,2,25,0
668,22.267,bird,13,word,4/8 - MESSAGE,4/8 - MESSAGE,4/8 - MESSAGE,4/8 - MESSAGE,True,4/8 - MESSAGE,4/8 - MESSAGE,4/8 - MESSAGE,4/8 - MESSAGE,4/8 - MESSAGE,4/8 - MESSAGE,4/8 - MESSAGE,True,4/8 - MESSAGE,4/8 - MESSAGE,True,4/8 - MESSAGE,4/8 - MESSAGE,True,True,2,2,24,0
669,22.3,bird,13,word,4/8 - MESSAGE,4/8 - MESSAGE,4/8 - MESSAGE,4/8 - MESSAGE,True,4/8 - MESSAGE,4/8 - MESSAGE,4/8 - MESSAGE,4/8 - MESSAGE,4/8 - MESSAGE,4/8 - MESSAGE,4/8 - MESSAGE,True,4/8 - MESSAGE,4/8 - MESSAGE,True,4/8 - MESSAGE,4/8 - MESSAGE,True,True,2,2,26,0
670,22.333,bird,13,word,4/8 - MESSAGE,4/8 - MESSAGE,4/8 - MESSAGE,4/8 - MESSAGE,True,4/8 - MESSAGE,4/8 - MESSAGE,4/8 - MESSAGE,4/8 - MESSAGE,4/8 - MESSAGE,4/8 - MESSAGE,4/8 - MESSAGE,True,4/8 - MESSAGE,4/8 - MESSAGE,True,4/8 - MESSAGE,4/8 - MESSAGE,True,True,2,2,24,0
671,22.367,bird,13,word,4/8 - MESSAGE,4/8 - MESSAGE,4/8 - MESSAGE,4/8 - MESSAGE,True,4/8 - MESSAGE,4/8 - MESSAGE,4/8 - MESSAGE,4/8 - MESSAGE,4/8 - MESSAGE,4/8 - MESSAGE,4/8 - MESSAGE,True,4/8 - MESSAGE,4/8 - MESSAGE,True,4/8 - MESSAGE,4/8 - MESSAGE,True,True,2,2,23,0
672,22.4,bird,13,word,4/8 - MESSAGE,4/8 - MESSAGE,4/8 - MESSAGE,4/8 - MESSAGE,True,4/8 - MESSAGE,4/8 - MESSAGE,4/8 - MESSAGE,4/8 - MESSAGE,4/8 - MESSAGE,4/8 - MESSAGE,4/8 - MESSAGE,True,4/8 - MESSAGE,4/8 - MESSAGE,True,4/8 - MESSAGE,4/8 - MESSAGE,True,True,2,2,22,0
673,22.433,bird,13,word,4/8 - MESSAGE,4/8 - MESSAGE,4/8 - MESSAGE,4/8 - MESSAGE,True,4/8 - MESSAGE,4/8 - MESSAGE,4/8 - MESSAGE,4/8 - MESSAGE,4/8 - MESSAGE,4/8 - MESSAGE,4/8 - MESSAGE,True,4/8 - MESSAGE,4/8 - MESSAGE,True,4/8 - MESSAGE,4/8 - MESSAGE,True,True,2,2,23,0
674,22.467,bird,13,word,4/8 - MESSAGE,4/8 - MESSAGE,4/8 - MESSAGE,4/8 - MESSAGE,True,4/8 - MESSAGE,4/8 - MESSAGE,4/8 - MESSAGE,4/8 - MESSAGE,4/8 - MESSAGE,4/8 - MESSAGE,4/8 - MESSAGE,True,4/8 - MESSAGE,4/8 - MESSAGE,True,4/8 - MESSAGE,4/8 - MESSAGE,True,True,2,2,19,0
675,22.5,bird,13,word,4/8 - MESSAGE,4/8 - MESSAGE,4/8 - MESSAGE,4/8 - MESSAGE,True,4/8 - MESSAGE,4/8 - MESSAGE,4/8 - MESSAGE,4/8 - MESSAGE,4/8 - MESSAGE,4/8 - MESSAGE,4/8 - MESSAGE,True,4/8 - MESSAGE,4/8 - MESSAGE,True,4/8 - MESSAGE,4/8 - MESSAGE,True,True,2,2,18,0
676,22.533,bird,13,word,4/8 - MESSAGE,4/8 - MESSAGE,4/8 - MESSAGE,4/8 - MESSAGE,True,4/8 - MESSAGE,4/8 - MESSAGE,4/8 - MESSAGE,4/8 - MESSAGE,4/8 - MESSAGE,4/8 - MESSAGE,4/8 - MESSAGE,True,4/8 - MESSAGE,4/8 - MESSAGE,True,4/8 - MESSAGE,4/8 - MESSAGE,True,True,2,2,19,0
677,22.567,bird,13,word,4/8 - MESSAGE,4/8 - MESSAGE,4/8 - MESSAGE,4/8 - MESSAGE,True,4/8 - MESSAGE,4/8 - MESSAGE,4/8 - MESSAGE,4/8 - MESSAGE,4/8 - MESSAGE,4/8 - MESSAGE,4/8 - MESSAGE,True,4/8 - MESSAGE,4/8 - MESSAGE,True,4/8 - MESSAGE,4/8 - MESSAGE,True,True,2,2,22,0
678,22.6,bird,13,word,4/8 - MESSAGE,4/8 - MESSAGE,4/8 - MESSAGE,4/8 - MESSAGE,True,4/8 - MESSAGE,4/8 - MESSAGE,4/8 - MESSAGE,4/8 - MESSAGE,4/8 - MESSAGE,4/8 - MESSAGE,4/8 - MESSAGE,True,4/8 - MESSAGE,4/8 - MESSAGE,True,4/8 - MESSAGE,4/8 - MESSAGE,True,True,2,2,24,0
679,22.633,bird,13,word,4/8 - MESSAGE,4/8 - MESSAGE,4/8 - MESSAGE,4/8 - MESSAGE,True,4/8 - MESSAGE,4/8 - MESSAGE,4/8 - MESSAGE,4/8 - MESSAGE,4/8 - MESSAGE,4/8 - MESSAGE,4/8 - MESSAGE,True,4/8 - MESSAGE,4/8 - MESSAGE,True,4/8 - MESSAGE,4/8 - MESSAGE,True,True,2,2,27,0
680,22.667,bird,13,word,4/8 - MESSAGE,4/8 - MESSAGE,4/8 - MESSAGE,4/8 - MESSAGE,True,4/8 - MESSAGE,4/8 - MESSAGE,4/8 - MESSAGE,4/8 - MESSAGE,4/8 - MESSAGE,4/8 - MESSAGE,4/8 - MESSAGE,True,4/8 - MESSAGE,4/8 - MESSAGE,True,4/8 - MESSAGE,4/8 - MESSAGE,True,True,2,2,27,0
681,22.7,bird,13,word,4/8 - MESSAGE,4/8 - MESSAGE,4/8 - MESSAGE,4/8 - MESSAGE,True,4/8 - MESSAGE,4/8 - MESSAGE,4/8 - MESSAGE,4/8 - MESSAGE,4/8 - MESSAGE,4/8 - MESSAGE,4/8 - MESSAGE,True,4/8 - MESSAGE,4/8 - MESSAGE,True,4/8 - MESSAGE,4/8 - MESSAGE,True,True,2,1,27,0
682,22.733,bird,13,word,4/8 - MESSAGE,4/8 - MESSAGE,4/8 - MESSAGE,4/8 - MESSAGE,True,4/8 - MESSAGE,4/8 - MESSAGE,4/8 - MESSAGE,4/8 - MESSAGE,4/8 - MESSAGE,4/8 - MESSAGE,4/8 - MESSAGE,True,4/8 - MESSAGE,4/8 - MESSAGE,True,4/8 - MESSAGE,4/8 - MESSAGE,True,True,2,1,23,0
683,22.767,bird,13,word,4/8 - MESSAGE,4/8 - MESSAGE,4/8 - MESSAGE,4/8 - MESSAGE,True,4/8 - MESSAGE,4/8 - MESSAGE,4/8 - MESSAGE,4/8 - MESSAGE,4/8 - MESSAGE,4/8 - MESSAGE,4/8 - MESSAGE,True,4/8 - MESSAGE,4/8 - MESSAGE,True,4/8 - MESSAGE,4/8 - MESSAGE,True,True,1,1,23,0
684,22.8,bird,13,word,4/8 - MESSAGE,4/8 - MESSAGE,4/8 - MESSAGE,4/8 - MESSAGE,True,4/8 - MESSAGE,4/8 - MESSAGE,4/8 - MESSAGE,4/8 - MESSAGE,4/8 - MESSAGE,4/8 - MESSAGE,4/8 - MESSAGE,True,4/8 - MESSAGE,4/8 - MESSAGE,True,4/8 - MESSAGE,4/8 - MESSAGE,True,True,1,1,24,0
685,22.833,bird,13,word,4/8 - MESSAGE,4/8 - MESSAGE,4/8 - MESSAGE,4/8 - MESSAGE,True,4/8 - MESSAGE,4/8 - MESSAGE,4/8 - MESSAGE,4/8 - MESSAGE,4/8 - MESSAGE,4/8 - MESSAGE,4/8 - MESSAGE,True,4/8 - MESSAGE,4/8 - MESSAGE,True,4/8 - MESSAGE,4/8 - MESSAGE,True,True,1,1,24,0
686,22.867,bird,13,word,4/8 - MESSAGE,4/8 - MESSAGE,4/8 - MESSAGE,4/8 - MESSAGE,True,4/8 - MESSAGE,4/8 - MESSAGE,4/8 - MESSAGE,4/8 - MESSAGE,4/8 - MESSAGE,4/8 - MESSAGE,4/8 - MESSAGE,True,4/8 - MESSAGE,4/8 - MESSAGE,True,4/8 - MESSAGE,4/8 - MESSAGE,True,True,1,1,24,0
687,22.9,bird,13,word,4/8 - MESSAGE,4/8 - MESSAGE,4/8 - MESSAGE,4/8 - MESSAGE,True,4/8 - MESSAGE,4/8 - MESSAGE,4/8 - MESSAGE,4/8 - MESSAGE,4/8 - MESSAGE,4/8 - MESSAGE,4/8 - MESSAGE,True,4/8 - MESSAGE,4/8 - MESSAGE,True,4/8 - MESSAGE,4/8 - MESSAGE,True,True,1,1,24,0
688,22.933,bird,13,word,4/8 - MESSAGE,4/8 - MESSAGE,4/8 - MESSAGE,4/8 - MESSAGE,True,4/8 - MESSAGE,4/8 - MESSAGE,4/8 - MESSAGE,4/8 - MESSAGE,4/8 - MESSAGE,4/8 - MESSAGE,4/8 - MESSAGE,True,4/8 - MESSAGE,4/8 - MESSAGE,True,4/8 - MESSAGE,4/8 - MESSAGE,True,True,1,1,24,0
689,22.967,bird,13,word,4/8 - MESSAGE,4/8 - MESSAGE,4/8 - MESSAGE,4/8 - MESSAGE,True,4/8 - MESSAGE,4/8 - MESSAGE,4/8 - MESSAGE,4/8 - MESSAGE,4/8 - MESSAGE,4/8 - MESSAGE,4/8 - MESSAGE,True,4/8 - MESSAGE,4/8 - MESSAGE,True,4/8 - MESSAGE,4/8 - MESSAGE,True,True,1,1,25,0
690,23.0,bird,13,word,4/8 - MESSAGE,4/8 - MESSAGE,4/8 - MESSAGE,4/8 - MESSAGE,True,4/8 - MESSAGE,4/8 - MESSAGE,4/8 - MESSAGE,4/8 - MESSAGE,4/8 - MESSAGE,4/8 - MESSAGE,4/8 - MESSAGE,True,4/8 - MESSAGE,4/8 - MESSAGE,True,4/8 - MESSAGE,4/8 - MESSAGE,True,True,1,1,23,0
691,23.033,bird,13,word,4/8 - MESSAGE,4/8 - MESSAGE,4/8 - MESSAGE,4/8 - MESSAGE,True,4/8 - MESSAGE,4/8 - MESSAGE,4/8 - MESSAGE,4/8 - MESSAGE,4/8 - MESSAGE,4/8 - MESSAGE,4/8 - MESSAGE,True,4/8 - MESSAGE,4/8 - MESSAGE,True,4/8 - MESSAGE,4/8 - MESSAGE,True,True,1,1,23,0
692,23.067,bird,13,word,4/8 - MESSAGE,4/8 - MESSAGE,4/8 - MESSAGE,4/8 - MESSAGE,True,4/8 - MESSAGE,4/8 - MESSAGE,4/8 - MESSAGE,4/8 - MESSAGE,4/8 - MESSAGE,4/8 - MESSAGE,4/8 - MESSAGE,True,4/8 - MESSAGE,4/8 - MESSAGE,True,4/8 - MESSAGE,4/8 - MESSAGE,True,True,1,1,20,0
693,23.1,bird,13,word,4/8 - MESSAGE,4/8 - MESSAGE,4/8 - MESSAGE,4/8 - MESSAGE,True,4/8 - MESSAGE,4/8 - MESSAGE,4/8 - MESSAGE,4/8 - MESSAGE,4/8 - MESSAGE,4/8 - MESSAGE,4/8 - MESSAGE,True,4/8 - MESSAGE,4/8 - MESSAGE,True,4/8 - MESSAGE,4/8 - MESSAGE,True,True,1,1,20,0
694,23.133,bird,13,word,4/8 - MESSAGE,4/8 - MESSAGE,4/8 - MESSAGE,4/8 - MESSAGE,True,4/8 - MESSAGE,4/8 - MESSAGE,4/8 - MESSAGE,4/8 - MESSAGE,4/8 - MESSAGE,4/8 - MESSAGE,4/8 - MESSAGE,True,4/8 - MESSAGE,4/8 - MESSAGE,True,4/8 - MESSAGE,4/8 - MESSAGE,True,True,1,1,18,0
695,23.167,bird,13,word,4/8 - MESSAGE,4/8 - MESSAGE,4/8 - MESSAGE,4/8 - MESSAGE,True,4/8 - MESSAGE,4/8 - MESSAGE,4/8 - MESSAGE,4/8 - MESSAGE,4/8 - MESSAGE,4/8 - MESSAGE,4/8 - MESSAGE,True,4/8 - MESSAGE,4/8 - MESSAGE,True,4/8 - MESSAGE,4/8 - MESSAGE,True,True,1,1,21,0
696,23.2,bird,13,word,4/8 - MESSAGE,4/8 - MESSAGE,4/8 - MESSAGE,4/8 - MESSAGE,True,4/8 - MESSAGE,4/8 - MESSAGE,4/8 - MESSAGE,4/8 - MESSAGE,4/8 - MESSAGE,4/8 - MESSAGE,4/8 - MESSAGE,True,4/8 - MESSAGE,4/8 - MESSAGE,True,4/8 - MESSAGE,4/8 - MESSAGE,True,True,1,1,20,0
697,23.233,bird,13,word,4/8 - MESSAGE,4/8 - MESSAGE,4/8 - MESSAGE,4/8 - MESSAGE,True,4/8 - MESSAGE,4/8 - MESSAGE,4/8 - MESSAGE,4/8 - MESSAGE,4/8 - MESSAGE,4/8 - MESSAGE,4/8 - MESSAGE,True,4/8 - MESSAGE,4/8 - MESSAGE,True,4/8 - MESSAGE,4/8 - MESSAGE,True,True,1,2,18,0
698,23.267,bird,13,word,4/8 - MESSAGE,4/8 - MESSAGE,4/8 - MESSAGE,4/8 - MESSAGE,True,4/8 - MESSAGE,4/8 - MESSAGE,4/8 - MESSAGE,4/8 - MESSAGE,4/8 - MESSAGE,4/8 - MESSAGE,4/8 - MESSAGE,True,4/8 - MESSAGE,4/8 - MESSAGE,True,4/8 - MESSAGE,4/8 - MESSAGE,True,True,2,2,17,0
699,23.3,bird,13,word,4/8 - MESSAGE,4/8 - MESSAGE,4/8 - MESSAGE,4/8 - MESSAGE,True,4/8 - MESSAGE,4/8 - MESSAGE,4/8 - MESSAGE,4/8 - MESSAGE,4/8 - MESSAGE,4/8 - MESSAGE,4/8 - MESSAGE,True,4/8 - MESSAGE,4/8 - MESSAGE,True,4/8 - MESSAGE,4/8 - MESSAGE,True,True,2,2,17,0
700,23.333,bird,13,word,4/8 - MESSAGE,4/8 - MESSAGE,4/8 - MESSAGE,4/8 - MESSAGE,True,4/8 - MESSAGE,4/8 - MESSAGE,4/8 - MESSAGE,4/8 - MESSAGE,4/8 - MESSAGE,4/8 - MESSAGE,4/8 - MESSAGE,True,4/8 - MESSAGE,4/8 - MESSAGE,True,4/8 - MESSAGE,4/8 - MESSAGE,True,True,1,2,17,0
701,23.367,bird,13,word,4/8 - MESSAGE,4/8 - MESSAGE,4/8 - MESSAGE,4/8 - MESSAGE,True,4/8 - MESSAGE,4/8 - MESSAGE,4/8 - MESSAGE,4/8 - MESSAGE,4/8 - MESSAGE,4/8 - MESSAGE,4/8 - MESSAGE,True,4/8 - MESSAGE,4/8 - MESSAGE,True,4/8 - MESSAGE,4/8 - MESSAGE,True,True,1,2,17,0
702,23.4,bird,13,word,4/8 - MESSAGE,4/8 - MESSAGE,4/8 - MESSAGE,4/8 - MESSAGE,True,4/8 - MESSAGE,4/8 - MESSAGE,4/8 - MESSAGE,4/8 - MESSAGE,4/8 - MESSAGE,4/8 - MESSAGE,4/8 - MESSAGE,True,4/8 - MESSAGE,4/8 - MESSAGE,True,4/8 - MESSAGE,4/8 - MESSAGE,True,True,1,1,16,0
703,23.433,bird,13,word,4/8 - MESSAGE,4/8 - MESSAGE,4/8 - MESSAGE,4/8 - MESSAGE,True,4/8 - MESSAGE,4/8 - MESSAGE,4/8 - MESSAGE,4/8 - MESSAGE,4/8 - MESSAGE,4/8 - MESSAGE,4/8 - MESSAGE,True,4/8 - MESSAGE,4/8 - MESSAGE,True,4/8 - MESSAGE,4/8 - MESSAGE,True,True,1,1,15,0
704,23.467,bird,13,word,4/8 - MESSAGE,4/8 - MESSAGE,4/8 - MESSAGE,4/8 - MESSAGE,True,4/8 - MESSAGE,4/8 - MESSAGE,4/8 - MESSAGE,4/8 - MESSAGE,4/8 - MESSAGE,4/8 - MESSAGE,4/8 - MESSAGE,True,4/8 - MESSAGE,4/8 - MESSAGE,True,4/8 - MESSAGE,4/8 - MESSAGE,True,True,1,1,15,0
705,23.5,bird,14,bonus,This bird is made of data.,This bird is made of data.,This bird is made of data.,This bird is made of data.,True,This bird is made of data.,This bird is made of data.,This bird is made of data.,This bird is made of data.,This bird is made of data.,This bird is made of data.,This bird is made of data.,True,This bird is made of data.,This bird is made of data.,True,This bird is made of data.,This bird is made of data.,True,True,0,3,13,0
706,23.533,bird,14,bonus,This bird is made of data.,This bird is made of data.,This bird is made of data.,This bird is made of data.,True,This bird is made of data.,This bird is made of data.,This bird is made of data.,This bird is made of data.,This bird is made of data.,This bird is made of data.,This bird is made of data.,True,This bird is made of data.,This bird is made of data.,True,This bird is made of data.,This bird is made of data.,True,True,0,3,13,0
707,23.567,bird,14,bonus,This bird is made of data.,This bird is made of data.,This bird is made of data.,This bird is made of data.,True,This bird is made of data.,This bird is made of data.,This bird is made of data.,This bird is made of data.,This bird is made of data.,This bird is made of data.,This bird is made of data.,True,This bird is made of data.,This bird is made of data.,True,This bird is made of data.,This bird is made of data.,True,True,0,1,14,0
708,23.6,bird,14,bonus,This bird is made of data.,This bird is made of data.,This bird is made of data.,This bird is made of data.,True,This bird is made of data.,This bird is made of data.,This bird is made of data.,This bird is made of data.,This bird is made of data.,This bird is made of data.,This bird is made of data.,True,This bird is made of data.,This bird is made of data.,True,This bird is made of data.,This bird is made of data.,True,True,1,2,14,0
709,23.633,bird,14,bonus,This bird is made of data.,This bird is made of data.,This bird is made of data.,This bird is made of data.,True,This bird is made of data.,This bird is made of data.,This bird is made of data.,This bird is made of data.,This bird is made of data.,This bird is made of data.,This bird is made of data.,True,This bird is made of data.,This bird is made of data.,True,This bird is made of data.,This bird is made of data.,True,True,0,1,15,0
710,23.667,bird,14,bonus,This bird is made of data.,This bird is made of data.,This bird is made of data.,This bird is made of data.,True,This bird is made of data.,This bird is made of data.,This bird is made of data.,This bird is made of data.,This bird is made of data.,This bird is made of data.,This bird is made of data.,True,This bird is made of data.,This bird is made of data.,True,This bird is made of data.,This bird is made of data.,True,True,0,1,15,0
711,23.7,bird,14,bonus,This bird is made of data.,This bird is made of data.,This bird is made of data.,This bird is made of data.,True,This bird is made of data.,This bird is made of data.,This bird is made of data.,This bird is made of data.,This bird is made of data.,This bird is made of data.,This bird is made of data.,True,This bird is made of data.,This bird is made of data.,True,This bird is made of data.,This bird is made of data.,True,True,0,1,15,0
712,23.733,bird,14,bonus,This bird is made of data.,This bird is made of data.,This bird is made of data.,This bird is made of data.,True,This bird is made of data.,This bird is made of data.,This bird is made of data.,This bird is made of data.,This bird is made of data.,This bird is made of data.,This bird is made of data.,True,This bird is made of data.,This bird is made of data.,True,This bird is made of data.,This bird is made of data.,True,True,1,1,15,0
713,23.767,bird,14,bonus,This bird is made of data.,This bird is made of data.,This bird is made of data.,This bird is made of data.,True,This bird is made of data.,This bird is made of data.,This bird is made of data.,This bird is made of data.,This bird is made of data.,This bird is made of data.,This bird is made of data.,True,This bird is made of data.,This bird is made of data.,True,This bird is made of data.,This bird is made of data.,True,True,0,1,15,0
714,23.8,bird,14,bonus,This bird is made of data.,This bird is made of data.,This bird is made of data.,This bird is made of data.,True,This bird is made of data.,This bird is made of data.,This bird is made of data.,This bird is made of data.,This bird is made of data.,This bird is made of data.,This bird is made of data.,True,This bird is made of data.,This bird is made of data.,True,This bird is made of data.,This bird is made of data.,True,True,0,1,15,0
715,23.833,bird,14,bonus,This bird is made of data.,This bird is made of data.,This bird is made of data.,This bird is made of data.,True,This bird is made of data.,This bird is made of data.,This bird is made of data.,This bird is made of data.,This bird is made of data.,This bird is made of data.,This bird is made of data.,True,This bird is made of data.,This bird is made of data.,True,This bird is made of data.,This bird is made of data.,True,True,0,1,15,0
716,23.867,bird,14,bonus,This bird is made of data.,This bird is made of data.,This bird is made of data.,This bird is made of data.,True,This bird is made of data.,This bird is made of data.,This bird is made of data.,This bird is made of data.,This bird is made of data.,This bird is made of data.,This bird is made of data.,True,This bird is made of data.,This bird is made of data.,True,This bird is made of data.,This bird is made of data.,True,True,0,1,15,0
717,23.9,bird,14,bonus,This bird is made of data.,This bird is made of data.,This bird is made of data.,This bird is made of data.,True,This bird is made of data.,This bird is made of data.,This bird is made of data.,This bird is made of data.,This bird is made of data.,This bird is made of data.,This bird is made of data.,True,This bird is made of data.,This bird is made of data.,True,This bird is made of data.,This bird is made of data.,True,True,0,1,15,0
718,23.933,bird,14,bonus,This bird is made of data.,This bird is made of data.,This bird is made of data.,This bird is made of data.,True,This bird is made of data.,This bird is made of data.,This bird is made of data.,This bird is made of data.,This bird is made of data.,This bird is made of data.,This bird is made of data.,True,This bird is made of data.,This bird is made of data.,True,This bird is made of data.,This bird is made of data.,True,True,0,1,15,0
719,23.967,bird,14,bonus,This bird is made of data.,This bird is made of data.,This bird is made of data.,This bird is made of data.,True,This bird is made of data.,This bird is made of data.,This bird is made of data.,This bird is made of data.,This bird is made of data.,This bird is made of data.,This bird is made of data.,True,This bird is made of data.,This bird is made of data.,True,This bird is made of data.,This bird is made of data.,True,True,0,1,16,0
720,24.0,sea,14,bonus,This bird is made of data.,This bird is made of data.,This bird is made of data.,This bird is made of data.,True,This bird is made of data.,This bird is made of data.,This bird is made of data.,This bird is made of data.,This bird is made of data.,This bird is made of data.,This bird is made of data.,True,This bird is made of data.,This bird is made of data.,True,This bird is made of data.,This bird is made of data.,True,True,1,2,16,0
721,24.033,sea,14,bonus,This bird is made of data.,This bird is made of data.,This bird is made of data.,This bird is made of data.,True,This bird is made of data.,This bird is made of data.,This bird is made of data.,This bird is made of data.,This bird is made of data.,This bird is made of data.,This bird is made of data.,True,This bird is made of data.,This bird is made of data.,True,This bird is made of data.,This bird is made of data.,True,True,1,2,16,0
722,24.067,sea,14,bonus,This bird is made of data.,This bird is made of data.,This bird is made of data.,This bird is made of data.,True,This bird is made of data.,This bird is made of data.,This bird is made of data.,This bird is made of data.,This bird is made of data.,This bird is made of data.,This bird is made of data.,True,This bird is made of data.,This bird is made of data.,True,This bird is made of data.,This bird is made of data.,True,True,1,2,16,0
723,24.1,sea,14,bonus,This bird is made of data.,This bird is made of data.,This bird is made of data.,This bird is made of data.,True,This bird is made of data.,This bird is made of data.,This bird is made of data.,This bird is made of data.,This bird is made of data.,This bird is made of data.,This bird is made of data.,True,This bird is made of data.,This bird is made of data.,True,This bird is made of data.,This bird is made of data.,True,True,1,2,17,0
724,24.133,sea,14,bonus,This bird is made of data.,This bird is made of data.,This bird is made of data.,This bird is made of data.,True,This bird is made of data.,This bird is made of data.,This bird is made of data.,This bird is made of data.,This bird is made of data.,This bird is made of data.,This bird is made of data.,True,This bird is made of data.,This bird is made of data.,True,This bird is made of data.,This bird is made of data.,True,True,1,3,17,0
725,24.167,sea,14,bonus,This bird is made of data.,This bird is made of data.,This bird is made of data.,This bird is made of data.,True,This bird is made of data.,This bird is made of data.,This bird is made of data.,This bird is made of data.,This bird is made of data.,This bird is made of data.,This bird is made of data.,True,This bird is made of data.,This bird is made of data.,True,This bird is made of data.,This bird is made of data.,True,True,1,2,21,0
726,24.2,sea,14,bonus,This bird is made of data.,This bird is made of data.,This bird is made of data.,This bird is made of data.,True,This bird is made of data.,This bird is made of data.,This bird is made of data.,This bird is made of data.,This bird is made of data.,This bird is made of data.,This bird is made of data.,True,This bird is made of data.,This bird is made of data.,True,This bird is made of data.,This bird is made of data.,True,True,2,2,20,0
727,24.233,sea,14,bonus,This bird is made of data.,This bird is made of data.,This bird is made of data.,This bird is made of data.,True,This bird is made of data.,This bird is made of data.,This bird is made of data.,This bird is made of data.,This bird is made of data.,This bird is made of data.,This bird is made of data.,True,This bird is made of data.,This bird is made of data.,True,This bird is made of data.,This bird is made of data.,True,True,1,2,16,0
728,24.267,sea,14,bonus,This bird is made of data.,This bird is made of data.,This bird is made of data.,This bird is made of data.,True,This bird is made of data.,This bird is made of data.,This bird is made of data.,This bird is made of data.,This bird is made of data.,This bird is made of data.,This bird is made of data.,True,This bird is made of data.,This bird is made of data.,True,This bird is made of data.,This bird is made of data.,True,True,1,1,18,0
729,24.3,sea,14,bonus,This bird is made of data.,This bird is made of data.,This bird is made of data.,This bird is made of data.,True,This bird is made of data.,This bird is made of data.,This bird is made of data.,This bird is made of data.,This bird is made of data.,This bird is made of data.,This bird is made of data.,True,This bird is made of data.,This bird is made of data.,True,This bird is made of data.,This bird is made of data.,True,True,1,1,17,0
730,24.333,sea,14,bonus,This bird is made of data.,This bird is made of data.,This bird is made of data.,This bird is made of data.,True,This bird is made of data.,This bird is made of data.,This bird is made of data.,This bird is made of data.,This bird is made of data.,This bird is made of data.,This bird is made of data.,True,This bird is made of data.,This bird is made of data.,True,This bird is made of data.,This bird is made of data.,True,True,1,1,19,0
731,24.367,sea,14,bonus,This bird is made of data.,This bird is made of data.,This bird is made of data.,This bird is made of data.,True,This bird is made of data.,This bird is made of data.,This bird is made of data.,This bird is made of data.,This bird is made of data.,This bird is made of data.,This bird is made of data.,True,This bird is made of data.,This bird is made of data.,True,This bird is made of data.,This bird is made of data.,True,True,1,1,20,0
732,24.4,sea,14,bonus,This bird is made of data.,This bird is made of data.,This bird is made of data.,This bird is made of data.,True,This bird is made of data.,This bird is made of data.,This bird is made of data.,This bird is made of data.,This bird is made of data.,This bird is made of data.,This bird is made of data.,True,This bird is made of data.,This bird is made of data.,True,This bird is made of data.,This bird is made of data.,True,True,1,2,22,0
733,24.433,sea,14,bonus,This bird is made of data.,This bird is made of data.,This bird is made of data.,This bird is made of data.,True,This bird is made of data.,This bird is made of data.,This bird is made of data.,This bird is made of data.,This bird is made of data.,This bird is made of data.,This bird is made of data.,True,This bird is made of data.,This bird is made of data.,True,This bird is made of data.,This bird is made of data.,True,True,1,1,23,0
734,24.467,sea,14,bonus,This bird is made of data.,This bird is made of data.,This bird is made of data.,This bird is made of data.,True,This bird is made of data.,This bird is made of data.,This bird is made of data.,This bird is made of data.,This bird is made of data.,This bird is made of data.,This bird is made of data.,True,This bird is made of data.,This bird is made of data.,True,This bird is made of data.,This bird is made of data.,True,True,1,1,25,0
735,24.5,sea,14,bonus,This bird is made of data.,This bird is made of data.,This bird is made of data.,This bird is made of data.,True,This bird is made of data.,This bird is made of data.,This bird is made of data.,This bird is made of data.,This bird is made of data.,This bird is made of data.,This bird is made of data.,True,This bird is made of data.,This bird is made of data.,True,This bird is made of data.,This bird is made of data.,True,True,1,1,25,0
736,24.533,sea,14,bonus,This bird is made of data.,This bird is made of data.,This bird is made of data.,This bird is made of data.,True,This bird is made of data.,This bird is made of data.,This bird is made of data.,This bird is made of data.,This bird is made of data.,This bird is made of data.,This bird is made of data.,True,This bird is made of data.,This bird is made of data.,True,This bird is made of data.,This bird is made of data.,True,True,1,1,27,0
737,24.567,sea,14,bonus,This bird is made of data.,This bird is made of data.,This bird is made of data.,This bird is made of data.,True,This bird is made of data.,This bird is made of data.,This bird is made of data.,This bird is made of data.,This bird is made of data.,This bird is made of data.,This bird is made of data.,True,This bird is made of data.,This bird is made of data.,True,This bird is made of data.,This bird is made of data.,True,True,1,1,34,0
738,24.6,sea,14,bonus,This bird is made of data.,This bird is made of data.,This bird is made of data.,This bird is made of data.,True,This bird is made of data.,This bird is made of data.,This bird is made of data.,This bird is made of data.,This bird is made of data.,This bird is made of data.,This bird is made of data.,True,This bird is made of data.,This bird is made of data.,True,This bird is made of data.,This bird is made of data.,True,True,1,1,29,0
739,24.633,sea,14,bonus,This bird is made of data.,This bird is made of data.,This bird is made of data.,This bird is made of data.,True,This bird is made of data.,This bird is made of data.,This bird is made of data.,This bird is made of data.,This bird is made of data.,This bird is made of data.,This bird is made of data.,True,This bird is made of data.,This bird is made of data.,True,This bird is made of data.,This bird is made of data.,True,True,1,1,27,0
740,24.667,sea,14,bonus,This bird is made of data.,This bird is made of data.,This bird is made of data.,This bird is made of data.,True,This bird is made of data.,This bird is made of data.,This bird is made of data.,This bird is made of data.,This bird is made of data.,This bird is made of data.,This bird is made of data.,True,This bird is made of data.,This bird is made of data.,True,This bird is made of data.,This bird is made of data.,True,True,1,1,27,0
741,24.7,sea,14,bonus,This bird is made of data.,This bird is made of data.,This bird is made of data.,This bird is made of data.,True,This bird is made of data.,This bird is made of data.,This bird is made of data.,This bird is made of data.,This bird is made of data.,This bird is made of data.,This bird is made of data.,True,This bird is made of data.,This bird is made of data.,True,This bird is made of data.,This bird is made of data.,True,True,1,1,28,0
742,24.733,sea,14,bonus,This bird is made of data.,This bird is made of data.,This bird is made of data.,This bird is made of data.,True,This bird is made of data.,This bird is made of data.,This bird is made of data.,This bird is made of data.,This bird is made of data.,This bird is made of data.,This bird is made of data.,True,This bird is made of data.,This bird is made of data.,True,This bird is made of data.,This bird is made of data.,True,True,1,1,28,0
743,24.767,sea,14,bonus,This bird is made of data.,This bird is made of data.,This bird is made of data.,This bird is made of data.,True,This bird is made of data.,This bird is made of data.,This bird is made of data.,This bird is made of data.,This bird is made of data.,This bird is made of data.,This bird is made of data.,True,This bird is made of data.,This bird is made of data.,True,This bird is made of data.,This bird is made of data.,True,True,1,0,31,0
744,24.8,sea,14,bonus,This bird is made of data.,This bird is made of data.,This bird is made of data.,This bird is made of data.,True,This bird is made of data.,This bird is made of data.,This bird is made of data.,This bird is made of data.,This bird is made of data.,This bird is made of data.,This bird is made of data.,True,This bird is made of data.,This bird is made of data.,True,This bird is made of data.,This bird is made of data.,True,True,1,0,25,0
745,24.833,sea,14,bonus,This bird is made of data.,This bird is made of data.,This bird is made of data.,This bird is made of data.,True,This bird is made of data.,This bird is made of data.,This bird is made of data.,This bird is made of data.,This bird is made of data.,This bird is made of data.,This bird is made of data.,True,This bird is made of data.,This bird is made of data.,True,This bird is made of data.,This bird is made of data.,True,True,1,1,25,0
746,24.867,sea,14,bonus,This bird is made of data.,This bird is made of data.,This bird is made of data.,This bird is made of data.,True,This bird is made of data.,This bird is made of data.,This bird is made of data.,This bird is made of data.,This bird is made of data.,This bird is made of data.,This bird is made of data.,True,This bird is made of data.,This bird is made of data.,True,This bird is made of data.,This bird is made of data.,True,True,1,1,24,0
747,24.9,sea,14,bonus,This bird is made of data.,This bird is made of data.,This bird is made of data.,This bird is made of data.,True,This bird is made of data.,This bird is made of data.,This bird is made of data.,This bird is made of data.,This bird is made of data.,This bird is made of data.,This bird is made of data.,True,This bird is made of data.,This bird is made of data.,True,This bird is made of data.,This bird is made of data.,True,True,1,1,22,0
748,24.933,sea,14,bonus,This bird is made of data.,This bird is made of data.,This bird is made of data.,This bird is made of data.,True,This bird is made of data.,This bird is made of data.,This bird is made of data.,This bird is made of data.,This bird is made of data.,This bird is made of data.,This bird is made of data.,True,This bird is made of data.,This bird is made of data.,True,This bird is made of data.,This bird is made of data.,True,True,1,1,20,0
749,24.967,sea,14,bonus,This bird is made of data.,This bird is made of data.,This bird is made of data.,This bird is made of data.,True,This bird is made of data.,This bird is made of data.,This bird is made of data.,This bird is made of data.,This bird is made of data.,This bird is made of data.,This bird is made of data.,True,This bird is made of data.,This bird is made of data.,True,This bird is made of data.,This bird is made of data.,True,True,2,2,17,0
750,25.0,sea,15,word,5/8 - HIDDEN,5/8 - HIDDEN,5/8 - HIDDEN,5/8 - HIDDEN,True,5/8 - HIDDEN,5/8 - HIDDEN,5/8 - HIDDEN,5/8 - HIDDEN,5/8 - HIDDEN,5/8 - HIDDEN,5/8 - HIDDEN,True,5/8 - HIDDEN,5/8 - HIDDEN,True,5/8 - HIDDEN,5/8 - HIDDEN,True,True,1,1,4,0
751,25.033,sea,15,word,5/8 - HIDDEN,5/8 - HIDDEN,5/8 - HIDDEN,5/8 - HIDDEN,True,5/8 - HIDDEN,5/8 - HIDDEN,5/8 - HIDDEN,5/8 - HIDDEN,5/8 - HIDDEN,5/8 - HIDDEN,5/8 - HIDDEN,True,5/8 - HIDDEN,5/8 - HIDDEN,True,5/8 - HIDDEN,5/8 - HIDDEN,True,True,0,0,4,0
752,25.067,sea,15,word,5/8 - HIDDEN,5/8 - HIDDEN,5/8 - HIDDEN,5/8 - HIDDEN,True,5/8 - HIDDEN,5/8 - HIDDEN,5/8 - HIDDEN,5/8 - HIDDEN,5/8 - HIDDEN,5/8 - HIDDEN,5/8 - HIDDEN,True,5/8 - HIDDEN,5/8 - HIDDEN,True,5/8 - HIDDEN,5/8 - HIDDEN,True,True,0,0,4,0
753,25.1,sea,15,word,5/8 - HIDDEN,5/8 - HIDDEN,5/8 - HIDDEN,5/8 - HIDDEN,True,5/8 - HIDDEN,5/8 - HIDDEN,5/8 - HIDDEN,5/8 - HIDDEN,5/8 - HIDDEN,5/8 - HIDDEN,5/8 - HIDDEN,True,5/8 - HIDDEN,5/8 - HIDDEN,True,5/8 - HIDDEN,5/8 - HIDDEN,True,True,1,1,4,0
754,25.133,sea,15,word,5/8 - HIDDEN,5/8 - HIDDEN,5/8 - HIDDEN,5/8 - HIDDEN,True,5/8 - HIDDEN,5/8 - HIDDEN,5/8 - HIDDEN,5/8 - HIDDEN,5/8 - HIDDEN,5/8 - HIDDEN,5/8 - HIDDEN,True,5/8 - HIDDEN,5/8 - HIDDEN,True,5/8 - HIDDEN,5/8 - HIDDEN,True,True,1,1,4,0
755,25.167,sea,15,word,5/8 - HIDDEN,5/8 - HIDDEN,5/8 - HIDDEN,5/8 - HIDDEN,True,5/8 - HIDDEN,5/8 - HIDDEN,5/8 - HIDDEN,5/8 - HIDDEN,5/8 - HIDDEN,5/8 - HIDDEN,5/8 - HIDDEN,True,5/8 - HIDDEN,5/8 - HIDDEN,True,5/8 - HIDDEN,5/8 - HIDDEN,True,True,0,1,4,0
756,25.2,sea,15,word,5/8 - HIDDEN,5/8 - HIDDEN,5/8 - HIDDEN,5/8 - HIDDEN,True,5/8 - HIDDEN,5/8 - HIDDEN,5/8 - HIDDEN,5/8 - HIDDEN,5/8 - HIDDEN,5/8 - HIDDEN,5/8 - HIDDEN,True,5/8 - HIDDEN,5/8 - HIDDEN,True,5/8 - HIDDEN,5/8 - HIDDEN,True,True,0,0,4,0
757,25.233,sea,15,word,5/8 - HIDDEN,5/8 - HIDDEN,5/8 - HIDDEN,5/8 - HIDDEN,True,5/8 - HIDDEN,5/8 - HIDDEN,5/8 - HIDDEN,5/8 - HIDDEN,5/8 - HIDDEN,5/8 - HIDDEN,5/8 - HIDDEN,True,5/8 - HIDDEN,5/8 - HIDDEN,True,5/8 - HIDDEN,5/8 - HIDDEN,True,True,0,0,4,0
758,25.267,sea,15,word,5/8 - HIDDEN,5/8 - HIDDEN,5/8 - HIDDEN,5/8 - HIDDEN,True,5/8 - HIDDEN,5/8 - HIDDEN,5/8 - HIDDEN,5/8 - HIDDEN,5/8 - HIDDEN,5/8 - HIDDEN,5/8 - HIDDEN,True,5/8 - HIDDEN,5/8 - HIDDEN,True,5/8 - HIDDEN,5/8 - HIDDEN,True,True,0,0,4,0
759,25.3,sea,15,word,5/8 - HIDDEN,5/8 - HIDDEN,5/8 - HIDDEN,5/8 - HIDDEN,True,5/8 - HIDDEN,5/8 - HIDDEN,5/8 - HIDDEN,5/8 - HIDDEN,5/8 - HIDDEN,5/8 - HIDDEN,5/8 - HIDDEN,True,5/8 - HIDDEN,5/8 - HIDDEN,True,5/8 - HIDDEN,5/8 - HIDDEN,True,True,1,0,4,0
760,25.333,sea,15,word,5/8 - HIDDEN,5/8 - HIDDEN,5/8 - HIDDEN,5/8 - HIDDEN,True,5/8 - HIDDEN,5/8 - HIDDEN,5/8 - HIDDEN,5/8 - HIDDEN,5/8 - HIDDEN,5/8 - HIDDEN,5/8 - HIDDEN,True,5/8 - HIDDEN,5/8 - HIDDEN,True,5/8 - HIDDEN,5/8 - HIDDEN,True,True,1,0,0,0
761,25.367,sea,15,word,5/8 - HIDDEN,5/8 - HIDDEN,5/8 - HIDDEN,5/8 - HIDDEN,True,5/8 - HIDDEN,5/8 - HIDDEN,5/8 - HIDDEN,5/8 - HIDDEN,5/8 - HIDDEN,5/8 - HIDDEN,5/8 - HIDDEN,True,5/8 - HIDDEN,5/8 - HIDDEN,True,5/8 - HIDDEN,5/8 - HIDDEN,True,True,1,0,0,0
762,25.4,sea,15,word,5/8 - HIDDEN,5/8 - HIDDEN,5/8 - HIDDEN,5/8 - HIDDEN,True,5/8 - HIDDEN,5/8 - HIDDEN,5/8 - HIDDEN,5/8 - HIDDEN,5/8 - HIDDEN,5/8 - HIDDEN,5/8 - HIDDEN,True,5/8 - HIDDEN,5/8 - HIDDEN,True,5/8 - HIDDEN,5/8 - HIDDEN,True,True,1,0,0,0
763,25.433,sea,15,word,5/8 - HIDDEN,5/8 - HIDDEN,5/8 - HIDDEN,5/8 - HIDDEN,True,5/8 - HIDDEN,5/8 - HIDDEN,5/8 - HIDDEN,5/8 - HIDDEN,5/8 - HIDDEN,5/8 - HIDDEN,5/8 - HIDDEN,True,5/8 - HIDDEN,5/8 - HIDDEN,True,5/8 - HIDDEN,5/8 - HIDDEN,True,True,1,0,0,0
764,25.467,sea,15,word,5/8 - HIDDEN,5/8 - HIDDEN,5/8 - HIDDEN,5/8 - HIDDEN,True,5/8 - HIDDEN,5/8 - HIDDEN,5/8 - HIDDEN,5/8 - HIDDEN,5/8 - HIDDEN,5/8 - HIDDEN,5/8 - HIDDEN,True,5/8 - HIDDEN,5/8 - HIDDEN,True,5/8 - HIDDEN,5/8 - HIDDEN,True,True,1,0,0,0
765,25.5,sea,15,word,5/8 - HIDDEN,5/8 - HIDDEN,5/8 - HIDDEN,5/8 - HIDDEN,True,5/8 - HIDDEN,5/8 - HIDDEN,5/8 - HIDDEN,5/8 - HIDDEN,5/8 - HIDDEN,5/8 - HIDDEN,5/8 - HIDDEN,True,5/8 - HIDDEN,5/8 - HIDDEN,True,5/8 - HIDDEN,5/8 - HIDDEN,True,True,1,0,0,0
766,25.533,sea,15,word,5/8 - HIDDEN,5/8 - HIDDEN,5/8 - HIDDEN,5/8 - HIDDEN,True,5/8 - HIDDEN,5/8 - HIDDEN,5/8 - HIDDEN,5/8 - HIDDEN,5/8 - HIDDEN,5/8 - HIDDEN,5/8 - HIDDEN,True,5/8 - HIDDEN,5/8 - HIDDEN,True,5/8 - HIDDEN,5/8 - HIDDEN,True,True,1,0,0,0
767,25.567,sea,15,word,5/8 - HIDDEN,5/8 - HIDDEN,5/8 - HIDDEN,5/8 - HIDDEN,True,5/8 - HIDDEN,5/8 - HIDDEN,5/8 - HIDDEN,5/8 - HIDDEN,5/8 - HIDDEN,5/8 - HIDDEN,5/8 - HIDDEN,True,5/8 - HIDDEN,5/8 - HIDDEN,True,5/8 - HIDDEN,5/8 - HIDDEN,True,True,1,0,0,0
768,25.6,sea,15,word,5/8 - HIDDEN,5/8 - HIDDEN,5/8 - HIDDEN,5/8 - HIDDEN,True,5/8 - HIDDEN,5/8 - HIDDEN,5/8 - HIDDEN,5/8 - HIDDEN,5/8 - HIDDEN,5/8 - HIDDEN,5/8 - HIDDEN,True,5/8 - HIDDEN,5/8 - HIDDEN,True,5/8 - HIDDEN,5/8 - HIDDEN,True,True,1,0,0,0
769,25.633,sea,15,word,5/8 - HIDDEN,5/8 - HIDDEN,5/8 - HIDDEN,5/8 - HIDDEN,True,5/8 - HIDDEN,5/8 - HIDDEN,5/8 - HIDDEN,5/8 - HIDDEN,5/8 - HIDDEN,5/8 - HIDDEN,5/8 - HIDDEN,True,5/8 - HIDDEN,5/8 - HIDDEN,True,5/8 - HIDDEN,5/8 - HIDDEN,True,True,1,0,0,0
770,25.667,sea,15,word,5/8 - HIDDEN,5/8 - HIDDEN,5/8 - HIDDEN,5/8 - HIDDEN,True,5/8 - HIDDEN,5/8 - HIDDEN,5/8 - HIDDEN,5/8 - HIDDEN,5/8 - HIDDEN,5/8 - HIDDEN,5/8 - HIDDEN,True,5/8 - HIDDEN,5/8 - HIDDEN,True,5/8 - HIDDEN,5/8 - HIDDEN,True,True,1,0,0,0
771,25.7,sea,15,word,5/8 - HIDDEN,5/8 - HIDDEN,5/8 - HIDDEN,5/8 - HIDDEN,True,5/8 - HIDDEN,5/8 - HIDDEN,5/8 - HIDDEN,5/8 - HIDDEN,5/8 - HIDDEN,5/8 - HIDDEN,5/8 - HIDDEN,True,5/8 - HIDDEN,5/8 - HIDDEN,True,5/8 - HIDDEN,5/8 - HIDDEN,True,True,0,0,0,0
772,25.733,sea,15,word,5/8 - HIDDEN,5/8 - HIDDEN,5/8 - HIDDEN,5/8 - HIDDEN,True,5/8 - HIDDEN,5/8 - HIDDEN,5/8 - HIDDEN,5/8 - HIDDEN,5/8 - HIDDEN,5/8 - HIDDEN,5/8 - HIDDEN,True,5/8 - HIDDEN,5/8 - HIDDEN,True,5/8 - HIDDEN,5/8 - HIDDEN,True,True,0,0,0,0
773,25.767,sea,15,word,5/8 - HIDDEN,5/8 - HIDDEN,5/8 - HIDDEN,5/8 - HIDDEN,True,5/8 - HIDDEN,5/8 - HIDDEN,5/8 - HIDDEN,5/8 - HIDDEN,5/8 - HIDDEN,5/8 - HIDDEN,5/8 - HIDDEN,True,5/8 - HIDDEN,5/8 - HIDDEN,True,5/8 - HIDDEN,5/8 - HIDDEN,True,True,0,0,0,0
774,25.8,sea,15,word,5/8 - HIDDEN,5/8 - HIDDEN,5/8 - HIDDEN,5/8 - HIDDEN,True,5/8 - HIDDEN,5/8 - HIDDEN,5/8 - HIDDEN,5/8 - HIDDEN,5/8 - HIDDEN,5/8 - HIDDEN,5/8 - HIDDEN,True,5/8 - HIDDEN,5/8 - HIDDEN,True,5/8 - HIDDEN,5/8 - HIDDEN,True,True,1,0,0,0
775,25.833,sea,15,word,5/8 - HIDDEN,5/8 - HIDDEN,5/8 - HIDDEN,5/8 - HIDDEN,True,5/8 - HIDDEN,5/8 - HIDDEN,5/8 - HIDDEN,5/8 - HIDDEN,5/8 - HIDDEN,5/8 - HIDDEN,5/8 - HIDDEN,True,5/8 - HIDDEN,5/8 - HIDDEN,True,5/8 - HIDDEN,5/8 - HIDDEN,True,True,1,0,0,0
776,25.867,sea,15,word,5/8 - HIDDEN,5/8 - HIDDEN,5/8 - HIDDEN,5/8 - HIDDEN,True,5/8 - HIDDEN,5/8 - HIDDEN,5/8 - HIDDEN,5/8 - HIDDEN,5/8 - HIDDEN,5/8 - HIDDEN,5/8 - HIDDEN,True,5/8 - HIDDEN,5/8 - HIDDEN,True,5/8 - HIDDEN,5/8 - HIDDEN,True,True,1,0,0,0
777,25.9,sea,15,word,5/8 - HIDDEN,5/8 - HIDDEN,5/8 - HIDDEN,5/8 - HIDDEN,True,5/8 - HIDDEN,5/8 - HIDDEN,5/8 - HIDDEN,5/8 - HIDDEN,5/8 - HIDDEN,5/8 - HIDDEN,5/8 - HIDDEN,True,5/8 - HIDDEN,5/8 - HIDDEN,True,5/8 - HIDDEN,5/8 - HIDDEN,True,True,1,0,0,0
778,25.933,sea,15,word,5/8 - HIDDEN,5/8 - HIDDEN,5/8 - HIDDEN,5/8 - HIDDEN,True,5/8 - HIDDEN,5/8 - HIDDEN,5/8 - HIDDEN,5/8 - HIDDEN,5/8 - HIDDEN,5/8 - HIDDEN,5/8 - HIDDEN,True,5/8 - HIDDEN,5/8 - HIDDEN,True,5/8 - HIDDEN,5/8 - HIDDEN,True,True,1,0,0,0
779,25.967,sea,15,word,5/8 - HIDDEN,5/8 - HIDDEN,5/8 - HIDDEN,5/8 - HIDDEN,True,5/8 - HIDDEN,5/8 - HIDDEN,5/8 - HIDDEN,5/8 - HIDDEN,5/8 - HIDDEN,5/8 - HIDDEN,5/8 - HIDDEN,True,5/8 - HIDDEN,5/8 - HIDDEN,True,5/8 - HIDDEN,5/8 - HIDDEN,True,True,1,0,0,0
780,26.0,sea,15,word,5/8 - HIDDEN,5/8 - HIDDEN,5/8 - HIDDEN,5/8 - HIDDEN,True,5/8 - HIDDEN,5/8 - HIDDEN,5/8 - HIDDEN,5/8 - HIDDEN,5/8 - HIDDEN,5/8 - HIDDEN,5/8 - HIDDEN,True,5/8 - HIDDEN,5/8 - HIDDEN,True,5/8 - HIDDEN,5/8 - HIDDEN,True,True,1,0,0,0
781,26.033,sea,15,word,5/8 - HIDDEN,5/8 - HIDDEN,5/8 - HIDDEN,5/8 - HIDDEN,True,5/8 - HIDDEN,5/8 - HIDDEN,5/8 - HIDDEN,5/8 - HIDDEN,5/8 - HIDDEN,5/8 - HIDDEN,5/8 - HIDDEN,True,5/8 - HIDDEN,5/8 - HIDDEN,True,5/8 - HIDDEN,5/8 - HIDDEN,True,True,1,0,0,0
782,26.067,sea,15,word,5/8 - HIDDEN,5/8 - HIDDEN,5/8 - HIDDEN,5/8 - HIDDEN,True,5/8 - HIDDEN,5/8 - HIDDEN,5/8 - HIDDEN,5/8 - HIDDEN,5/8 - HIDDEN,5/8 - HIDDEN,5/8 - HIDDEN,True,5/8 - HIDDEN,5/8 - HIDDEN,True,5/8 - HIDDEN,5/8 - HIDDEN,True,True,1,0,0,0
783,26.1,sea,15,word,5/8 - HIDDEN,5/8 - HIDDEN,5/8 - HIDDEN,5/8 - HIDDEN,True,5/8 - HIDDEN,5/8 - HIDDEN,5/8 - HIDDEN,5/8 - HIDDEN,5/8 - HIDDEN,5/8 - HIDDEN,5/8 - HIDDEN,True,5/8 - HIDDEN,5/8 - HIDDEN,True,5/8 - HIDDEN,5/8 - HIDDEN,True,True,1,0,0,0
784,26.133,sea,15,word,5/8 - HIDDEN,5/8 - HIDDEN,5/8 - HIDDEN,5/8 - HIDDEN,True,5/8 - HIDDEN,5/8 - HIDDEN,5/8 - HIDDEN,5/8 - HIDDEN,5/8 - HIDDEN,5/8 - HIDDEN,5/8 - HIDDEN,True,5/8 - HIDDEN,5/8 - HIDDEN,True,5/8 - HIDDEN,5/8 - HIDDEN,True,True,1,0,0,0
785,26.167,sea,15,word,5/8 - HIDDEN,5/8 - HIDDEN,5/8 - HIDDEN,5/8 - HIDDEN,True,5/8 - HIDDEN,5/8 - HIDDEN,5/8 - HIDDEN,5/8 - HIDDEN,5/8 - HIDDEN,5/8 - HIDDEN,5/8 - HIDDEN,True,5/8 - HIDDEN,5/8 - HIDDEN,True,5/8 - HIDDEN,5/8 - HIDDEN,True,True,1,0,0,0
786,26.2,sea,15,word,5/8 - HIDDEN,5/8 - HIDDEN,5/8 - HIDDEN,5/8 - HIDDEN,True,5/8 - HIDDEN,5/8 - HIDDEN,5/8 - HIDDEN,5/8 - HIDDEN,5/8 - HIDDEN,5/8 - HIDDEN,5/8 - HIDDEN,True,5/8 - HIDDEN,5/8 - HIDDEN,True,5/8 - HIDDEN,5/8 - HIDDEN,True,True,1,0,0,0
787,26.233,sea,15,word,5/8 - HIDDEN,5/8 - HIDDEN,5/8 - HIDDEN,5/8 - HIDDEN,True,5/8 - HIDDEN,5/8 - HIDDEN,5/8 - HIDDEN,5/8 - HIDDEN,5/8 - HIDDEN,5/8 - HIDDEN,5/8 - HIDDEN,True,5/8 - HIDDEN,5/8 - HIDDEN,True,5/8 - HIDDEN,5/8 - HIDDEN,True,True,1,0,0,0
788,26.267,sea,15,word,5/8 - HIDDEN,5/8 - HIDDEN,5/8 - HIDDEN,5/8 - HIDDEN,True,5/8 - HIDDEN,5/8 - HIDDEN,5/8 - HIDDEN,5/8 - HIDDEN,5/8 - HIDDEN,5/8 - HIDDEN,5/8 - HIDDEN,True,5/8 - HIDDEN,5/8 - HIDDEN,True,5/8 - HIDDEN,5/8 - HIDDEN,True,True,1,0,4,0
789,26.3,sea,15,word,5/8 - HIDDEN,5/8 - HIDDEN,5/8 - HIDDEN,5/8 - HIDDEN,True,5/8 - HIDDEN,5/8 - HIDDEN,5/8 - HIDDEN,5/8 - HIDDEN,5/8 - HIDDEN,5/8 - HIDDEN,5/8 - HIDDEN,True,5/8 - HIDDEN,5/8 - HIDDEN,True,5/8 - HIDDEN,5/8 - HIDDEN,True,True,1,0,4,0
790,26.333,sea,15,word,5/8 - HIDDEN,5/8 - HIDDEN,5/8 - HIDDEN,5/8 - HIDDEN,True,5/8 - HIDDEN,5/8 - HIDDEN,5/8 - HIDDEN,5/8 - HIDDEN,5/8 - HIDDEN,5/8 - HIDDEN,5/8 - HIDDEN,True,5/8 - HIDDEN,5/8 - HIDDEN,True,5/8 - HIDDEN,5/8 - HIDDEN,True,True,1,0,4,0
791,26.367,sea,15,word,5/8 - HIDDEN,5/8 - HIDDEN,5/8 - HIDDEN,5/8 - HIDDEN,True,5/8 - HIDDEN,5/8 - HIDDEN,5/8 - HIDDEN,5/8 - HIDDEN,5/8 - HIDDEN,5/8 - HIDDEN,5/8 - HIDDEN,True,5/8 - HIDDEN,5/8 - HIDDEN,True,5/8 - HIDDEN,5/8 - HIDDEN,True,True,1,0,4,0
792,26.4,sea,15,word,5/8 - HIDDEN,5/8 - HIDDEN,5/8 - HIDDEN,5/8 - HIDDEN,True,5/8 - HIDDEN,5/8 - HIDDEN,5/8 - HIDDEN,5/8 - HIDDEN,5/8 - HIDDEN,5/8 - HIDDEN,5/8 - HIDDEN,True,5/8 - HIDDEN,5/8 - HIDDEN,True,5/8 - HIDDEN,5/8 - HIDDEN,True,True,1,0,4,0
793,26.433,sea,15,word,5/8 - HIDDEN,5/8 - HIDDEN,5/8 - HIDDEN,5/8 - HIDDEN,True,5/8 - HIDDEN,5/8 - HIDDEN,5/8 - HIDDEN,5/8 - HIDDEN,5/8 - HIDDEN,5/8 - HIDDEN,5/8 - HIDDEN,True,5/8 - HIDDEN,5/8 - HIDDEN,True,5/8 - HIDDEN,5/8 - HIDDEN,True,True,1,0,4,0
794,26.467,sea,15,word,5/8 - HIDDEN,5/8 - HIDDEN,5/8 - HIDDEN,5/8 - HIDDEN,True,5/8 - HIDDEN,5/8 - HIDDEN,5/8 - HIDDEN,5/8 - HIDDEN,5/8 - HIDDEN,5/8 - HIDDEN,5/8 - HIDDEN,True,5/8 - HIDDEN,5/8 - HIDDEN,True,5/8 - HIDDEN,5/8 - HIDDEN,True,True,1,0,4,0
795,26.5,sea,16,word,6/8 - INSIDE,6/8 - INSIDE,6/8 - INSIDE,6/8 - INSIDE,True,6/8 - INSIDE,6/8 - INSIDE,6/8 - INSIDE,6/8 - INSIDE,6/8 - INSIDE,6/8 - INSIDE,6/8 - INSIDE,True,6/8 - INSIDE,6/8 - INSIDE,True,6/8 - INSIDE,6/8 - INSIDE,True,True,2,1,3,0
796,26.533,sea,16,word,6/8 - INSIDE,6/8 - INSIDE,6/8 - INSIDE,6/8 - INSIDE,True,6/8 - INSIDE,6/8 - INSIDE,6/8 - INSIDE,6/8 - INSIDE,6/8 - INSIDE,6/8 - INSIDE,6/8 - INSIDE,True,6/8 - INSIDE,6/8 - INSIDE,True,6/8 - INSIDE,6/8 - INSIDE,True,True,2,1,5,0
797,26.567,sea,16,word,6/8 - INSIDE,6/8 - INSIDE,6/8 - INSIDE,6/8 - INSIDE,True,6/8 - INSIDE,6/8 - INSIDE,6/8 - INSIDE,6/8 - INSIDE,6/8 - INSIDE,6/8 - INSIDE,6/8 - INSIDE,True,6/8 - INSIDE,6/8 - INSIDE,True,6/8 - INSIDE,6/8 - INSIDE,True,True,2,1,5,0
798,26.6,sea,16,word,6/8 - INSIDE,6/8 - INSIDE,6/8 - INSIDE,6/8 - INSIDE,True,6/8 - INSIDE,6/8 - INSIDE,6/8 - INSIDE,6/8 - INSIDE,6/8 - INSIDE,6/8 - INSIDE,6/8 - INSIDE,True,6/8 - INSIDE,6/8 - INSIDE,True,6/8 - INSIDE,6/8 - INSIDE,True,True,2,1,5,0
799,26.633,sea,16,word,6/8 - INSIDE,6/8 - INSIDE,6/8 - INSIDE,6/8 - INSIDE,True,6/8 - INSIDE,6/8 - INSIDE,6/8 - INSIDE,6/8 - INSIDE,6/8 - INSIDE,6/8 - INSIDE,6/8 - INSIDE,True,6/8 - INSIDE,6/8 - INSIDE,True,6/8 - INSIDE,6/8 - INSIDE,True,True,2,1,5,0
800,26.667,sea,16,word,6/8 - INSIDE,6/8 - INSIDE,6/8 - INSIDE,6/8 - INSIDE,True,6/8 - INSIDE,6/8 - INSIDE,6/8 - INSIDE,6/8 - INSIDE,6/8 - INSIDE,6/8 - INSIDE,6/8 - INSIDE,True,6/8 - INSIDE,6/8 - INSIDE,True,6/8 - INSIDE,6/8 - INSIDE,True,True,2,1,5,0
801,26.7,sea,16,word,6/8 - INSIDE,6/8 - INSIDE,6/8 - INSIDE,6/8 - INSIDE,True,6/8 - INSIDE,6/8 - INSIDE,6/8 - INSIDE,6/8 - INSIDE,6/8 - INSIDE,6/8 - INSIDE,6/8 - INSIDE,True,6/8 - INSIDE,6/8 - INSIDE,True,6/8 - INSIDE,6/8 - INSIDE,True,True,2,1,6,0
802,26.733,sea,16,word,6/8 - INSIDE,6/8 - INSIDE,6/8 - INSIDE,6/8 - INSIDE,True,6/8 - INSIDE,6/8 - INSIDE,6/8 - INSIDE,6/8 - INSIDE,6/8 - INSIDE,6/8 - INSIDE,6/8 - INSIDE,True,6/8 - INSIDE,6/8 - INSIDE,True,6/8 - INSIDE,6/8 - INSIDE,True,True,2,1,6,0
803,26.767,sea,16,word,6/8 - INSIDE,6/8 - INSIDE,6/8 - INSIDE,6/8 - INSIDE,True,6/8 - INSIDE,6/8 - INSIDE,6/8 - INSIDE,6/8 - INSIDE,6/8 - INSIDE,6/8 - INSIDE,6/8 - INSIDE,True,6/8 - INSIDE,6/8 - INSIDE,True,6/8 - INSIDE,6/8 - INSIDE,True,True,2,1,6,0
804,26.8,sea,16,word,6/8 - INSIDE,6/8 - INSIDE,6/8 - INSIDE,6/8 - INSIDE,True,6/8 - INSIDE,6/8 - INSIDE,6/8 - INSIDE,6/8 - INSIDE,6/8 - INSIDE,6/8 - INSIDE,6/8 - INSIDE,True,6/8 - INSIDE,6/8 - INSIDE,True,6/8 - INSIDE,6/8 - INSIDE,True,True,2,1,6,0
805,26.833,sea,16,word,6/8 - INSIDE,6/8 - INSIDE,6/8 - INSIDE,6/8 - INSIDE,True,6/8 - INSIDE,6/8 - INSIDE,6/8 - INSIDE,6/8 - INSIDE,6/8 - INSIDE,6/8 - INSIDE,6/8 - INSIDE,True,6/8 - INSIDE,6/8 - INSIDE,True,6/8 - INSIDE,6/8 - INSIDE,True,True,2,1,8,0
806,26.867,sea,16,word,6/8 - INSIDE,6/8 - INSIDE,6/8 - INSIDE,6/8 - INSIDE,True,6/8 - INSIDE,6/8 - INSIDE,6/8 - INSIDE,6/8 - INSIDE,6/8 - INSIDE,6/8 - INSIDE,6/8 - INSIDE,True,6/8 - INSIDE,6/8 - INSIDE,True,6/8 - INSIDE,6/8 - INSIDE,True,True,2,1,8,0
807,26.9,sea,16,word,6/8 - INSIDE,6/8 - INSIDE,6/8 - INSIDE,,True,6/8 - INSIDE,6/8 - INSIDE,6/8 - INSIDE,6/8 - INSIDE,6/8 - INSIDE,6/8 - INSIDE,6/8 - INSIDE,True,6/8 - INSIDE,6/8 - INSIDE,True,6/8 - INSIDE,6/8 - INSIDE,True,True,1,1,8,0
808,26.933,sea,16,word,6/8 - INSIDE,6/8 - INSIDE,6/8 - INSIDE,,True,6/8 - INSIDE,6/8 - INSIDE,6/8 - INSIDE,6/8 - INSIDE,6/8 - INSIDE,6/8 - INSIDE,6/8 - INSIDE,True,6/8 - INSIDE,6/8 - INSIDE,True,6/8 - INSIDE,6/8 - INSIDE,True,True,1,1,8,0
809,26.967,sea,16,word,6/8 - INSIDE,6/8 - INSIDE,6/8 - INSIDE,,True,6/8 - INSIDE,6/8 - INSIDE,6/8 - INSIDE,6/8 - INSIDE,6/8 - INSIDE,6/8 - INSIDE,6/8 - INSIDE,True,6/8 - INSIDE,6/8 - INSIDE,True,6/8 - INSIDE,6/8 - INSIDE,True,True,1,1,7,0
810,27.0,sea,16,word,6/8 - INSIDE,6/8 - INSIDE,6/8 - INSIDE,,True,6/8 - INSIDE,6/8 - INSIDE,6/8 - INSIDE,6/8 - INSIDE,6/8 - INSIDE,6/8 - INSIDE,6/8 - INSIDE,True,6/8 - INSIDE,6/8 - INSIDE,True,6/8 - INSIDE,6/8 - INSIDE,True,True,1,1,10,0
811,27.033,sea,16,word,6/8 - INSIDE,6/8 - INSIDE,6/8 - INSIDE,,True,6/8 - INSIDE,6/8 - INSIDE,6/8 - INSIDE,6/8 - INSIDE,6/8 - INSIDE,6/8 - INSIDE,6/8 - INSIDE,True,6/8 - INSIDE,6/8 - INSIDE,True,6/8 - INSIDE,6/8 - INSIDE,True,True,1,1,13,0
812,27.067,sea,16,word,6/8 - INSIDE,6/8 - INSIDE,6/8 - INSIDE,6/8 - INSIDE,True,6/8 - INSIDE,6/8 - INSIDE,6/8 - INSIDE,6/8 - INSIDE,6/8 - INSIDE,6/8 - INSIDE,6/8 - INSIDE,True,6/8 - INSIDE,6/8 - INSIDE,True,6/8 - INSIDE,6/8 - INSIDE,True,True,1,1,15,0
813,27.1,sea,16,word,6/8 - INSIDE,6/8 - INSIDE,6/8 - INSIDE,6/8 - INSIDE,True,6/8 - INSIDE,6/8 - INSIDE,6/8 - INSIDE,6/8 - INSIDE,6/8 - INSIDE,6/8 - INSIDE,6/8 - INSIDE,True,6/8 - INSIDE,6/8 - INSIDE,True,6/8 - INSIDE,6/8 - INSIDE,True,True,1,1,15,0
814,27.133,sea,16,word,6/8 - INSIDE,6/8 - INSIDE,6/8 - INSIDE,6/8 - INSIDE,True,6/8 - INSIDE,6/8 - INSIDE,6/8 - INSIDE,6/8 - INSIDE,6/8 - INSIDE,6/8 - INSIDE,6/8 - INSIDE,True,6/8 - INSIDE,6/8 - INSIDE,True,6/8 - INSIDE,6/8 - INSIDE,True,True,1,0,18,0
815,27.167,sea,16,word,6/8 - INSIDE,6/8 - INSIDE,6/8 - INSIDE,6/8 - INSIDE,True,6/8 - INSIDE,6/8 - INSIDE,6/8 - INSIDE,6/8 - INSIDE,6/8 - INSIDE,6/8 - INSIDE,6/8 - INSIDE,True,6/8 - INSIDE,6/8 - INSIDE,True,6/8 - INSIDE,6/8 - INSIDE,True,True,1,0,18,0
816,27.2,sea,16,word,6/8 - INSIDE,6/8 - INSIDE,6/8 - INSIDE,6/8 - INSIDE,True,6/8 - INSIDE,6/8 - INSIDE,6/8 - INSIDE,6/8 - INSIDE,6/8 - INSIDE,6/8 - INSIDE,6/8 - INSIDE,True,6/8 - INSIDE,6/8 - INSIDE,True,6/8 - INSIDE,6/8 - INSIDE,True,True,1,0,18,0
817,27.233,sea,16,word,6/8 - INSIDE,6/8 - INSIDE,6/8 - INSIDE,,True,6/8 - INSIDE,6/8 - INSIDE,6/8 - INSIDE,6/8 - INSIDE,6/8 - INSIDE,6/8 - INSIDE,6/8 - INSIDE,True,6/8 - INSIDE,6/8 - INSIDE,True,6/8 - INSIDE,6/8 - INSIDE,True,True,0,0,18,0
818,27.267,sea,16,word,6/8 - INSIDE,6/8 - INSIDE,6/8 - INSIDE,,True,6/8 - INSIDE,6/8 - INSIDE,6/8 - INSIDE,6/8 - INSIDE,6/8 - INSIDE,6/8 - INSIDE,6/8 - INSIDE,True,6/8 - INSIDE,6/8 - INSIDE,True,6/8 - INSIDE,6/8 - INSIDE,True,True,0,0,19,0
819,27.3,sea,16,word,6/8 - INSIDE,6/8 - INSIDE,6/8 - INSIDE,6/8 - INSIDE,True,6/8 - INSIDE,6/8 - INSIDE,6/8 - INSIDE,6/8 - INSIDE,6/8 - INSIDE,6/8 - INSIDE,6/8 - INSIDE,True,6/8 - INSIDE,6/8 - INSIDE,True,6/8 - INSIDE,6/8 - INSIDE,True,True,0,0,19,0
820,27.333,sea,16,word,6/8 - INSIDE,6/8 - INSIDE,6/8 - INSIDE,6/8 - INSIDE,True,6/8 - INSIDE,6/8 - INSIDE,6/8 - INSIDE,6/8 - INSIDE,6/8 - INSIDE,6/8 - INSIDE,6/8 - INSIDE,True,6/8 - INSIDE,6/8 - INSIDE,True,6/8 - INSIDE,6/8 - INSIDE,True,True,0,0,22,0
821,27.367,sea,16,word,6/8 - INSIDE,6/8 - INSIDE,6/8 - INSIDE,,True,6/8 - INSIDE,6/8 - INSIDE,6/8 - INSIDE,6/8 - INSIDE,6/8 - INSIDE,6/8 - INSIDE,6/8 - INSIDE,True,6/8 - INSIDE,6/8 - INSIDE,True,6/8 - INSIDE,6/8 - INSIDE,True,True,1,0,22,0
822,27.4,sea,16,word,6/8 - INSIDE,6/8 - INSIDE,6/8 - INSIDE,6/8 - INSIDE,True,6/8 - INSIDE,6/8 - INSIDE,6/8 - INSIDE,6/8 - INSIDE,6/8 - INSIDE,6/8 - INSIDE,6/8 - INSIDE,True,6/8 - INSIDE,6/8 - INSIDE,True,6/8 - INSIDE,6/8 - INSIDE,True,True,1,0,21,0
823,27.433,sea,16,word,6/8 - INSIDE,6/8 - INSIDE,6/8 - INSIDE,6/8 - INSIDE,True,6/8 - INSIDE,6/8 - INSIDE,6/8 - INSIDE,6/8 - INSIDE,6/8 - INSIDE,6/8 - INSIDE,6/8 - INSIDE,True,6/8 - INSIDE,6/8 - INSIDE,True,6/8 - INSIDE,6/8 - INSIDE,True,True,1,0,19,0
824,27.467,sea,16,word,6/8 - INSIDE,6/8 - INSIDE,6/8 - INSIDE,,True,6/8 - INSIDE,6/8 - INSIDE,6/8 - INSIDE,6/8 - INSIDE,6/8 - INSIDE,6/8 - INSIDE,6/8 - INSIDE,True,6/8 - INSIDE,6/8 - INSIDE,True,6/8 - INSIDE,6/8 - INSIDE,True,True,1,0,19,0
825,27.5,sea,16,word,6/8 - INSIDE,6/8 - INSIDE,6/8 - INSIDE,,True,6/8 - INSIDE,6/8 - INSIDE,6/8 - INSIDE,6/8 - INSIDE,6/8 - INSIDE,6/8 - INSIDE,6/8 - INSIDE,True,6/8 - INSIDE,6/8 - INSIDE,True,6/8 - INSIDE,6/8 - INSIDE,True,True,1,0,21,0
826,27.533,sea,16,word,6/8 - INSIDE,6/8 - INSIDE,6/8 - INSIDE,,True,6/8 - INSIDE,6/8 - INSIDE,6/8 - INSIDE,6/8 - INSIDE,6/8 - INSIDE,6/8 - INSIDE,6/8 - INSIDE,True,6/8 - INSIDE,6/8 - INSIDE,True,6/8 - INSIDE,6/8 - INSIDE,True,True,1,0,22,0
827,27.567,sea,16,word,6/8 - INSIDE,6/8 - INSIDE,6/8 - INSIDE,,True,6/8 - INSIDE,6/8 - INSIDE,6/8 - INSIDE,6/8 - INSIDE,6/8 - INSIDE,6/8 - INSIDE,6/8 - INSIDE,True,6/8 - INSIDE,6/8 - INSIDE,True,6/8 - INSIDE,6/8 - INSIDE,True,True,1,0,24,0
828,27.6,sea,16,word,6/8 - INSIDE,6/8 - INSIDE,6/8 - INSIDE,,True,6/8 - INSIDE,6/8 - INSIDE,6/8 - INSIDE,6/8 - INSIDE,6/8 - INSIDE,6/8 - INSIDE,6/8 - INSIDE,True,6/8 - INSIDE,6/8 - INSIDE,True,6/8 - INSIDE,6/8 - INSIDE,True,True,1,0,25,0
829,27.633,sea,16,word,6/8 - INSIDE,6/8 - INSIDE,6/8 - INSIDE,,True,6/8 - INSIDE,6/8 - INSIDE,6/8 - INSIDE,6/8 - INSIDE,6/8 - INSIDE,6/8 - INSIDE,6/8 - INSIDE,True,6/8 - INSIDE,6/8 - INSIDE,True,6/8 - INSIDE,6/8 - INSIDE,True,True,1,1,25,0
830,27.667,sea,16,word,6/8 - INSIDE,6/8 - INSIDE,6/8 - INSIDE,,True,6/8 - INSIDE,6/8 - INSIDE,6/8 - INSIDE,6/8 - INSIDE,6/8 - INSIDE,6/8 - INSIDE,6/8 - INSIDE,True,6/8 - INSIDE,6/8 - INSIDE,True,6/8 - INSIDE,6/8 - INSIDE,True,True,1,0,26,0
831,27.7,sea,16,word,6/8 - INSIDE,6/8 - INSIDE,6/8 - INSIDE,6/8 - INSIDE,True,6/8 - INSIDE,6/8 - INSIDE,6/8 - INSIDE,6/8 - INSIDE,6/8 - INSIDE,6/8 - INSIDE,6/8 - INSIDE,True,6/8 - INSIDE,6/8 - INSIDE,True,6/8 - INSIDE,6/8 - INSIDE,True,True,1,0,27,0
832,27.733,sea,16,word,6/8 - INSIDE,6/8 - INSIDE,6/8 - INSIDE,,True,6/8 - INSIDE,6/8 - INSIDE,6/8 - INSIDE,6/8 - INSIDE,6/8 - INSIDE,6/8 - INSIDE,6/8 - INSIDE,True,6/8 - INSIDE,6/8 - INSIDE,True,6/8 - INSIDE,6/8 - INSIDE,True,True,1,0,27,0
833,27.767,sea,16,word,6/8 - INSIDE,6/8 - INSIDE,6/8 - INSIDE,6/8 - INSIDE,True,6/8 - INSIDE,6/8 - INSIDE,6/8 - INSIDE,6/8 - INSIDE,6/8 - INSIDE,6/8 - INSIDE,6/8 - INSIDE,True,6/8 - INSIDE,6/8 - INSIDE,True,6/8 - INSIDE,6/8 - INSIDE,True,True,1,0,29,0
834,27.8,sea,16,word,6/8 - INSIDE,6/8 - INSIDE,6/8 - INSIDE,6/8 - INSIDE,True,6/8 - INSIDE,6/8 - INSIDE,6/8 - INSIDE,6/8 - INSIDE,6/8 - INSIDE,6/8 - INSIDE,6/8 - INSIDE,True,6/8 - INSIDE,6/8 - INSIDE,True,6/8 - INSIDE,6/8 - INSIDE,True,True,1,0,29,0
835,27.833,sea,16,word,6/8 - INSIDE,6/8 - INSIDE,6/8 - INSIDE,6/8 - INSIDE,True,6/8 - INSIDE,6/8 - INSIDE,6/8 - INSIDE,6/8 - INSIDE,6/8 - INSIDE,6/8 - INSIDE,6/8 - INSIDE,True,6/8 - INSIDE,6/8 - INSIDE,True,6/8 - INSIDE,6/8 - INSIDE,True,True,1,0,29,0
836,27.867,sea,16,word,6/8 - INSIDE,6/8 - INSIDE,6/8 - INSIDE,6/8 - INSIDE,True,6/8 - INSIDE,6/8 - INSIDE,6/8 - INSIDE,6/8 - INSIDE,6/8 - INSIDE,6/8 - INSIDE,6/8 - INSIDE,True,6/8 - INSIDE,6/8 - INSIDE,True,6/8 - INSIDE,6/8 - INSIDE,True,True,1,0,28,0
837,27.9,sea,16,word,6/8 - INSIDE,6/8 - INSIDE,6/8 - INSIDE,6/8 - INSIDE,True,6/8 - INSIDE,6/8 - INSIDE,6/8 - INSIDE,6/8 - INSIDE,6/8 - INSIDE,6/8 - INSIDE,6/8 - INSIDE,True,6/8 - INSIDE,6/8 - INSIDE,True,6/8 - INSIDE,6/8 - INSIDE,True,True,1,1,27,0
838,27.933,sea,16,word,6/8 - INSIDE,6/8 - INSIDE,6/8 - INSIDE,6/8 - INSIDE,True,6/8 - INSIDE,6/8 - INSIDE,6/8 - INSIDE,6/8 - INSIDE,6/8 - INSIDE,6/8 - INSIDE,6/8 - INSIDE,True,6/8 - INSIDE,6/8 - INSIDE,True,6/8 - INSIDE,6/8 - INSIDE,True,True,1,1,27,0
839,27.967,sea,16,word,6/8 - INSIDE,6/8 - INSIDE,6/8 - INSIDE,6/8 - INSIDE,True,6/8 - INSIDE,6/8 - INSIDE,6/8 - INSIDE,6/8 - INSIDE,6/8 - INSIDE,6/8 - INSIDE,6/8 - INSIDE,True,6/8 - INSIDE,6/8 - INSIDE,True,6/8 - INSIDE,6/8 - INSIDE,True,True,1,1,27,0
840,28.0,sea,17,word,7/8 - THIS,7/8 - THIS,7/8 - THIS,,True,7/8 - THIS,7/8 - THIS,7/8 - THIS,7/8 - THIS,7/8 - THIS,7/8 - THIS,7/8 - THIS,True,7/8 - THIS,7/8 - THIS,True,7/8 - THIS,7/8 - THIS,True,True,0,2,10,0
841,28.033,sea,17,word,7/8 - THIS,7/8 - THIS,7/8 - THIS,,True,7/8 - THIS,7/8 - THIS,7/8 - THIS,7/8 - THIS,7/8 - THIS,7/8 - THIS,7/8 - THIS,True,7/8 - THIS,7/8 - THIS,True,7/8 - THIS,7/8 - THIS,True,True,0,2,10,0
842,28.067,sea,17,word,7/8 - THIS,7/8 - THIS,7/8 - THIS,7/8 - THIS,True,7/8 - THIS,7/8 - THIS,7/8 - THIS,7/8 - THIS,7/8 - THIS,7/8 - THIS,7/8 - THIS,True,7/8 - THIS,7/8 - THIS,True,7/8 - THIS,7/8 - THIS,True,True,0,2,10,0
843,28.1,sea,17,word,7/8 - THIS,7/8 - THIS,7/8 - THIS,7/8 - THIS,True,7/8 - THIS,7/8 - THIS,7/8 - THIS,7/8 - THIS,7/8 - THIS,7/8 - THIS,7/8 - THIS,True,7/8 - THIS,7/8 - THIS,True,7/8 - THIS,7/8 - THIS,True,True,1,2,13,0
844,28.133,sea,17,word,7/8 - THIS,7/8 - THIS,7/8 - THIS,,True,7/8 - THIS,7/8 - THIS,7/8 - THIS,7/8 - THIS,7/8 - THIS,7/8 - THIS,7/8 - THIS,True,7/8 - THIS,7/8 - THIS,True,7/8 - THIS,7/8 - THIS,True,True,2,2,14,0
845,28.167,sea,17,word,7/8 - THIS,7/8 - THIS,7/8 - THIS,,True,7/8 - THIS,7/8 - THIS,7/8 - THIS,7/8 - THIS,7/8 - THIS,7/8 - THIS,7/8 - THIS,True,7/8 - THIS,7/8 - THIS,True,7/8 - THIS,7/8 - THIS,True,True,2,2,16,0
846,28.2,sea,17,word,7/8 - THIS,7/8 - THIS,7/8 - THIS,,True,7/8 - THIS,7/8 - THIS,7/8 - THIS,7/8 - THIS,7/8 - THIS,7/8 - THIS,7/8 - THIS,True,7/8 - THIS,7/8 - THIS,True,7/8 - THIS,7/8 - THIS,True,True,2,2,16,0
847,28.233,sea,17,word,7/8 - THIS,7/8 - THIS,7/8 - THIS,,True,7/8 - THIS,7/8 - THIS,7/8 - THIS,7/8 - THIS,7/8 - THIS,7/8 - THIS,7/8 - THIS,True,7/8 - THIS,7/8 - THIS,True,7/8 - THIS,7/8 - THIS,True,True,2,1,17,0
848,28.267,sea,17,word,7/8 - THIS,7/8 - THIS,7/8 - THIS,,True,7/8 - THIS,7/8 - THIS,7/8 - THIS,7/8 - THIS,7/8 - THIS,7/8 - THIS,7/8 - THIS,True,7/8 - THIS,7/8 - THIS,True,7/8 - THIS,7/8 - THIS,True,True,1,1,18,0
849,28.3,sea,17,word,7/8 - THIS,7/8 - THIS,7/8 - THIS,,True,7/8 - THIS,7/8 - THIS,7/8 - THIS,7/8 - THIS,7/8 - THIS,7/8 - THIS,7/8 - THIS,True,7/8 - THIS,7/8 - THIS,True,7/8 - THIS,7/8 - THIS,True,True,2,1,21,0
850,28.333,sea,17,word,7/8 - THIS,7/8 - THIS,7/8 - THIS,,True,7/8 - THIS,7/8 - THIS,7/8 - THIS,7/8 - THIS,7/8 - THIS,7/8 - THIS,7/8 - THIS,True,7/8 - THIS,7/8 - THIS,True,7/8 - THIS,7/8 - THIS,True,True,1,1,19,0
851,28.367,sea,17,word,7/8 - THIS,7/8 - THIS,7/8 - THIS,7/8 - THIS,True,7/8 - THIS,7/8 - THIS,7/8 - THIS,7/8 - THIS,7/8 - THIS,7/8 - THIS,7/8 - THIS,True,7/8 - THIS,7/8 - THIS,True,7/8 - THIS,7/8 - THIS,True,True,1,1,19,0
852,28.4,sea,17,word,7/8 - THIS,7/8 - THIS,7/8 - THIS,7/8 - THIS,True,7/8 - THIS,7/8 - THIS,7/8 - THIS,7/8 - THIS,7/8 - THIS,7/8 - THIS,7/8 - THIS,True,7/8 - THIS,7/8 - THIS,True,7/8 - THIS,7/8 - THIS,True,True,1,0,19,0
853,28.433,sea,17,word,7/8 - THIS,7/8 - THIS,7/8 - THIS,,True,7/8 - THIS,7/8 - THIS,7/8 - THIS,7/8 - THIS,7/8 - THIS,7/8 - THIS,7/8 - THIS,True,7/8 - THIS,7/8 - THIS,True,7/8 - THIS,7/8 - THIS,True,True,1,0,24,0
854,28.467,sea,17,word,7/8 - THIS,7/8 - THIS,7/8 - THIS,,True,7/8 - THIS,7/8 - THIS,7/8 - THIS,7/8 - THIS,7/8 - THIS,7/8 - THIS,7/8 - THIS,True,7/8 - THIS,7/8 - THIS,True,7/8 - THIS,7/8 - THIS,True,True,1,0,25,0
855,28.5,sea,17,word,7/8 - THIS,7/8 - THIS,7/8 - THIS,,True,7/8 - THIS,7/8 - THIS,7/8 - THIS,7/8 - THIS,7/8 - THIS,7/8 - THIS,7/8 - THIS,True,7/8 - THIS,7/8 - THIS,True,7/8 - THIS,7/8 - THIS,True,True,1,0,25,0
856,28.533,sea,17,word,7/8 - THIS,7/8 - THIS,7/8 - THIS,,True,7/8 - THIS,7/8 - THIS,7/8 - THIS,7/8 - THIS,7/8 - THIS,7/8 - THIS,7/8 - THIS,True,7/8 - THIS,7/8 - THIS,True,7/8 - THIS,7/8 - THIS,True,True,1,1,25,0
857,28.567,sea,17,word,7/8 - THIS,7/8 - THIS,7/8 - THIS,,True,7/8 - THIS,7/8 - THIS,7/8 - THIS,7/8 - THIS,7/8 - THIS,7/8 - THIS,7/8 - THIS,True,7/8 - THIS,7/8 - THIS,True,7/8 - THIS,7/8 - THIS,True,True,0,1,23,0
858,28.6,sea,17,word,7/8 - THIS,7/8 - THIS,7/8 - THIS,,True,7/8 - THIS,7/8 - THIS,7/8 - THIS,7/8 - THIS,7/8 - THIS,7/8 - THIS,7/8 - THIS,True,7/8 - THIS,7/8 - THIS,True,7/8 - THIS,7/8 - THIS,True,True,0,1,23,0
859,28.633,sea,17,word,7/8 - THIS,7/8 - THIS,7/8 - THIS,,True,7/8 - THIS,7/8 - THIS,7/8 - THIS,7/8 - THIS,7/8 - THIS,7/8 - THIS,7/8 - THIS,True,7/8 - THIS,7/8 - THIS,True,7/8 - THIS,7/8 - THIS,True,True,0,1,22,0
860,28.667,sea,17,word,7/8 - THIS,7/8 - THIS,7/8 - THIS,,True,7/8 - THIS,7/8 - THIS,7/8 - THIS,7/8 - THIS,7/8 - THIS,7/8 - THIS,7/8 - THIS,True,7/8 - THIS,7/8 - THIS,True,7/8 - THIS,7/8 - THIS,True,True,1,2,21,0
861,28.7,sea,17,word,7/8 - THIS,7/8 - THIS,7/8 - THIS,,True,7/8 - THIS,7/8 - THIS,7/8 - THIS,7/8 - THIS,7/8 - THIS,7/8 - THIS,7/8 - THIS,True,7/8 - THIS,7/8 - THIS,True,7/8 - THIS,7/8 - THIS,True,True,1,1,21,0
862,28.733,sea,17,word,7/8 - THIS,7/8 - THIS,7/8 - THIS,,True,7/8 - THIS,7/8 - THIS,7/8 - THIS,7/8 - THIS,7/8 - THIS,7/8 - THIS,7/8 - THIS,True,7/8 - THIS,7/8 - THIS,True,7/8 - THIS,7/8 - THIS,True,True,1,1,19,0
863,28.767,sea,17,word,7/8 - THIS,7/8 - THIS,7/8 - THIS,,True,7/8 - THIS,7/8 - THIS,7/8 - THIS,7/8 - THIS,7/8 - THIS,7/8 - THIS,7/8 - THIS,True,7/8 - THIS,7/8 - THIS,True,7/8 - THIS,7/8 - THIS,True,True,2,1,19,0
864,28.8,sea,17,word,7/8 - THIS,7/8 - THIS,7/8 - THIS,,True,7/8 - THIS,7/8 - THIS,7/8 - THIS,7/8 - THIS,7/8 - THIS,7/8 - THIS,7/8 - THIS,True,7/8 - THIS,7/8 - THIS,True,7/8 - THIS,7/8 - THIS,True,True,1,1,18,0
865,28.833,sea,17,word,7/8 - THIS,7/8 - THIS,7/8 - THIS,,True,7/8 - THIS,7/8 - THIS,7/8 - THIS,7/8 - THIS,7/8 - THIS,7/8 - THIS,7/8 - THIS,True,7/8 - THIS,7/8 - THIS,True,7/8 - THIS,7/8 - THIS,True,True,1,1,18,0
866,28.867,sea,17,word,7/8 - THIS,7/8 - THIS,7/8 - THIS,,True,7/8 - THIS,7/8 - THIS,7/8 - THIS,7/8 - THIS,7/8 - THIS,7/8 - THIS,7/8 - THIS,True,7/8 - THIS,7/8 - THIS,True,7/8 - THIS,7/8 - THIS,True,True,0,0,14,0
867,28.9,sea,17,word,7/8 - THIS,7/8 - THIS,7/8 - THIS,,True,7/8 - THIS,7/8 - THIS,7/8 - THIS,7/8 - THIS,7/8 - THIS,7/8 - THIS,7/8 - THIS,True,7/8 - THIS,7/8 - THIS,True,7/8 - THIS,7/8 - THIS,True,True,1,1,12,0
868,28.933,sea,17,word,7/8 - THIS,7/8 - THIS,7/8 - THIS,,True,7/8 - THIS,7/8 - THIS,7/8 - THIS,7/8 - THIS,7/8 - THIS,7/8 - THIS,7/8 - THIS,True,7/8 - THIS,7/8 - THIS,True,7/8 - THIS,7/8 - THIS,True,True,1,1,9,0
869,28.967,sea,17,word,7/8 - THIS,7/8 - THIS,7/8 - THIS,,True,7/8 - THIS,7/8 - THIS,7/8 - THIS,7/8 - THIS,7/8 - THIS,7/8 - THIS,7/8 - THIS,True,7/8 - THIS,7/8 - THIS,True,7/8 - THIS,7/8 - THIS,True,True,1,1,7,0
870,29.0,sea,17,word,7/8 - THIS,7/8 - THIS,7/8 - THIS,,True,7/8 - THIS,7/8 - THIS,7/8 - THIS,7/8 - THIS,7/8 - THIS,7/8 - THIS,7/8 - THIS,True,7/8 - THIS,7/8 - THIS,True,7/8 - THIS,7/8 - THIS,True,True,1,1,8,0
871,29.033,sea,17,word,7/8 - THIS,7/8 - THIS,7/8 - THIS,,True,7/8 - THIS,7/8 - THIS,7/8 - THIS,7/8 - THIS,7/8 - THIS,7/8 - THIS,7/8 - THIS,True,7/8 - THIS,7/8 - THIS,True,7/8 - THIS,7/8 - THIS,True,True,1,1,6,0
872,29.067,sea,17,word,7/8 - THIS,7/8 - THIS,7/8 - THIS,,True,7/8 - THIS,7/8 - THIS,7/8 - THIS,7/8 - THIS,7/8 - THIS,7/8 - THIS,7/8 - THIS,True,7/8 - THIS,7/8 - THIS,True,7/8 - THIS,7/8 - THIS,True,True,1,1,7,0
873,29.1,sea,17,word,7/8 - THIS,7/8 - THIS,7/8 - THIS,,True,7/8 - THIS,7/8 - THIS,7/8 - THIS,7/8 - THIS,7/8 - THIS,7/8 - THIS,7/8 - THIS,True,7/8 - THIS,7/8 - THIS,True,7/8 - THIS,7/8 - THIS,True,True,1,1,7,0
874,29.133,sea,17,word,7/8 - THIS,7/8 - THIS,7/8 - THIS,,True,7/8 - THIS,7/8 - THIS,7/8 - THIS,7/8 - THIS,7/8 - THIS,7/8 - THIS,7/8 - THIS,True,7/8 - THIS,7/8 - THIS,True,7/8 - THIS,7/8 - THIS,True,True,1,1,7,0
875,29.167,sea,17,word,7/8 - THIS,7/8 - THIS,7/8 - THIS,,True,7/8 - THIS,7/8 - THIS,7/8 - THIS,7/8 - THIS,7/8 - THIS,7/8 - THIS,7/8 - THIS,True,7/8 - THIS,7/8 - THIS,True,7/8 - THIS,7/8 - THIS,True,True,1,1,8,0
876,29.2,sea,17,word,7/8 - THIS,7/8 - THIS,7/8 - THIS,,True,7/8 - THIS,7/8 - THIS,7/8 - THIS,7/8 - THIS,7/8 - THIS,7/8 - THIS,7/8 - THIS,True,7/8 - THIS,7/8 - THIS,True,7/8 - THIS,7/8 - THIS,True,True,1,1,8,0
877,29.233,sea,17,word,7/8 - THIS,7/8 - THIS,7/8 - THIS,,True,7/8 - THIS,7/8 - THIS,7/8 - THIS,7/8 - THIS,7/8 - THIS,7/8 - THIS,7/8 - THIS,True,7/8 - THIS,7/8 - THIS,True,7/8 - THIS,7/8 - THIS,True,True,1,2,8,0
878,29.267,sea,17,word,7/8 - THIS,7/8 - THIS,7/8 - THIS,,True,7/8 - THIS,7/8 - THIS,7/8 - THIS,7/8 - THIS,7/8 - THIS,7/8 - THIS,7/8 - THIS,True,7/8 - THIS,7/8 - THIS,True,7/8 - THIS,7/8 - THIS,True,True,1,2,8,0
879,29.3,sea,17,word,7/8 - THIS,7/8 - THIS,7/8 - THIS,,True,7/8 - THIS,7/8 - THIS,7/8 - THIS,7/8 - THIS,7/8 - THIS,7/8 - THIS,7/8 - THIS,True,7/8 - THIS,7/8 - THIS,True,7/8 - THIS,7/8 - THIS,True,True,1,2,8,0
880,29.333,sea,17,word,7/8 - THIS,7/8 - THIS,7/8 - THIS,,True,7/8 - THIS,7/8 - THIS,7/8 - THIS,7/8 - THIS,7/8 - THIS,7/8 - THIS,7/8 - THIS,True,7/8 - THIS,7/8 - THIS,True,7/8 - THIS,7/8 - THIS,True,True,1,2,8,0
881,29.367,sea,17,word,7/8 - THIS,7/8 - THIS,7/8 - THIS,,True,7/8 - THIS,7/8 - THIS,7/8 - THIS,7/8 - THIS,7/8 - THIS,7/8 - THIS,7/8 - THIS,True,7/8 - THIS,7/8 - THIS,True,7/8 - THIS,7/8 - THIS,True,True,1,2,8,0
882,29.4,sea,17,word,7/8 - THIS,7/8 - THIS,7/8 - THIS,,True,7/8 - THIS,7/8 - THIS,7/8 - THIS,7/8 - THIS,7/8 - THIS,7/8 - THIS,7/8 - THIS,True,7/8 - THIS,7/8 - THIS,True,7/8 - THIS,7/8 - THIS,True,True,1,2,8,0
883,29.433,sea,17,word,7/8 - THIS,7/8 - THIS,7/8 - THIS,,True,7/8 - THIS,7/8 - THIS,7/8 - THIS,7/8 - THIS,7/8 - THIS,7/8 - THIS,7/8 - THIS,True,7/8 - THIS,7/8 - THIS,True,7/8 - THIS,7/8 - THIS,True,True,1,1,5,0
884,29.467,sea,17,word,7/8 - THIS,7/8 - THIS,7/8 - THIS,,True,7/8 - THIS,7/8 - THIS,7/8 - THIS,7/8 - THIS,7/8 - THIS,7/8 - THIS,7/8 - THIS,True,7/8 - THIS,7/8 - THIS,True,7/8 - THIS,7/8 - THIS,True,True,0,1,4,0
885,29.5,sea,18,word,8/8 - FILM,8/8 - FILM,8/8 - FILM,,True,8/8 - FILM,8/8 - FILM,8/8 - FILM,8/8 - FILM,8/8 - FILM,8/8 - FILM,8/8 - FILM,True,8/8 - FILM,8/8 - FILM,True,8/8 - FILM,8/8 - FILM,True,True,1,0,7,0
886,29.533,sea,18,word,8/8 - FILM,8/8 - FILM,8/8 - FILM,,True,8/8 - FILM,8/8 - FILM,8/8 - FILM,8/8 - FILM,8/8 - FILM,8/8 - FILM,8/8 - FILM,True,8/8 - FILM,8/8 - FILM,True,8/8 - FILM,8/8 - FILM,True,True,1,1,8,0
887,29.567,sea,18,word,8/8 - FILM,8/8 - FILM,8/8 - FILM,,True,8/8 - FILM,8/8 - FILM,8/8 - FILM,8/8 - FILM,8/8 - FILM,8/8 - FILM,8/8 - FILM,True,8/8 - FILM,8/8 - FILM,True,8/8 - FILM,8/8 - FILM,True,True,2,0,10,0
888,29.6,sea,18,word,8/8 - FILM,8/8 - FILM,8/8 - FILM,,True,8/8 - FILM,8/8 - FILM,8/8 - FILM,8/8 - FILM,8/8 - FILM,8/8 - FILM,8/8 - FILM,True,8/8 - FILM,8/8 - FILM,True,8/8 - FILM,8/8 - FILM,True,True,2,1,12,0
889,29.633,sea,18,word,8/8 - FILM,8/8 - FILM,8/8 - FILM,8/8 - FILM,True,8/8 - FILM,8/8 - FILM,8/8 - FILM,8/8 - FILM,8/8 - FILM,8/8 - FILM,8/8 - FILM,True,8/8 - FILM,8/8 - FILM,True,8/8 - FILM,8/8 - FILM,True,True,2,1,14,0
890,29.667,sea,18,word,8/8 - FILM,8/8 - FILM,8/8 - FILM,8/8 - FILM,True,8/8 - FILM,8/8 - FILM,8/8 - FILM,8/8 - FILM,8/8 - FILM,8/8 - FILM,8/8 - FILM,True,8/8 - FILM,8/8 - FILM,True,8/8 - FILM,8/8 - FILM,True,True,2,1,17,0
891,29.7,sea,18,word,8/8 - FILM,8/8 - FILM,8/8 - FILM,8/8 - FILM,True,8/8 - FILM,8/8 - FILM,8/8 - FILM,8/8 - FILM,8/8 - FILM,8/8 - FILM,8/8 - FILM,True,8/8 - FILM,8/8 - FILM,True,8/8 - FILM,8/8 - FILM,True,True,1,1,17,0
892,29.733,sea,18,word,8/8 - FILM,8/8 - FILM,8/8 - FILM,8/8 - FILM,True,8/8 - FILM,8/8 - FILM,8/8 - FILM,8/8 - FILM,8/8 - FILM,8/8 - FILM,8/8 - FILM,True,8/8 - FILM,8/8 - FILM,True,8/8 - FILM,8/8 - FILM,True,True,0,1,17,0
893,29.767,sea,18,word,8/8 - FILM,8/8 - FILM,8/8 - FILM,8/8 - FILM,True,8/8 - FILM,8/8 - FILM,8/8 - FILM,8/8 - FILM,8/8 - FILM,8/8 - FILM,8/8 - FILM,True,8/8 - FILM,8/8 - FILM,True,8/8 - FILM,8/8 - FILM,True,True,1,1,17,0
894,29.8,sea,18,word,8/8 - FILM,8/8 - FILM,8/8 - FILM,8/8 - FILM,True,8/8 - FILM,8/8 - FILM,8/8 - FILM,8/8 - FILM,8/8 - FILM,8/8 - FILM,8/8 - FILM,True,8/8 - FILM,8/8 - FILM,True,8/8 - FILM,8/8 - FILM,True,True,1,1,16,0
895,29.833,sea,18,word,8/8 - FILM,8/8 - FILM,8/8 - FILM,8/8 - FILM,True,8/8 - FILM,8/8 - FILM,8/8 - FILM,8/8 - FILM,8/8 - FILM,8/8 - FILM,8/8 - FILM,True,8/8 - FILM,8/8 - FILM,True,8/8 - FILM,8/8 - FILM,True,True,0,1,16,0
896,29.867,sea,18,word,8/8 - FILM,8/8 - FILM,8/8 - FILM,,True,8/8 - FILM,8/8 - FILM,8/8 - FILM,8/8 - FILM,8/8 - FILM,8/8 - FILM,8/8 - FILM,True,8/8 - FILM,8/8 - FILM,True,8/8 - FILM,8/8 - FILM,True,True,0,1,16,0
897,29.9,sea,18,word,8/8 - FILM,8/8 - FILM,8/8 - FILM,,True,8/8 - FILM,8/8 - FILM,8/8 - FILM,8/8 - FILM,8/8 - FILM,8/8 - FILM,8/8 - FILM,True,8/8 - FILM,8/8 - FILM,True,8/8 - FILM,8/8 - FILM,True,True,1,1,17,0
898,29.933,sea,18,word,8/8 - FILM,8/8 - FILM,8/8 - FILM,,True,8/8 - FILM,8/8 - FILM,8/8 - FILM,8/8 - FILM,8/8 - FILM,8/8 - FILM,8/8 - FILM,True,8/8 - FILM,8/8 - FILM,True,8/8 - FILM,8/8 - FILM,True,True,1,1,18,0
899,29.967,sea,18,word,8/8 - FILM,8/8 - FILM,8/8 - FILM,8/8 - FILM,True,8/8 - FILM,8/8 - FILM,8/8 - FILM,8/8 - FILM,8/8 - FILM,8/8 - FILM,8/8 - FILM,True,8/8 - FILM,8/8 - FILM,True,8/8 - FILM,8/8 - FILM,True,True,1,1,18,0
900,30.0,sea,18,word,8/8 - FILM,8/8 - FILM,8/8 - FILM,8/8 - FILM,True,8/8 - FILM,8/8 - FILM,8/8 - FILM,8/8 - FILM,8/8 - FILM,8/8 - FILM,8/8 - FILM,True,8/8 - FILM,8/8 - FILM,True,8/8 - FILM,8/8 - FILM,True,True,1,1,18,0
901,30.033,sea,18,word,8/8 - FILM,8/8 - FILM,8/8 - FILM,8/8 - FILM,True,8/8 - FILM,8/8 - FILM,8/8 - FILM,8/8 - FILM,8/8 - FILM,8/8 - FILM,8/8 - FILM,True,8/8 - FILM,8/8 - FILM,True,8/8 - FILM,8/8 - FILM,True,True,1,1,16,0
902,30.067,sea,18,word,8/8 - FILM,8/8 - FILM,8/8 - FILM,,True,8/8 - FILM,8/8 - FILM,8/8 - FILM,8/8 - FILM,8/8 - FILM,8/8 - FILM,8/8 - FILM,True,8/8 - FILM,8/8 - FILM,True,8/8 - FILM,8/8 - FILM,True,True,1,1,21,0
903,30.1,sea,18,word,8/8 - FILM,8/8 - FILM,8/8 - FILM,,True,8/8 - FILM,8/8 - FILM,8/8 - FILM,8/8 - FILM,8/8 - FILM,8/8 - FILM,8/8 - FILM,True,8/8 - FILM,8/8 - FILM,True,8/8 - FILM,8/8 - FILM,True,True,1,1,19,0
904,30.133,sea,18,word,8/8 - FILM,8/8 - FILM,8/8 - FILM,,True,8/8 - FILM,8/8 - FILM,8/8 - FILM,8/8 - FILM,8/8 - FILM,8/8 - FILM,8/8 - FILM,True,8/8 - FILM,8/8 - FILM,True,8/8 - FILM,8/8 - FILM,True,True,1,1,21,0
905,30.167,sea,18,word,8/8 - FILM,8/8 - FILM,8/8 - FILM,,True,8/8 - FILM,8/8 - FILM,8/8 - FILM,8/8 - FILM,8/8 - FILM,8/8 - FILM,8/8 - FILM,True,8/8 - FILM,8/8 - FILM,True,8/8 - FILM,8/8 - FILM,True,True,1,1,20,0
906,30.2,sea,18,word,8/8 - FILM,8/8 - FILM,8/8 - FILM,,True,8/8 - FILM,8/8 - FILM,8/8 - FILM,8/8 - FILM,8/8 - FILM,8/8 - FILM,8/8 - FILM,True,8/8 - FILM,8/8 - FILM,True,8/8 - FILM,8/8 - FILM,True,True,1,1,17,0
907,30.233,sea,18,word,8/8 - FILM,8/8 - FILM,8/8 - FILM,,True,8/8 - FILM,8/8 - FILM,8/8 - FILM,8/8 - FILM,8/8 - FILM,8/8 - FILM,8/8 - FILM,True,8/8 - FILM,8/8 - FILM,True,8/8 - FILM,8/8 - FILM,True,True,1,1,21,0
908,30.267,sea,18,word,8/8 - FILM,8/8 - FILM,8/8 - FILM,,True,8/8 - FILM,8/8 - FILM,8/8 - FILM,8/8 - FILM,8/8 - FILM,8/8 - FILM,8/8 - FILM,True,8/8 - FILM,8/8 - FILM,True,8/8 - FILM,8/8 - FILM,True,True,1,2,24,0
909,30.3,sea,18,word,8/8 - FILM,8/8 - FILM,8/8 - FILM,,True,8/8 - FILM,8/8 - FILM,8/8 - FILM,8/8 - FILM,8/8 - FILM,8/8 - FILM,8/8 - FILM,True,8/8 - FILM,8/8 - FILM,True,8/8 - FILM,8/8 - FILM,True,True,0,1,24,0
910,30.333,sea,18,word,8/8 - FILM,8/8 - FILM,8/8 - FILM,,True,8/8 - FILM,8/8 - FILM,8/8 - FILM,8/8 - FILM,8/8 - FILM,8/8 - FILM,8/8 - FILM,True,8/8 - FILM,8/8 - FILM,True,8/8 - FILM,8/8 - FILM,True,True,0,0,21,0
911,30.367,sea,18,word,8/8 - FILM,8/8 - FILM,8/8 - FILM,,True,8/8 - FILM,8/8 - FILM,8/8 - FILM,8/8 - FILM,8/8 - FILM,8/8 - FILM,8/8 - FILM,True,8/8 - FILM,8/8 - FILM,True,8/8 - FILM,8/8 - FILM,True,True,0,1,25,0
912,30.4,sea,18,word,8/8 - FILM,8/8 - FILM,8/8 - FILM,,True,8/8 - FILM,8/8 - FILM,8/8 - FILM,8/8 - FILM,8/8 - FILM,8/8 - FILM,8/8 - FILM,True,8/8 - FILM,8/8 - FILM,True,8/8 - FILM,8/8 - FILM,True,True,0,1,24,0
913,30.433,sea,18,word,8/8 - FILM,8/8 - FILM,8/8 - FILM,,True,8/8 - FILM,8/8 - FILM,8/8 - FILM,8/8 - FILM,8/8 - FILM,8/8 - FILM,8/8 - FILM,True,8/8 - FILM,8/8 - FILM,True,8/8 - FILM,8/8 - FILM,True,True,0,1,24,0
914,30.467,sea,18,word,8/8 - FILM,8/8 - FILM,8/8 - FILM,,True,8/8 - FILM,8/8 - FILM,8/8 - FILM,8/8 - FILM,8/8 - FILM,8/8 - FILM,8/8 - FILM,True,8/8 - FILM,8/8 - FILM,True,8/8 - FILM,8/8 - FILM,True,True,0,1,25,0
915,30.5,sea,18,word,8/8 - FILM,8/8 - FILM,8/8 - FILM,,True,8/8 - FILM,8/8 - FILM,8/8 - FILM,8/8 - FILM,8/8 - FILM,8/8 - FILM,8/8 - FILM,True,8/8 - FILM,8/8 - FILM,True,8/8 - FILM,8/8 - FILM,True,True,0,0,27,0
916,30.533,sea,18,word,8/8 - FILM,8/8 - FILM,8/8 - FILM,,True,8/8 - FILM,8/8 - FILM,8/8 - FILM,8/8 - FILM,8/8 - FILM,8/8 - FILM,8/8 - FILM,True,8/8 - FILM,8/8 - FILM,True,8/8 - FILM,8/8 - FILM,True,True,0,0,29,0
917,30.567,sea,18,word,8/8 - FILM,8/8 - FILM,8/8 - FILM,,True,8/8 - FILM,8/8 - FILM,8/8 - FILM,8/8 - FILM,8/8 - FILM,8/8 - FILM,8/8 - FILM,True,8/8 - FILM,8/8 - FILM,True,8/8 - FILM,8/8 - FILM,True,True,0,0,29,0
918,30.6,sea,18,word,8/8 - FILM,8/8 - FILM,8/8 - FILM,,True,8/8 - FILM,8/8 - FILM,8/8 - FILM,8/8 - FILM,8/8 - FILM,8/8 - FILM,8/8 - FILM,True,8/8 - FILM,8/8 - FILM,True,8/8 - FILM,8/8 - FILM,True,True,0,1,29,0
919,30.633,sea,18,word,8/8 - FILM,8/8 - FILM,8/8 - FILM,8/8 - FILM,True,8/8 - FILM,8/8 - FILM,8/8 - FILM,8/8 - FILM,8/8 - FILM,8/8 - FILM,8/8 - FILM,True,8/8 - FILM,8/8 - FILM,True,8/8 - FILM,8/8 - FILM,True,True,0,1,31,0
920,30.667,sea,18,word,8/8 - FILM,8/8 - FILM,8/8 - FILM,8/8 - FILM,True,8/8 - FILM,8/8 - FILM,8/8 - FILM,8/8 - FILM,8/8 - FILM,8/8 - FILM,8/8 - FILM,True,8/8 - FILM,8/8 - FILM,True,8/8 - FILM,8/8 - FILM,True,True,0,1,33,0
921,30.7,sea,18,word,8/8 - FILM,8/8 - FILM,8/8 - FILM,8/8 - FILM,True,8/8 - FILM,8/8 - FILM,8/8 - FILM,8/8 - FILM,8/8 - FILM,8/8 - FILM,8/8 - FILM,True,8/8 - FILM,8/8 - FILM,True,8/8 - FILM,8/8 - FILM,True,True,0,0,32,0
922,30.733,sea,18,word,8/8 - FILM,8/8 - FILM,8/8 - FILM,8/8 - FILM,True,8/8 - FILM,8/8 - FILM,8/8 - FILM,8/8 - FILM,8/8 - FILM,8/8 - FILM,8/8 - FILM,True,8/8 - FILM,8/8 - FILM,True,8/8 - FILM,8/8 - FILM,True,True,0,0,33,0
923,30.767,sea,18,word,8/8 - FILM,8/8 - FILM,8/8 - FILM,8/8 - FILM,True,8/8 - FILM,8/8 - FILM,8/8 - FILM,8/8 - FILM,8/8 - FILM,8/8 - FILM,8/8 - FILM,True,8/8 - FILM,8/8 - FILM,True,8/8 - FILM,8/8 - FILM,True,True,0,1,33,0
924,30.8,sea,18,word,8/8 - FILM,8/8 - FILM,8/8 - FILM,8/8 - FILM,True,8/8 - FILM,8/8 - FILM,8/8 - FILM,8/8 - FILM,8/8 - FILM,8/8 - FILM,8/8 - FILM,True,8/8 - FILM,8/8 - FILM,True,8/8 - FILM,8/8 - FILM,True,True,0,1,32,0
925,30.833,sea,18,word,8/8 - FILM,8/8 - FILM,8/8 - FILM,8/8 - FILM,True,8/8 - FILM,8/8 - FILM,8/8 - FILM,8/8 - FILM,8/8 - FILM,8/8 - FILM,8/8 - FILM,True,8/8 - FILM,8/8 - FILM,True,8/8 - FILM,8/8 - FILM,True,True,0,1,26,0
926,30.867,sea,18,word,8/8 - FILM,8/8 - FILM,8/8 - FILM,8/8 - FILM,True,8/8 - FILM,8/8 - FILM,8/8 - FILM,8/8 - FILM,8/8 - FILM,8/8 - FILM,8/8 - FILM,True,8/8 - FILM,8/8 - FILM,True,8/8 - FILM,8/8 - FILM,True,True,0,1,26,0
927,30.9,sea,18,word,8/8 - FILM,8/8 - FILM,8/8 - FILM,8/8 - FILM,True,8/8 - FILM,8/8 - FILM,8/8 - FILM,8/8 - FILM,8/8 - FILM,8/8 - FILM,8/8 - FILM,True,8/8 - FILM,8/8 - FILM,True,8/8 - FILM,8/8 - FILM,True,True,0,1,26,0
928,30.933,sea,18,word,8/8 - FILM,8/8 - FILM,8/8 - FILM,8/8 - FILM,True,8/8 - FILM,8/8 - FILM,8/8 - FILM,8/8 - FILM,8/8 - FILM,8/8 - FILM,8/8 - FILM,True,8/8 - FILM,8/8 - FILM,True,8/8 - FILM,8/8 - FILM,True,True,0,1,26,0
929,30.967,sea,18,word,8/8 - FILM,8/8 - FILM,8/8 - FILM,8/8 - FILM,True,8/8 - FILM,8/8 - FILM,8/8 - FILM,8/8 - FILM,8/8 - FILM,8/8 - FILM,8/8 - FILM,True,8/8 - FILM,8/8 - FILM,True,8/8 - FILM,8/8 - FILM,True,True,0,1,22,0
930,31.0,sea,19,word,1/8 - YOU,1/8 - YOU,1/8 - YOU,1/8 - YOU,True,1/8 - YOU,1/8 - YOU,1/8 - YOU,1/8 - YOU,1/8 - YOU,1/8 - YOU,1/8 - YOU,True,1/8 - YOU,1/8 - YOU,True,1/8 - YOU,1/8 - YOU,True,True,0,0,26,0
931,31.033,sea,19,word,1/8 - YOU,1/8 - YOU,1/8 - YOU,1/8 - YOU,True,1/8 - YOU,1/8 - YOU,1/8 - YOU,1/8 - YOU,1/8 - YOU,1/8 - YOU,1/8 - YOU,True,1/8 - YOU,1/8 - YOU,True,1/8 - YOU,1/8 - YOU,True,True,0,0,28,0
932,31.067,sea,19,word,1/8 - YOU,1/8 - YOU,1/8 - YOU,1/8 - YOU,True,1/8 - YOU,1/8 - YOU,1/8 - YOU,1/8 - YOU,1/8 - YOU,1/8 - YOU,1/8 - YOU,True,1/8 - YOU,1/8 - YOU,True,1/8 - YOU,1/8 - YOU,True,True,0,0,28,0
933,31.1,sea,19,word,1/8 - YOU,1/8 - YOU,1/8 - YOU,1/8 - YOU,True,1/8 - YOU,1/8 - YOU,1/8 - YOU,1/8 - YOU,1/8 - YOU,1/8 - YOU,1/8 - YOU,True,1/8 - YOU,1/8 - YOU,True,1/8 - YOU,1/8 - YOU,True,True,0,0,30,0
934,31.133,sea,19,word,1/8 - YOU,1/8 - YOU,1/8 - YOU,1/8 - YOU,True,1/8 - YOU,1/8 - YOU,1/8 - YOU,1/8 - YOU,1/8 - YOU,1/8 - YOU,1/8 - YOU,True,1/8 - YOU,1/8 - YOU,True,1/8 - YOU,1/8 - YOU,True,True,0,0,31,0
935,31.167,sea,19,word,1/8 - YOU,1/8 - YOU,1/8 - YOU,1/8 - YOU,True,1/8 - YOU,1/8 - YOU,1/8 - YOU,1/8 - YOU,1/8 - YOU,1/8 - YOU,1/8 - YOU,True,1/8 - YOU,1/8 - YOU,True,1/8 - YOU,1/8 - YOU,True,True,0,0,34,0
936,31.2,sea,19,word,1/8 - YOU,1/8 - YOU,1/8 - YOU,1/8 - YOU,True,1/8 - YOU,1/8 - YOU,1/8 - YOU,1/8 - YOU,1/8 - YOU,1/8 - YOU,1/8 - YOU,True,1/8 - YOU,1/8 - YOU,True,1/8 - YOU,1/8 - YOU,True,True,0,0,35,0
937,31.233,sea,19,word,1/8 - YOU,1/8 - YOU,1/8 - YOU,1/8 - YOU,True,1/8 - YOU,1/8 - YOU,1/8 - YOU,1/8 - YOU,1/8 - YOU,1/8 - YOU,1/8 - YOU,True,1/8 - YOU,1/8 - YOU,True,1/8 - YOU,1/8 - YOU,True,True,0,0,35,0
938,31.267,sea,19,word,1/8 - YOU,1/8 - YOU,1/8 - YOU,1/8 - YOU,True,1/8 - YOU,1/8 - YOU,1/8 - YOU,1/8 - YOU,1/8 - YOU,1/8 - YOU,1/8 - YOU,True,1/8 - YOU,1/8 - YOU,True,1/8 - YOU,1/8 - YOU,True,True,0,0,38,0
939,31.3,sea,19,word,1/8 - YOU,1/8 - YOU,1/8 - YOU,1/8 - YOU,True,1/8 - YOU,1/8 - YOU,1/8 - YOU,1/8 - YOU,1/8 - YOU,1/8 - YOU,1/8 - YOU,True,1/8 - YOU,1/8 - YOU,True,1/8 - YOU,1/8 - YOU,True,True,0,0,37,0
940,31.333,sea,19,word,1/8 - YOU,1/8 - YOU,1/8 - YOU,1/8 - YOU,True,1/8 - YOU,1/8 - YOU,1/8 - YOU,1/8 - YOU,1/8 - YOU,1/8 - YOU,1/8 - YOU,True,1/8 - YOU,1/8 - YOU,True,1/8 - YOU,1/8 - YOU,True,True,0,1,39,0
941,31.367,sea,19,word,1/8 - YOU,1/8 - YOU,1/8 - YOU,1/8 - YOU,True,1/8 - YOU,1/8 - YOU,1/8 - YOU,1/8 - YOU,1/8 - YOU,1/8 - YOU,1/8 - YOU,True,1/8 - YOU,1/8 - YOU,True,1/8 - YOU,1/8 - YOU,True,True,0,0,41,0
942,31.4,sea,19,word,1/8 - YOU,1/8 - YOU,1/8 - YOU,1/8 - YOU,True,1/8 - YOU,1/8 - YOU,1/8 - YOU,1/8 - YOU,1/8 - YOU,1/8 - YOU,1/8 - YOU,True,1/8 - YOU,1/8 - YOU,True,1/8 - YOU,1/8 - YOU,True,True,0,0,41,0
943,31.433,sea,19,word,1/8 - YOU,1/8 - YOU,1/8 - YOU,1/8 - YOU,True,1/8 - YOU,1/8 - YOU,1/8 - YOU,1/8 - YOU,1/8 - YOU,1/8 - YOU,1/8 - YOU,True,1/8 - YOU,1/8 - YOU,True,1/8 - YOU,1/8 - YOU,True,True,0,1,40,0
944,31.467,sea,19,word,1/8 - YOU,1/8 - YOU,1/8 - YOU,1/8 - YOU,True,1/8 - YOU,1/8 - YOU,1/8 - YOU,1/8 - YOU,1/8 - YOU,1/8 - YOU,1/8 - YOU,True,1/8 - YOU,1/8 - YOU,True,1/8 - YOU,1/8 - YOU,True,True,1,1,40,0
945,31.5,sea,19,word,1/8 - YOU,1/8 - YOU,1/8 - YOU,,True,1/8 - YOU,1/8 - YOU,1/8 - YOU,1/8 - YOU,1/8 - YOU,1/8 - YOU,1/8 - YOU,True,1/8 - YOU,1/8 - YOU,True,1/8 - YOU,1/8 - YOU,True,True,1,1,39,0
946,31.533,sea,19,word,1/8 - YOU,1/8 - YOU,1/8 - YOU,1/8 - YOU,True,1/8 - YOU,1/8 - YOU,1/8 - YOU,1/8 - YOU,1/8 - YOU,1/8 - YOU,1/8 - YOU,True,1/8 - YOU,1/8 - YOU,True,1/8 - YOU,1/8 - YOU,True,True,1,1,36,0
947,31.567,sea,19,word,1/8 - YOU,1/8 - YOU,1/8 - YOU,1/8 - YOU,True,1/8 - YOU,1/8 - YOU,1/8 - YOU,1/8 - YOU,1/8 - YOU,1/8 - YOU,1/8 - YOU,True,1/8 - YOU,1/8 - YOU,True,1/8 - YOU,1/8 - YOU,True,True,1,0,41,0
948,31.6,sea,19,word,1/8 - YOU,1/8 - YOU,1/8 - YOU,1/8 - YOU,True,1/8 - YOU,1/8 - YOU,1/8 - YOU,1/8 - YOU,1/8 - YOU,1/8 - YOU,1/8 - YOU,True,1/8 - YOU,1/8 - YOU,True,1/8 - YOU,1/8 - YOU,True,True,1,1,37,0
949,31.633,sea,19,word,1/8 - YOU,1/8 - YOU,1/8 - YOU,1/8 - YOU,True,1/8 - YOU,1/8 - YOU,1/8 - YOU,1/8 - YOU,1/8 - YOU,1/8 - YOU,1/8 - YOU,True,1/8 - YOU,1/8 - YOU,True,1/8 - YOU,1/8 - YOU,True,True,1,0,37,0
950,31.667,sea,19,word,1/8 - YOU,1/8 - YOU,1/8 - YOU,1/8 - YOU,True,1/8 - YOU,1/8 - YOU,1/8 - YOU,1/8 - YOU,1/8 - YOU,1/8 - YOU,1/8 - YOU,True,1/8 - YOU,1/8 - YOU,True,1/8 - YOU,1/8 - YOU,True,True,0,0,37,0
951,31.7,sea,19,word,1/8 - YOU,1/8 - YOU,1/8 - YOU,1/8 - YOU,True,1/8 - YOU,1/8 - YOU,1/8 - YOU,1/8 - YOU,1/8 - YOU,1/8 - YOU,1/8 - YOU,True,1/8 - YOU,1/8 - YOU,True,1/8 - YOU,1/8 - YOU,True,True,0,0,36,0
952,31.733,sea,19,word,1/8 - YOU,1/8 - YOU,1/8 - YOU,1/8 - YOU,True,1/8 - YOU,1/8 - YOU,1/8 - YOU,1/8 - YOU,1/8 - YOU,1/8 - YOU,1/8 - YOU,True,1/8 - YOU,1/8 - YOU,True,1/8 - YOU,1/8 - YOU,True,True,0,0,37,0
953,31.767,sea,19,word,1/8 - YOU,1/8 - YOU,1/8 - YOU,1/8 - YOU,True,1/8 - YOU,1/8 - YOU,1/8 - YOU,1/8 - YOU,1/8 - YOU,1/8 - YOU,1/8 - YOU,True,1/8 - YOU,1/8 - YOU,True,1/8 - YOU,1/8 - YOU,True,True,0,0,38,0
954,31.8,sea,19,word,1/8 - YOU,1/8 - YOU,1/8 - YOU,1/8 - YOU,True,1/8 - YOU,1/8 - YOU,1/8 - YOU,1/8 - YOU,1/8 - YOU,1/8 - YOU,1/8 - YOU,True,1/8 - YOU,1/8 - YOU,True,1/8 - YOU,1/8 - YOU,True,True,0,1,35,0
955,31.833,sea,19,word,1/8 - YOU,1/8 - YOU,1/8 - YOU,1/8 - YOU,True,1/8 - YOU,1/8 - YOU,1/8 - YOU,1/8 - YOU,1/8 - YOU,1/8 - YOU,1/8 - YOU,True,1/8 - YOU,1/8 - YOU,True,1/8 - YOU,1/8 - YOU,True,True,0,1,32,0
956,31.867,sea,19,word,1/8 - YOU,1/8 - YOU,1/8 - YOU,1/8 - YOU,True,1/8 - YOU,1/8 - YOU,1/8 - YOU,1/8 - YOU,1/8 - YOU,1/8 - YOU,1/8 - YOU,True,1/8 - YOU,1/8 - YOU,True,1/8 - YOU,1/8 - YOU,True,True,0,1,32,0
957,31.9,sea,19,word,1/8 - YOU,1/8 - YOU,1/8 - YOU,1/8 - YOU,True,1/8 - YOU,1/8 - YOU,1/8 - YOU,1/8 - YOU,1/8 - YOU,1/8 - YOU,1/8 - YOU,True,1/8 - YOU,1/8 - YOU,True,1/8 - YOU,1/8 - YOU,True,True,1,2,32,0
958,31.933,sea,19,word,1/8 - YOU,1/8 - YOU,1/8 - YOU,1/8 - YOU,True,1/8 - YOU,1/8 - YOU,1/8 - YOU,1/8 - YOU,1/8 - YOU,1/8 - YOU,1/8 - YOU,True,1/8 - YOU,1/8 - YOU,True,1/8 - YOU,1/8 - YOU,True,True,1,2,31,0
959,31.967,sea,19,word,1/8 - YOU,1/8 - YOU,1/8 - YOU,1/8 - YOU,True,1/8 - YOU,1/8 - YOU,1/8 - YOU,1/8 - YOU,1/8 - YOU,1/8 - YOU,1/8 - YOU,True,1/8 - YOU,1/8 - YOU,True,1/8 - YOU,1/8 - YOU,True,True,1,2,30,0
960,32.0,sea,19,word,1/8 - YOU,1/8 - YOU,1/8 - YOU,1/8 - YOU,True,1/8 - YOU,1/8 - YOU,1/8 - YOU,1/8 - YOU,1/8 - YOU,1/8 - YOU,1/8 - YOU,True,1/8 - YOU,1/8 - YOU,True,1/8 - YOU,1/8 - YOU,True,True,2,2,30,0
961,32.033,sea,19,word,1/8 - YOU,1/8 - YOU,1/8 - YOU,1/8 - YOU,True,1/8 - YOU,1/8 - YOU,1/8 - YOU,1/8 - YOU,1/8 - YOU,1/8 - YOU,1/8 - YOU,True,1/8 - YOU,1/8 - YOU,True,1/8 - YOU,1/8 - YOU,True,True,2,2,28,0
962,32.067,sea,19,word,1/8 - YOU,1/8 - YOU,1/8 - YOU,1/8 - YOU,True,1/8 - YOU,1/8 - YOU,1/8 - YOU,1/8 - YOU,1/8 - YOU,1/8 - YOU,1/8 - YOU,True,1/8 - YOU,1/8 - YOU,True,1/8 - YOU,1/8 - YOU,True,True,1,2,32,0
963,32.1,sea,19,word,1/8 - YOU,1/8 - YOU,1/8 - YOU,1/8 - YOU,True,1/8 - YOU,1/8 - YOU,1/8 - YOU,1/8 - YOU,1/8 - YOU,1/8 - YOU,1/8 - YOU,True,1/8 - YOU,1/8 - YOU,True,1/8 - YOU,1/8 - YOU,True,True,1,2,32,0
964,32.133,sea,19,word,1/8 - YOU,1/8 - YOU,1/8 - YOU,1/8 - YOU,True,1/8 - YOU,1/8 - YOU,1/8 - YOU,1/8 - YOU,1/8 - YOU,1/8 - YOU,1/8 - YOU,True,1/8 - YOU,1/8 - YOU,True,1/8 - YOU,1/8 - YOU,True,True,1,1,35,0
965,32.167,sea,19,word,1/8 - YOU,1/8 - YOU,1/8 - YOU,1/8 - YOU,True,1/8 - YOU,1/8 - YOU,1/8 - YOU,1/8 - YOU,1/8 - YOU,1/8 - YOU,1/8 - YOU,True,1/8 - YOU,1/8 - YOU,True,1/8 - YOU,1/8 - YOU,True,True,1,1,29,0
966,32.2,sea,19,word,1/8 - YOU,1/8 - YOU,1/8 - YOU,1/8 - YOU,True,1/8 - YOU,1/8 - YOU,1/8 - YOU,1/8 - YOU,1/8 - YOU,1/8 - YOU,1/8 - YOU,True,1/8 - YOU,1/8 - YOU,True,1/8 - YOU,1/8 - YOU,True,True,1,1,29,0
967,32.233,sea,19,word,1/8 - YOU,1/8 - YOU,1/8 - YOU,1/8 - YOU,True,1/8 - YOU,1/8 - YOU,1/8 - YOU,1/8 - YOU,1/8 - YOU,1/8 - YOU,1/8 - YOU,True,1/8 - YOU,1/8 - YOU,True,1/8 - YOU,1/8 - YOU,True,True,0,1,27,0
968,32.267,sea,19,word,1/8 - YOU,1/8 - YOU,1/8 - YOU,1/8 - YOU,True,1/8 - YOU,1/8 - YOU,1/8 - YOU,1/8 - YOU,1/8 - YOU,1/8 - YOU,1/8 - YOU,True,1/8 - YOU,1/8 - YOU,True,1/8 - YOU,1/8 - YOU,True,True,0,1,28,0
969,32.3,sea,19,word,1/8 - YOU,1/8 - YOU,1/8 - YOU,1/8 - YOU,True,1/8 - YOU,1/8 - YOU,1/8 - YOU,1/8 - YOU,1/8 - YOU,1/8 - YOU,1/8 - YOU,True,1/8 - YOU,1/8 - YOU,True,1/8 - YOU,1/8 - YOU,True,True,0,1,27,0
970,32.333,sea,19,word,1/8 - YOU,1/8 - YOU,1/8 - YOU,1/8 - YOU,True,1/8 - YOU,1/8 - YOU,1/8 - YOU,1/8 - YOU,1/8 - YOU,1/8 - YOU,1/8 - YOU,True,1/8 - YOU,1/8 - YOU,True,1/8 - YOU,1/8 - YOU,True,True,0,1,26,0
971,32.367,sea,19,word,1/8 - YOU,1/8 - YOU,1/8 - YOU,1/8 - YOU,True,1/8 - YOU,1/8 - YOU,1/8 - YOU,1/8 - YOU,1/8 - YOU,1/8 - YOU,1/8 - YOU,True,1/8 - YOU,1/8 - YOU,True,1/8 - YOU,1/8 - YOU,True,True,0,1,25,0
972,32.4,sea,19,word,1/8 - YOU,1/8 - YOU,1/8 - YOU,1/8 - YOU,True,1/8 - YOU,1/8 - YOU,1/8 - YOU,1/8 - YOU,1/8 - YOU,1/8 - YOU,1/8 - YOU,True,1/8 - YOU,1/8 - YOU,True,1/8 - YOU,1/8 - YOU,True,True,0,1,22,0
973,32.433,sea,19,word,1/8 - YOU,1/8 - YOU,1/8 - YOU,1/8 - YOU,True,1/8 - YOU,1/8 - YOU,1/8 - YOU,1/8 - YOU,1/8 - YOU,1/8 - YOU,1/8 - YOU,True,1/8 - YOU,1/8 - YOU,True,1/8 - YOU,1/8 - YOU,True,True,1,1,22,0
974,32.467,sea,19,word,1/8 - YOU,1/8 - YOU,1/8 - YOU,1/8 - YOU,True,1/8 - YOU,1/8 - YOU,1/8 - YOU,1/8 - YOU,1/8 - YOU,1/8 - YOU,1/8 - YOU,True,1/8 - YOU,1/8 - YOU,True,1/8 - YOU,1/8 - YOU,True,True,1,1,19,0
975,32.5,sea,20,word,2/8 - FOUND,2/8 - FOUND,2/8 - FOUND,2/8 - FOUND,True,2/8 - FOUND,2/8 - FOUND,2/8 - FOUND,2/8 - FOUND,2/8 - FOUND,2/8 - FOUND,2/8 - FOUND,True,2/8 - FOUND,2/8 - FOUND,True,2/8 - FOUND,2/8 - FOUND,True,True,2,2,27,0
976,32.533,sea,20,word,2/8 - FOUND,2/8 - FOUND,2/8 - FOUND,2/8 - FOUND,True,2/8 - FOUND,2/8 - FOUND,2/8 - FOUND,2/8 - FOUND,2/8 - FOUND,2/8 - FOUND,2/8 - FOUND,True,2/8 - FOUND,2/8 - FOUND,True,2/8 - FOUND,2/8 - FOUND,True,True,1,1,28,0
977,32.567,sea,20,word,2/8 - FOUND,2/8 - FOUND,2/8 - FOUND,2/8 - FOUND,True,2/8 - FOUND,2/8 - FOUND,2/8 - FOUND,2/8 - FOUND,2/8 - FOUND,2/8 - FOUND,2/8 - FOUND,True,2/8 - FOUND,2/8 - FOUND,True,2/8 - FOUND,2/8 - FOUND,True,True,1,1,28,0
978,32.6,sea,20,word,2/8 - FOUND,2/8 - FOUND,2/8 - FOUND,2/8 - FOUND,True,2/8 - FOUND,2/8 - FOUND,2/8 - FOUND,2/8 - FOUND,2/8 - FOUND,2/8 - FOUND,2/8 - FOUND,True,2/8 - FOUND,2/8 - FOUND,True,2/8 - FOUND,2/8 - FOUND,True,True,2,1,30,0
979,32.633,sea,20,word,2/8 - FOUND,2/8 - FOUND,2/8 - FOUND,2/8 - FOUND,True,2/8 - FOUND,2/8 - FOUND,2/8 - FOUND,2/8 - FOUND,2/8 - FOUND,2/8 - FOUND,2/8 - FOUND,True,2/8 - FOUND,2/8 - FOUND,True,2/8 - FOUND,2/8 - FOUND,True,True,2,1,32,0
980,32.667,sea,20,word,2/8 - FOUND,2/8 - FOUND,2/8 - FOUND,2/8 - FOUND,True,2/8 - FOUND,2/8 - FOUND,2/8 - FOUND,2/8 - FOUND,2/8 - FOUND,2/8 - FOUND,2/8 - FOUND,True,2/8 - FOUND,2/8 - FOUND,True,2/8 - FOUND,2/8 - FOUND,True,True,1,1,35,0
981,32.7,sea,20,word,2/8 - FOUND,2/8 - FOUND,2/8 - FOUND,2/8 - FOUND,True,2/8 - FOUND,2/8 - FOUND,2/8 - FOUND,2/8 - FOUND,2/8 - FOUND,2/8 - FOUND,2/8 - FOUND,True,2/8 - FOUND,2/8 - FOUND,True,2/8 - FOUND,2/8 - FOUND,True,True,2,1,36,0
982,32.733,sea,20,word,2/8 - FOUND,2/8 - FOUND,2/8 - FOUND,2/8 - FOUND,True,2/8 - FOUND,2/8 - FOUND,2/8 - FOUND,2/8 - FOUND,2/8 - FOUND,2/8 - FOUND,2/8 - FOUND,True,2/8 - FOUND,2/8 - FOUND,True,2/8 - FOUND,2/8 - FOUND,True,True,2,1,37,0
983,32.767,sea,20,word,2/8 - FOUND,2/8 - FOUND,2/8 - FOUND,2/8 - FOUND,True,2/8 - FOUND,2/8 - FOUND,2/8 - FOUND,2/8 - FOUND,2/8 - FOUND,2/8 - FOUND,2/8 - FOUND,True,2/8 - FOUND,2/8 - FOUND,True,2/8 - FOUND,2/8 - FOUND,True,True,2,1,38,0
984,32.8,sea,20,word,2/8 - FOUND,2/8 - FOUND,2/8 - FOUND,2/8 - FOUND,True,2/8 - FOUND,2/8 - FOUND,2/8 - FOUND,2/8 - FOUND,2/8 - FOUND,2/8 - FOUND,2/8 - FOUND,True,2/8 - FOUND,2/8 - FOUND,True,2/8 - FOUND,2/8 - FOUND,True,True,2,1,36,0
985,32.833,sea,20,word,2/8 - FOUND,2/8 - FOUND,2/8 - FOUND,2/8 - FOUND,True,2/8 - FOUND,2/8 - FOUND,2/8 - FOUND,2/8 - FOUND,2/8 - FOUND,2/8 - FOUND,2/8 - FOUND,True,2/8 - FOUND,2/8 - FOUND,True,2/8 - FOUND,2/8 - FOUND,True,True,1,1,36,0
986,32.867,sea,20,word,2/8 - FOUND,2/8 - FOUND,2/8 - FOUND,2/8 - FOUND,True,2/8 - FOUND,2/8 - FOUND,2/8 - FOUND,2/8 - FOUND,2/8 - FOUND,2/8 - FOUND,2/8 - FOUND,True,2/8 - FOUND,2/8 - FOUND,True,2/8 - FOUND,2/8 - FOUND,True,True,1,1,35,0
987,32.9,sea,20,word,2/8 - FOUND,2/8 - FOUND,2/8 - FOUND,2/8 - FOUND,True,2/8 - FOUND,2/8 - FOUND,2/8 - FOUND,2/8 - FOUND,2/8 - FOUND,2/8 - FOUND,2/8 - FOUND,True,2/8 - FOUND,2/8 - FOUND,True,2/8 - FOUND,2/8 - FOUND,True,True,1,1,35,0
988,32.933,sea,20,word,2/8 - FOUND,2/8 - FOUND,2/8 - FOUND,2/8 - FOUND,True,2/8 - FOUND,2/8 - FOUND,2/8 - FOUND,2/8 - FOUND,2/8 - FOUND,2/8 - FOUND,2/8 - FOUND,True,2/8 - FOUND,2/8 - FOUND,True,2/8 - FOUND,2/8 - FOUND,True,True,2,1,29,0
989,32.967,sea,20,word,2/8 - FOUND,2/8 - FOUND,2/8 - FOUND,2/8 - FOUND,True,2/8 - FOUND,2/8 - FOUND,2/8 - FOUND,2/8 - FOUND,2/8 - FOUND,2/8 - FOUND,2/8 - FOUND,True,2/8 - FOUND,2/8 - FOUND,True,2/8 - FOUND,2/8 - FOUND,True,True,2,1,28,0
990,33.0,sea,20,word,2/8 - FOUND,2/8 - FOUND,2/8 - FOUND,2/8 - FOUND,True,2/8 - FOUND,2/8 - FOUND,2/8 - FOUND,2/8 - FOUND,2/8 - FOUND,2/8 - FOUND,2/8 - FOUND,True,2/8 - FOUND,2/8 - FOUND,True,2/8 - FOUND,2/8 - FOUND,True,True,1,1,28,0
991,33.033,sea,20,word,2/8 - FOUND,2/8 - FOUND,2/8 - FOUND,2/8 - FOUND,True,2/8 - FOUND,2/8 - FOUND,2/8 - FOUND,2/8 - FOUND,2/8 - FOUND,2/8 - FOUND,2/8 - FOUND,True,2/8 - FOUND,2/8 - FOUND,True,2/8 - FOUND,2/8 - FOUND,True,True,1,1,27,0
992,33.067,sea,20,word,2/8 - FOUND,2/8 - FOUND,2/8 - FOUND,2/8 - FOUND,True,2/8 - FOUND,2/8 - FOUND,2/8 - FOUND,2/8 - FOUND,2/8 - FOUND,2/8 - FOUND,2/8 - FOUND,True,2/8 - FOUND,2/8 - FOUND,True,2/8 - FOUND,2/8 - FOUND,True,True,1,1,27,0
993,33.1,sea,20,word,2/8 - FOUND,2/8 - FOUND,2/8 - FOUND,,True,2/8 - FOUND,2/8 - FOUND,2/8 - FOUND,2/8 - FOUND,2/8 - FOUND,2/8 - FOUND,2/8 - FOUND,True,2/8 - FOUND,2/8 - FOUND,True,2/8 - FOUND,2/8 - FOUND,True,True,1,1,25,0
994,33.133,sea,20,word,2/8 - FOUND,2/8 - FOUND,2/8 - FOUND,,True,2/8 - FOUND,2/8 - FOUND,2/8 - FOUND,2/8 - FOUND,2/8 - FOUND,2/8 - FOUND,2/8 - FOUND,True,2/8 - FOUND,2/8 - FOUND,True,2/8 - FOUND,2/8 - FOUND,True,True,1,1,25,0
995,33.167,sea,20,word,2/8 - FOUND,2/8 - FOUND,2/8 - FOUND,,True,2/8 - FOUND,2/8 - FOUND,2/8 - FOUND,2/8 - FOUND,2/8 - FOUND,2/8 - FOUND,2/8 - FOUND,True,2/8 - FOUND,2/8 - FOUND,True,2/8 - FOUND,2/8 - FOUND,True,True,1,1,23,0
996,33.2,sea,20,word,2/8 - FOUND,2/8 - FOUND,2/8 - FOUND,2/8 - FOUND,True,2/8 - FOUND,2/8 - FOUND,2/8 - FOUND,2/8 - FOUND,2/8 - FOUND,2/8 - FOUND,2/8 - FOUND,True,2/8 - FOUND,2/8 - FOUND,True,2/8 - FOUND,2/8 - FOUND,True,True,1,1,19,0
997,33.233,sea,20,word,2/8 - FOUND,2/8 - FOUND,2/8 - FOUND,2/8 - FOUND,True,2/8 - FOUND,2/8 - FOUND,2/8 - FOUND,2/8 - FOUND,2/8 - FOUND,2/8 - FOUND,2/8 - FOUND,True,2/8 - FOUND,2/8 - FOUND,True,2/8 - FOUND,2/8 - FOUND,True,True,1,1,19,0
998,33.267,sea,20,word,2/8 - FOUND,2/8 - FOUND,2/8 - FOUND,,True,2/8 - FOUND,2/8 - FOUND,2/8 - FOUND,2/8 - FOUND,2/8 - FOUND,2/8 - FOUND,2/8 - FOUND,True,2/8 - FOUND,2/8 - FOUND,True,2/8 - FOUND,2/8 - FOUND,True,True,1,1,17,0
999,33.3,sea,20,word,2/8 - FOUND,2/8 - FOUND,2/8 - FOUND,,True,2/8 - FOUND,2/8 - FOUND,2/8 - FOUND,2/8 - FOUND,2/8 - FOUND,2/8 - FOUND,2/8 - FOUND,True,2/8 - FOUND,2/8 - FOUND,True,2/8 - FOUND,2/8 - FOUND,True,True,1,1,17,0
1000,33.333,sea,20,word,2/8 - FOUND,2/8 - FOUND,2/8 - FOUND,,True,2/8 - FOUND,2/8 - FOUND,2/8 - FOUND,2/8 - FOUND,2/8 - FOUND,2/8 - FOUND,2/8 - FOUND,True,2/8 - FOUND,2/8 - FOUND,True,2/8 - FOUND,2/8 - FOUND,True,True,1,1,17,0
1001,33.367,sea,20,word,2/8 - FOUND,2/8 - FOUND,2/8 - FOUND,,True,2/8 - FOUND,2/8 - FOUND,2/8 - FOUND,2/8 - FOUND,2/8 - FOUND,2/8 - FOUND,2/8 - FOUND,True,2/8 - FOUND,2/8 - FOUND,True,2/8 - FOUND,2/8 - FOUND,True,True,1,1,18,0
1002,33.4,sea,20,word,2/8 - FOUND,2/8 - FOUND,2/8 - FOUND,2/8 - FOUND,True,2/8 - FOUND,2/8 - FOUND,2/8 - FOUND,2/8 - FOUND,2/8 - FOUND,2/8 - FOUND,2/8 - FOUND,True,2/8 - FOUND,2/8 - FOUND,True,2/8 - FOUND,2/8 - FOUND,True,True,1,1,18,0
1003,33.433,sea,20,word,2/8 - FOUND,2/8 - FOUND,2/8 - FOUND,2/8 - FOUND,True,2/8 - FOUND,2/8 - FOUND,2/8 - FOUND,2/8 - FOUND,2/8 - FOUND,2/8 - FOUND,2/8 - FOUND,True,2/8 - FOUND,2/8 - FOUND,True,2/8 - FOUND,2/8 - FOUND,True,True,1,1,16,0
1004,33.467,sea,20,word,2/8 - FOUND,2/8 - FOUND,2/8 - FOUND,2/8 - FOUND,True,2/8 - FOUND,2/8 - FOUND,2/8 - FOUND,2/8 - FOUND,2/8 - FOUND,2/8 - FOUND,2/8 - FOUND,True,2/8 - FOUND,2/8 - FOUND,True,2/8 - FOUND,2/8 - FOUND,True,True,1,1,14,0
1005,33.5,sea,20,word,2/8 - FOUND,2/8 - FOUND,2/8 - FOUND,2/8 - FOUND,True,2/8 - FOUND,2/8 - FOUND,2/8 - FOUND,2/8 - FOUND,2/8 - FOUND,2/8 - FOUND,2/8 - FOUND,True,2/8 - FOUND,2/8 - FOUND,True,2/8 - FOUND,2/8 - FOUND,True,True,1,1,13,0
1006,33.533,sea,20,word,2/8 - FOUND,2/8 - FOUND,2/8 - FOUND,2/8 - FOUND,True,2/8 - FOUND,2/8 - FOUND,2/8 - FOUND,2/8 - FOUND,2/8 - FOUND,2/8 - FOUND,2/8 - FOUND,True,2/8 - FOUND,2/8 - FOUND,True,2/8 - FOUND,2/8 - FOUND,True,True,1,1,13,0
1007,33.567,sea,20,word,2/8 - FOUND,2/8 - FOUND,2/8 - FOUND,2/8 - FOUND,True,2/8 - FOUND,2/8 - FOUND,2/8 - FOUND,2/8 - FOUND,2/8 - FOUND,2/8 - FOUND,2/8 - FOUND,True,2/8 - FOUND,2/8 - FOUND,True,2/8 - FOUND,2/8 - FOUND,True,True,1,1,13,0
1008,33.6,sea,20,word,2/8 - FOUND,2/8 - FOUND,2/8 - FOUND,2/8 - FOUND,True,2/8 - FOUND,2/8 - FOUND,2/8 - FOUND,2/8 - FOUND,2/8 - FOUND,2/8 - FOUND,2/8 - FOUND,True,2/8 - FOUND,2/8 - FOUND,True,2/8 - FOUND,2/8 - FOUND,True,True,2,1,15,0
1009,33.633,sea,20,word,2/8 - FOUND,2/8 - FOUND,2/8 - FOUND,2/8 - FOUND,True,2/8 - FOUND,2/8 - FOUND,2/8 - FOUND,2/8 - FOUND,2/8 - FOUND,2/8 - FOUND,2/8 - FOUND,True,2/8 - FOUND,2/8 - FOUND,True,2/8 - FOUND,2/8 - FOUND,True,True,2,2,15,0
1010,33.667,sea,20,word,2/8 - FOUND,2/8 - FOUND,2/8 - FOUND,2/8 - FOUND,True,2/8 - FOUND,2/8 - FOUND,2/8 - FOUND,2/8 - FOUND,2/8 - FOUND,2/8 - FOUND,2/8 - FOUND,True,2/8 - FOUND,2/8 - FOUND,True,2/8 - FOUND,2/8 - FOUND,True,True,2,1,15,0
1011,33.7,sea,20,word,2/8 - FOUND,2/8 - FOUND,2/8 - FOUND,2/8 - FOUND,True,2/8 - FOUND,2/8 - FOUND,2/8 - FOUND,2/8 - FOUND,2/8 - FOUND,2/8 - FOUND,2/8 - FOUND,True,2/8 - FOUND,2/8 - FOUND,True,2/8 - FOUND,2/8 - FOUND,True,True,0,1,15,0
1012,33.733,sea,20,word,2/8 - FOUND,2/8 - FOUND,2/8 - FOUND,2/8 - FOUND,True,2/8 - FOUND,2/8 - FOUND,2/8 - FOUND,2/8 - FOUND,2/8 - FOUND,2/8 - FOUND,2/8 - FOUND,True,2/8 - FOUND,2/8 - FOUND,True,2/8 - FOUND,2/8 - FOUND,True,True,0,1,13,0
1013,33.767,sea,20,word,2/8 - FOUND,2/8 - FOUND,2/8 - FOUND,2/8 - FOUND,True,2/8 - FOUND,2/8 - FOUND,2/8 - FOUND,2/8 - FOUND,2/8 - FOUND,2/8 - FOUND,2/8 - FOUND,True,2/8 - FOUND,2/8 - FOUND,True,2/8 - FOUND,2/8 - FOUND,True,True,0,1,12,0
1014,33.8,sea,20,word,2/8 - FOUND,2/8 - FOUND,2/8 - FOUND,2/8 - FOUND,True,2/8 - FOUND,2/8 - FOUND,2/8 - FOUND,2/8 - FOUND,2/8 - FOUND,2/8 - FOUND,2/8 - FOUND,True,2/8 - FOUND,2/8 - FOUND,True,2/8 - FOUND,2/8 - FOUND,True,True,1,1,7,0
1015,33.833,sea,20,word,2/8 - FOUND,2/8 - FOUND,2/8 - FOUND,2/8 - FOUND,True,2/8 - FOUND,2/8 - FOUND,2/8 - FOUND,2/8 - FOUND,2/8 - FOUND,2/8 - FOUND,2/8 - FOUND,True,2/8 - FOUND,2/8 - FOUND,True,2/8 - FOUND,2/8 - FOUND,True,True,1,1,7,0
1016,33.867,sea,20,word,2/8 - FOUND,2/8 - FOUND,2/8 - FOUND,2/8 - FOUND,True,2/8 - FOUND,2/8 - FOUND,2/8 - FOUND,2/8 - FOUND,2/8 - FOUND,2/8 - FOUND,2/8 - FOUND,True,2/8 - FOUND,2/8 - FOUND,True,2/8 - FOUND,2/8 - FOUND,True,True,1,1,7,0
1017,33.9,sea,20,word,2/8 - FOUND,2/8 - FOUND,2/8 - FOUND,2/8 - FOUND,True,2/8 - FOUND,2/8 - FOUND,2/8 - FOUND,2/8 - FOUND,2/8 - FOUND,2/8 - FOUND,2/8 - FOUND,True,2/8 - FOUND,2/8 - FOUND,True,2/8 - FOUND,2/8 - FOUND,True,True,1,1,7,0
1018,33.933,sea,20,word,2/8 - FOUND,2/8 - FOUND,2/8 - FOUND,,True,2/8 - FOUND,2/8 - FOUND,2/8 - FOUND,2/8 - FOUND,2/8 - FOUND,2/8 - FOUND,2/8 - FOUND,True,2/8 - FOUND,2/8 - FOUND,True,2/8 - FOUND,2/8 - FOUND,True,True,1,1,6,0
1019,33.967,sea,20,word,2/8 - FOUND,2/8 - FOUND,2/8 - FOUND,,True,2/8 - FOUND,2/8 - FOUND,2/8 - FOUND,2/8 - FOUND,2/8 - FOUND,2/8 - FOUND,2/8 - FOUND,True,2/8 - FOUND,2/8 - FOUND,True,2/8 - FOUND,2/8 - FOUND,True,True,1,1,6,0
1020,34.0,city,21,word,3/8 - THE,3/8 - THE,3/8 - THE,3/8 - THE,True,3/8 - THE,3/8 - THE,3/8 - THE,3/8 - THE,3/8 - THE,3/8 - THE,3/8 - THE,True,3/8 - THE,3/8 - THE,True,3/8 - THE,3/8 - THE,True,True,2,1,13,0
1021,34.033,city,21,word,3/8 - THE,3/8 - THE,3/8 - THE,3/8 - THE,True,3/8 - THE,3/8 - THE,3/8 - THE,3/8 - THE,3/8 - THE,3/8 - THE,3/8 - THE,True,3/8 - THE,3/8 - THE,True,3/8 - THE,3/8 - THE,True,True,2,1,13,0
1022,34.067,city,21,word,3/8 - THE,3/8 - THE,3/8 - THE,3/8 - THE,True,3/8 - THE,3/8 - THE,3/8 - THE,3/8 - THE,3/8 - THE,3/8 - THE,3/8 - THE,True,3/8 - THE,3/8 - THE,True,3/8 - THE,3/8 - THE,True,True,2,1,13,0
1023,34.1,city,21,word,3/8 - THE,3/8 - THE,3/8 - THE,3/8 - THE,True,3/8 - THE,3/8 - THE,3/8 - THE,3/8 - THE,3/8 - THE,3/8 - THE,3/8 - THE,True,3/8 - THE,3/8 - THE,True,3/8 - THE,3/8 - THE,True,True,2,1,13,0
1024,34.133,city,21,word,3/8 - THE,3/8 - THE,3/8 - THE,3/8 - THE,True,3/8 - THE,3/8 - THE,3/8 - THE,3/8 - THE,3/8 - THE,3/8 - THE,3/8 - THE,True,3/8 - THE,3/8 - THE,True,3/8 - THE,3/8 - THE,True,True,2,1,13,0
1025,34.167,city,21,word,3/8 - THE,3/8 - THE,3/8 - THE,3/8 - THE,True,3/8 - THE,3/8 - THE,3/8 - THE,3/8 - THE,3/8 - THE,3/8 - THE,3/8 - THE,True,3/8 - THE,3/8 - THE,True,3/8 - THE,3/8 - THE,True,True,2,1,13,0
1026,34.2,city,21,word,3/8 - THE,3/8 - THE,3/8 - THE,3/8 - THE,True,3/8 - THE,3/8 - THE,3/8 - THE,3/8 - THE,3/8 - THE,3/8 - THE,3/8 - THE,True,3/8 - THE,3/8 - THE,True,3/8 - THE,3/8 - THE,True,True,2,1,15,0
1027,34.233,city,21,word,3/8 - THE,3/8 - THE,3/8 - THE,3/8 - THE,True,3/8 - THE,3/8 - THE,3/8 - THE,3/8 - THE,3/8 - THE,3/8 - THE,3/8 - THE,True,3/8 - THE,3/8 - THE,True,3/8 - THE,3/8 - THE,True,True,2,1,14,0
1028,34.267,city,21,word,3/8 - THE,3/8 - THE,3/8 - THE,3/8 - THE,True,3/8 - THE,3/8 - THE,3/8 - THE,3/8 - THE,3/8 - THE,3/8 - THE,3/8 - THE,True,3/8 - THE,3/8 - THE,True,3/8 - THE,3/8 - THE,True,True,2,1,14,0
1029,34.3,city,21,word,3/8 - THE,3/8 - THE,3/8 - THE,3/8 - THE,True,3/8 - THE,3/8 - THE,3/8 - THE,3/8 - THE,3/8 - THE,3/8 - THE,3/8 - THE,True,3/8 - THE,3/8 - THE,True,3/8 - THE,3/8 - THE,True,True,2,1,14,0
1030,34.333,city,21,word,3/8 - THE,3/8 - THE,3/8 - THE,3/8 - THE,True,3/8 - THE,3/8 - THE,3/8 - THE,3/8 - THE,3/8 - THE,3/8 - THE,3/8 - THE,True,3/8 - THE,3/8 - THE,True,3/8 - THE,3/8 - THE,True,True,2,0,13,0
1031,34.367,city,21,word,3/8 - THE,3/8 - THE,3/8 - THE,3/8 - THE,True,3/8 - THE,3/8 - THE,3/8 - THE,3/8 - THE,3/8 - THE,3/8 - THE,3/8 - THE,True,3/8 - THE,3/8 - THE,True,3/8 - THE,3/8 - THE,True,True,2,0,11,0
1032,34.4,city,21,word,3/8 - THE,3/8 - THE,3/8 - THE,3/8 - THE,True,3/8 - THE,3/8 - THE,3/8 - THE,3/8 - THE,3/8 - THE,3/8 - THE,3/8 - THE,True,3/8 - THE,3/8 - THE,True,3/8 - THE,3/8 - THE,True,True,1,0,8,0
1033,34.433,city,21,word,3/8 - THE,3/8 - THE,3/8 - THE,3/8 - THE,True,3/8 - THE,3/8 - THE,3/8 - THE,3/8 - THE,3/8 - THE,3/8 - THE,3/8 - THE,True,3/8 - THE,3/8 - THE,True,3/8 - THE,3/8 - THE,True,True,1,0,8,0
1034,34.467,city,21,word,3/8 - THE,3/8 - THE,3/8 - THE,3/8 - THE,True,3/8 - THE,3/8 - THE,3/8 - THE,3/8 - THE,3/8 - THE,3/8 - THE,3/8 - THE,True,3/8 - THE,3/8 - THE,True,3/8 - THE,3/8 - THE,True,True,1,0,7,0
1035,34.5,city,21,word,3/8 - THE,3/8 - THE,3/8 - THE,3/8 - THE,True,3/8 - THE,3/8 - THE,3/8 - THE,3/8 - THE,3/8 - THE,3/8 - THE,3/8 - THE,True,3/8 - THE,3/8 - THE,True,3/8 - THE,3/8 - THE,True,True,1,0,7,0
1036,34.533,city,21,word,3/8 - THE,3/8 - THE,3/8 - THE,3/8 - THE,True,3/8 - THE,3/8 - THE,3/8 - THE,3/8 - THE,3/8 - THE,3/8 - THE,3/8 - THE,True,3/8 - THE,3/8 - THE,True,3/8 - THE,3/8 - THE,True,True,1,0,7,0
1037,34.567,city,21,word,3/8 - THE,3/8 - THE,3/8 - THE,3/8 - THE,True,3/8 - THE,3/8 - THE,3/8 - THE,3/8 - THE,3/8 - THE,3/8 - THE,3/8 - THE,True,3/8 - THE,3/8 - THE,True,3/8 - THE,3/8 - THE,True,True,1,0,10,0
1038,34.6,city,21,word,3/8 - THE,3/8 - THE,3/8 - THE,3/8 - THE,True,3/8 - THE,3/8 - THE,3/8 - THE,3/8 - THE,3/8 - THE,3/8 - THE,3/8 - THE,True,3/8 - THE,3/8 - THE,True,3/8 - THE,3/8 - THE,True,True,1,0,10,0
1039,34.633,city,21,word,3/8 - THE,3/8 - THE,3/8 - THE,3/8 - THE,True,3/8 - THE,3/8 - THE,3/8 - THE,3/8 - THE,3/8 - THE,3/8 - THE,3/8 - THE,True,3/8 - THE,3/8 - THE,True,3/8 - THE,3/8 - THE,True,True,1,0,10,0
1040,34.667,city,21,word,3/8 - THE,3/8 - THE,3/8 - THE,3/8 - THE,True,3/8 - THE,3/8 - THE,3/8 - THE,3/8 - THE,3/8 - THE,3/8 - THE,3/8 - THE,True,3/8 - THE,3/8 - THE,True,3/8 - THE,3/8 - THE,True,True,1,0,10,0
1041,34.7,city,21,word,3/8 - THE,3/8 - THE,3/8 - THE,3/8 - THE,True,3/8 - THE,3/8 - THE,3/8 - THE,3/8 - THE,3/8 - THE,3/8 - THE,3/8 - THE,True,3/8 - THE,3/8 - THE,True,3/8 - THE,3/8 - THE,True,True,1,0,13,0
1042,34.733,city,21,word,3/8 - THE,3/8 - THE,3/8 - THE,3/8 - THE,True,3/8 - THE,3/8 - THE,3/8 - THE,3/8 - THE,3/8 - THE,3/8 - THE,3/8 - THE,True,3/8 - THE,3/8 - THE,True,3/8 - THE,3/8 - THE,True,True,1,0,14,0
1043,34.767,city,21,word,3/8 - THE,3/8 - THE,3/8 - THE,3/8 - THE,True,3/8 - THE,3/8 - THE,3/8 - THE,3/8 - THE,3/8 - THE,3/8 - THE,3/8 - THE,True,3/8 - THE,3/8 - THE,True,3/8 - THE,3/8 - THE,True,True,1,0,13,0
1044,34.8,city,21,word,3/8 - THE,3/8 - THE,3/8 - THE,3/8 - THE,True,3/8 - THE,3/8 - THE,3/8 - THE,3/8 - THE,3/8 - THE,3/8 - THE,3/8 - THE,True,3/8 - THE,3/8 - THE,True,3/8 - THE,3/8 - THE,True,True,1,1,13,0
1045,34.833,city,21,word,3/8 - THE,3/8 - THE,3/8 - THE,3/8 - THE,True,3/8 - THE,3/8 - THE,3/8 - THE,3/8 - THE,3/8 - THE,3/8 - THE,3/8 - THE,True,3/8 - THE,3/8 - THE,True,3/8 - THE,3/8 - THE,True,True,1,1,13,0
1046,34.867,city,21,word,3/8 - THE,3/8 - THE,3/8 - THE,3/8 - THE,True,3/8 - THE,3/8 - THE,3/8 - THE,3/8 - THE,3/8 - THE,3/8 - THE,3/8 - THE,True,3/8 - THE,3/8 - THE,True,3/8 - THE,3/8 - THE,True,True,1,1,13,0
1047,34.9,city,21,word,3/8 - THE,3/8 - THE,3/8 - THE,3/8 - THE,True,3/8 - THE,3/8 - THE,3/8 - THE,3/8 - THE,3/8 - THE,3/8 - THE,3/8 - THE,True,3/8 - THE,3/8 - THE,True,3/8 - THE,3/8 - THE,True,True,1,1,13,0
1048,34.933,city,21,word,3/8 - THE,3/8 - THE,3/8 - THE,3/8 - THE,True,3/8 - THE,3/8 - THE,3/8 - THE,3/8 - THE,3/8 - THE,3/8 - THE,3/8 - THE,True,3/8 - THE,3/8 - THE,True,3/8 - THE,3/8 - THE,True,True,1,1,14,0
1049,34.967,city,21,word,3/8 - THE,3/8 - THE,3/8 - THE,3/8 - THE,True,3/8 - THE,3/8 - THE,3/8 - THE,3/8 - THE,3/8 - THE,3/8 - THE,3/8 - THE,True,3/8 - THE,3/8 - THE,True,3/8 - THE,3/8 - THE,True,True,1,0,18,0
1050,35.0,city,21,word,3/8 - THE,3/8 - THE,3/8 - THE,3/8 - THE,True,3/8 - THE,3/8 - THE,3/8 - THE,3/8 - THE,3/8 - THE,3/8 - THE,3/8 - THE,True,3/8 - THE,3/8 - THE,True,3/8 - THE,3/8 - THE,True,True,1,0,19,0
1051,35.033,city,21,word,3/8 - THE,3/8 - THE,3/8 - THE,3/8 - THE,True,3/8 - THE,3/8 - THE,3/8 - THE,3/8 - THE,3/8 - THE,3/8 - THE,3/8 - THE,True,3/8 - THE,3/8 - THE,True,3/8 - THE,3/8 - THE,True,True,1,0,19,0
1052,35.067,city,21,word,3/8 - THE,3/8 - THE,3/8 - THE,3/8 - THE,True,3/8 - THE,3/8 - THE,3/8 - THE,3/8 - THE,3/8 - THE,3/8 - THE,3/8 - THE,True,3/8 - THE,3/8 - THE,True,3/8 - THE,3/8 - THE,True,True,1,0,19,0
1053,35.1,city,21,word,3/8 - THE,3/8 - THE,3/8 - THE,3/8 - THE,True,3/8 - THE,3/8 - THE,3/8 - THE,3/8 - THE,3/8 - THE,3/8 - THE,3/8 - THE,True,3/8 - THE,3/8 - THE,True,3/8 - THE,3/8 - THE,True,True,2,0,20,0
1054,35.133,city,21,word,3/8 - THE,3/8 - THE,3/8 - THE,3/8 - THE,True,3/8 - THE,3/8 - THE,3/8 - THE,3/8 - THE,3/8 - THE,3/8 - THE,3/8 - THE,True,3/8 - THE,3/8 - THE,True,3/8 - THE,3/8 - THE,True,True,2,1,22,0
1055,35.167,city,21,word,3/8 - THE,3/8 - THE,3/8 - THE,3/8 - THE,True,3/8 - THE,3/8 - THE,3/8 - THE,3/8 - THE,3/8 - THE,3/8 - THE,3/8 - THE,True,3/8 - THE,3/8 - THE,True,3/8 - THE,3/8 - THE,True,True,2,0,26,0
1056,35.2,city,21,word,3/8 - THE,3/8 - THE,3/8 - THE,3/8 - THE,True,3/8 - THE,3/8 - THE,3/8 - THE,3/8 - THE,3/8 - THE,3/8 - THE,3/8 - THE,True,3/8 - THE,3/8 - THE,True,3/8 - THE,3/8 - THE,True,True,1,0,36,0
1057,35.233,city,21,word,3/8 - THE,3/8 - THE,3/8 - THE,3/8 - THE,True,3/8 - THE,3/8 - THE,3/8 - THE,3/8 - THE,3/8 - THE,3/8 - THE,3/8 - THE,True,3/8 - THE,3/8 - THE,True,3/8 - THE,3/8 - THE,True,True,0,0,39,0
1058,35.267,city,21,word,3/8 - THE,3/8 - THE,3/8 - THE,3/8 - THE,True,3/8 - THE,3/8 - THE,3/8 - THE,3/8 - THE,3/8 - THE,3/8 - THE,3/8 - THE,True,3/8 - THE,3/8 - THE,True,3/8 - THE,3/8 - THE,True,True,0,0,42,0
1059,35.3,city,21,word,3/8 - THE,3/8 - THE,3/8 - THE,3/8 - THE,True,3/8 - THE,3/8 - THE,3/8 - THE,3/8 - THE,3/8 - THE,3/8 - THE,3/8 - THE,True,3/8 - THE,3/8 - THE,True,3/8 - THE,3/8 - THE,True,True,0,1,42,0
1060,35.333,city,21,word,3/8 - THE,3/8 - THE,3/8 - THE,3/8 - THE,True,3/8 - THE,3/8 - THE,3/8 - THE,3/8 - THE,3/8 - THE,3/8 - THE,3/8 - THE,True,3/8 - THE,3/8 - THE,True,3/8 - THE,3/8 - THE,True,True,1,1,42,0
1061,35.367,city,21,word,3/8 - THE,3/8 - THE,3/8 - THE,3/8 - THE,True,3/8 - THE,3/8 - THE,3/8 - THE,3/8 - THE,3/8 - THE,3/8 - THE,3/8 - THE,True,3/8 - THE,3/8 - THE,True,3/8 - THE,3/8 - THE,True,True,1,1,42,0
1062,35.4,city,21,word,3/8 - THE,3/8 - THE,3/8 - THE,,True,3/8 - THE,3/8 - THE,3/8 - THE,3/8 - THE,3/8 - THE,3/8 - THE,3/8 - THE,True,3/8 - THE,3/8 - THE,True,3/8 - THE,3/8 - THE,True,True,1,1,42,0
1063,35.433,city,21,word,3/8 - THE,3/8 - THE,3/8 - THE,,True,3/8 - THE,3/8 - THE,3/8 - THE,3/8 - THE,3/8 - THE,3/8 - THE,3/8 - THE,True,3/8 - THE,3/8 - THE,True,3/8 - THE,3/8 - THE,True,True,1,1,40,0
1064,35.467,city,21,word,3/8 - THE,3/8 - THE,3/8 - THE,,True,3/8 - THE,3/8 - THE,3/8 - THE,3/8 - THE,3/8 - THE,3/8 - THE,3/8 - THE,True,3/8 - THE,3/8 - THE,True,3/8 - THE,3/8 - THE,True,True,1,1,39,0
1065,35.5,city,22,word,4/8 - MESSAGE,4/8 - MESSAGE,4/8 - MESSAGE,4/8 - MESSAGE,True,4/8 - MESSAGE,4/8 - MESSAGE,4/8 - MESSAGE,4/8 - MESSAGE,4/8 - MESSAGE,4/8 - MESSAGE,4/8 - MESSAGE,True,4/8 - MESSAGE,4/8 - MESSAGE,True,4/8 - MESSAGE,4/8 - MESSAGE,True,True,1,1,11,0
1066,35.533,city,22,word,4/8 - MESSAGE,4/8 - MESSAGE,4/8 - MESSAGE,,True,4/8 - MESSAGE,4/8 - MESSAGE,4/8 - MESSAGE,4/8 - MESSAGE,4/8 - MESSAGE,4/8 - MESSAGE,4/8 - MESSAGE,True,4/8 - MESSAGE,4/8 - MESSAGE,True,4/8 - MESSAGE,4/8 - MESSAGE,True,True,1,1,13,0
1067,35.567,city,22,word,4/8 - MESSAGE,4/8 - MESSAGE,4/8 - MESSAGE,,True,4/8 - MESSAGE,4/8 - MESSAGE,4/8 - MESSAGE,4/8 - MESSAGE,4/8 - MESSAGE,4/8 - MESSAGE,4/8 - MESSAGE,True,4/8 - MESSAGE,4/8 - MESSAGE,True,4/8 - MESSAGE,4/8 - MESSAGE,True,True,1,1,13,0
1068,35.6,city,22,word,4/8 - MESSAGE,4/8 - MESSAGE,4/8 - MESSAGE,,True,4/8 - MESSAGE,4/8 - MESSAGE,4/8 - MESSAGE,4/8 - MESSAGE,4/8 - MESSAGE,4/8 - MESSAGE,4/8 - MESSAGE,True,4/8 - MESSAGE,4/8 - MESSAGE,True,4/8 - MESSAGE,4/8 - MESSAGE,True,True,1,1,13,0
1069,35.633,city,22,word,4/8 - MESSAGE,4/8 - MESSAGE,4/8 - MESSAGE,,True,4/8 - MESSAGE,4/8 - MESSAGE,4/8 - MESSAGE,4/8 - MESSAGE,4/8 - MESSAGE,4/8 - MESSAGE,4/8 - MESSAGE,True,4/8 - MESSAGE,4/8 - MESSAGE,True,4/8 - MESSAGE,4/8 - MESSAGE,True,True,1,1,13,0
1070,35.667,city,22,word,4/8 - MESSAGE,4/8 - MESSAGE,4/8 - MESSAGE,,True,4/8 - MESSAGE,4/8 - MESSAGE,4/8 - MESSAGE,4/8 - MESSAGE,4/8 - MESSAGE,4/8 - MESSAGE,4/8 - MESSAGE,True,4/8 - MESSAGE,4/8 - MESSAGE,True,4/8 - MESSAGE,4/8 - MESSAGE,True,True,1,1,13,0
1071,35.7,city,22,word,4/8 - MESSAGE,4/8 - MESSAGE,4/8 - MESSAGE,,True,4/8 - MESSAGE,4/8 - MESSAGE,4/8 - MESSAGE,4/8 - MESSAGE,4/8 - MESSAGE,4/8 - MESSAGE,4/8 - MESSAGE,True,4/8 - MESSAGE,4/8 - MESSAGE,True,4/8 - MESSAGE,4/8 - MESSAGE,True,True,1,1,13,0
1072,35.733,city,22,word,4/8 - MESSAGE,4/8 - MESSAGE,4/8 - MESSAGE,,True,4/8 - MESSAGE,4/8 - MESSAGE,4/8 - MESSAGE,4/8 - MESSAGE,4/8 - MESSAGE,4/8 - MESSAGE,4/8 - MESSAGE,True,4/8 - MESSAGE,4/8 - MESSAGE,True,4/8 - MESSAGE,4/8 - MESSAGE,True,True,1,1,14,0
1073,35.767,city,22,word,4/8 - MESSAGE,4/8 - MESSAGE,4/8 - MESSAGE,,True,4/8 - MESSAGE,4/8 - MESSAGE,4/8 - MESSAGE,4/8 - MESSAGE,4/8 - MESSAGE,4/8 - MESSAGE,4/8 - MESSAGE,True,4/8 - MESSAGE,4/8 - MESSAGE,True,4/8 - MESSAGE,4/8 - MESSAGE,True,True,1,1,17,0
1074,35.8,city,22,word,4/8 - MESSAGE,4/8 - MESSAGE,4/8 - MESSAGE,,True,4/8 - MESSAGE,4/8 - MESSAGE,4/8 - MESSAGE,4/8 - MESSAGE,4/8 - MESSAGE,4/8 - MESSAGE,4/8 - MESSAGE,True,4/8 - MESSAGE,4/8 - MESSAGE,True,4/8 - MESSAGE,4/8 - MESSAGE,True,True,1,1,17,0
1075,35.833,city,22,word,4/8 - MESSAGE,4/8 - MESSAGE,4/8 - MESSAGE,,True,4/8 - MESSAGE,4/8 - MESSAGE,4/8 - MESSAGE,4/8 - MESSAGE,4/8 - MESSAGE,4/8 - MESSAGE,4/8 - MESSAGE,True,4/8 - MESSAGE,4/8 - MESSAGE,True,4/8 - MESSAGE,4/8 - MESSAGE,True,True,1,1,16,0
1076,35.867,city,22,word,4/8 - MESSAGE,4/8 - MESSAGE,4/8 - MESSAGE,,True,4/8 - MESSAGE,4/8 - MESSAGE,4/8 - MESSAGE,4/8 - MESSAGE,4/8 - MESSAGE,4/8 - MESSAGE,4/8 - MESSAGE,True,4/8 - MESSAGE,4/8 - MESSAGE,True,4/8 - MESSAGE,4/8 - MESSAGE,True,True,1,1,15,0
1077,35.9,city,22,word,4/8 - MESSAGE,4/8 - MESSAGE,4/8 - MESSAGE,,True,4/8 - MESSAGE,4/8 - MESSAGE,4/8 - MESSAGE,4/8 - MESSAGE,4/8 - MESSAGE,4/8 - MESSAGE,4/8 - MESSAGE,True,4/8 - MESSAGE,4/8 - MESSAGE,True,4/8 - MESSAGE,4/8 - MESSAGE,True,True,1,1,15,0
1078,35.933,city,22,word,4/8 - MESSAGE,4/8 - MESSAGE,4/8 - MESSAGE,,True,4/8 - MESSAGE,4/8 - MESSAGE,4/8 - MESSAGE,4/8 - MESSAGE,4/8 - MESSAGE,4/8 - MESSAGE,4/8 - MESSAGE,True,4/8 - MESSAGE,4/8 - MESSAGE,True,4/8 - MESSAGE,4/8 - MESSAGE,True,True,1,1,12,0
1079,35.967,city,22,word,4/8 - MESSAGE,4/8 - MESSAGE,4/8 - MESSAGE,,True,4/8 - MESSAGE,4/8 - MESSAGE,4/8 - MESSAGE,4/8 - MESSAGE,4/8 - MESSAGE,4/8 - MESSAGE,4/8 - MESSAGE,True,4/8 - MESSAGE,4/8 - MESSAGE,True,4/8 - MESSAGE,4/8 - MESSAGE,True,True,1,1,12,0
1080,36.0,city,22,word,4/8 - MESSAGE,4/8 - MESSAGE,4/8 - MESSAGE,,True,4/8 - MESSAGE,4/8 - MESSAGE,4/8 - MESSAGE,4/8 - MESSAGE,4/8 - MESSAGE,4/8 - MESSAGE,4/8 - MESSAGE,True,4/8 - MESSAGE,4/8 - MESSAGE,True,4/8 - MESSAGE,4/8 - MESSAGE,True,True,1,1,12,0
1081,36.033,city,22,word,4/8 - MESSAGE,4/8 - MESSAGE,4/8 - MESSAGE,,True,4/8 - MESSAGE,4/8 - MESSAGE,4/8 - MESSAGE,4/8 - MESSAGE,4/8 - MESSAGE,4/8 - MESSAGE,4/8 - MESSAGE,True,4/8 - MESSAGE,4/8 - MESSAGE,True,4/8 - MESSAGE,4/8 - MESSAGE,True,True,1,1,10,0
1082,36.067,city,22,word,4/8 - MESSAGE,4/8 - MESSAGE,4/8 - MESSAGE,,True,4/8 - MESSAGE,4/8 - MESSAGE,4/8 - MESSAGE,4/8 - MESSAGE,4/8 - MESSAGE,4/8 - MESSAGE,4/8 - MESSAGE,True,4/8 - MESSAGE,4/8 - MESSAGE,True,4/8 - MESSAGE,4/8 - MESSAGE,True,True,1,1,10,0
1083,36.1,city,22,word,4/8 - MESSAGE,4/8 - MESSAGE,4/8 - MESSAGE,,True,4/8 - MESSAGE,4/8 - MESSAGE,4/8 - MESSAGE,4/8 - MESSAGE,4/8 - MESSAGE,4/8 - MESSAGE,4/8 - MESSAGE,True,4/8 - MESSAGE,4/8 - MESSAGE,True,4/8 - MESSAGE,4/8 - MESSAGE,True,True,1,1,10,0
1084,36.133,city,22,word,4/8 - MESSAGE,4/8 - MESSAGE,4/8 - MESSAGE,,True,4/8 - MESSAGE,4/8 - MESSAGE,4/8 - MESSAGE,4/8 - MESSAGE,4/8 - MESSAGE,4/8 - MESSAGE,4/8 - MESSAGE,True,4/8 - MESSAGE,4/8 - MESSAGE,True,4/8 - MESSAGE,4/8 - MESSAGE,True,True,1,1,10,0
1085,36.167,city,22,word,4/8 - MESSAGE,4/8 - MESSAGE,4/8 - MESSAGE,,True,4/8 - MESSAGE,4/8 - MESSAGE,4/8 - MESSAGE,4/8 - MESSAGE,4/8 - MESSAGE,4/8 - MESSAGE,4/8 - MESSAGE,True,4/8 - MESSAGE,4/8 - MESSAGE,True,4/8 - MESSAGE,4/8 - MESSAGE,True,True,1,1,9,0
1086,36.2,city,22,word,4/8 - MESSAGE,4/8 - MESSAGE,4/8 - MESSAGE,,True,4/8 - MESSAGE,4/8 - MESSAGE,4/8 - MESSAGE,4/8 - MESSAGE,4/8 - MESSAGE,4/8 - MESSAGE,4/8 - MESSAGE,True,4/8 - MESSAGE,4/8 - MESSAGE,True,4/8 - MESSAGE,4/8 - MESSAGE,True,True,1,1,3,0
1087,36.233,city,22,word,4/8 - MESSAGE,4/8 - MESSAGE,4/8 - MESSAGE,,True,4/8 - MESSAGE,4/8 - MESSAGE,4/8 - MESSAGE,4/8 - MESSAGE,4/8 - MESSAGE,4/8 - MESSAGE,4/8 - MESSAGE,True,4/8 - MESSAGE,4/8 - MESSAGE,True,4/8 - MESSAGE,4/8 - MESSAGE,True,True,1,1,3,0
1088,36.267,city,22,word,4/8 - MESSAGE,4/8 - MESSAGE,4/8 - MESSAGE,,True,4/8 - MESSAGE,4/8 - MESSAGE,4/8 - MESSAGE,4/8 - MESSAGE,4/8 - MESSAGE,4/8 - MESSAGE,4/8 - MESSAGE,True,4/8 - MESSAGE,4/8 - MESSAGE,True,4/8 - MESSAGE,4/8 - MESSAGE,True,True,1,1,1,0
1089,36.3,city,22,word,4/8 - MESSAGE,4/8 - MESSAGE,4/8 - MESSAGE,,True,4/8 - MESSAGE,4/8 - MESSAGE,4/8 - MESSAGE,4/8 - MESSAGE,4/8 - MESSAGE,4/8 - MESSAGE,4/8 - MESSAGE,True,4/8 - MESSAGE,4/8 - MESSAGE,True,4/8 - MESSAGE,4/8 - MESSAGE,True,True,2,1,1,0
1090,36.333,city,22,word,4/8 - MESSAGE,4/8 - MESSAGE,4/8 - MESSAGE,,True,4/8 - MESSAGE,4/8 - MESSAGE,4/8 - MESSAGE,4/8 - MESSAGE,4/8 - MESSAGE,4/8 - MESSAGE,4/8 - MESSAGE,True,4/8 - MESSAGE,4/8 - MESSAGE,True,4/8 - MESSAGE,4/8 - MESSAGE,True,True,2,1,1,0
1091,36.367,city,22,word,4/8 - MESSAGE,4/8 - MESSAGE,4/8 - MESSAGE,,True,4/8 - MESSAGE,4/8 - MESSAGE,4/8 - MESSAGE,4/8 - MESSAGE,4/8 - MESSAGE,4/8 - MESSAGE,4/8 - MESSAGE,True,4/8 - MESSAGE,4/8 - MESSAGE,True,4/8 - MESSAGE,4/8 - MESSAGE,True,True,2,1,1,0
1092,36.4,city,22,word,4/8 - MESSAGE,4/8 - MESSAGE,4/8 - MESSAGE,,True,4/8 - MESSAGE,4/8 - MESSAGE,4/8 - MESSAGE,4/8 - MESSAGE,4/8 - MESSAGE,4/8 - MESSAGE,4/8 - MESSAGE,True,4/8 - MESSAGE,4/8 - MESSAGE,True,4/8 - MESSAGE,4/8 - MESSAGE,True,True,2,1,0,0
1093,36.433,city,22,word,4/8 - MESSAGE,4/8 - MESSAGE,4/8 - MESSAGE,,True,4/8 - MESSAGE,4/8 - MESSAGE,4/8 - MESSAGE,4/8 - MESSAGE,4/8 - MESSAGE,4/8 - MESSAGE,4/8 - MESSAGE,True,4/8 - MESSAGE,4/8 - MESSAGE,True,4/8 - MESSAGE,4/8 - MESSAGE,True,True,2,1,0,0
1094,36.467,city,22,word,4/8 - MESSAGE,4/8 - MESSAGE,4/8 - MESSAGE,,True,4/8 - MESSAGE,4/8 - MESSAGE,4/8 - MESSAGE,4/8 - MESSAGE,4/8 - MESSAGE,4/8 - MESSAGE,4/8 - MESSAGE,True,4/8 - MESSAGE,4/8 - MESSAGE,True,4/8 - MESSAGE,4/8 - MESSAGE,True,True,2,1,0,0
1095,36.5,city,22,word,4/8 - MESSAGE,4/8 - MESSAGE,4/8 - MESSAGE,,True,4/8 - MESSAGE,4/8 - MESSAGE,4/8 - MESSAGE,4/8 - MESSAGE,4/8 - MESSAGE,4/8 - MESSAGE,4/8 - MESSAGE,True,4/8 - MESSAGE,4/8 - MESSAGE,True,4/8 - MESSAGE,4/8 - MESSAGE,True,True,2,1,0,0
1096,36.533,city,22,word,4/8 - MESSAGE,4/8 - MESSAGE,4/8 - MESSAGE,,True,4/8 - MESSAGE,4/8 - MESSAGE,4/8 - MESSAGE,4/8 - MESSAGE,4/8 - MESSAGE,4/8 - MESSAGE,4/8 - MESSAGE,True,4/8 - MESSAGE,4/8 - MESSAGE,True,4/8 - MESSAGE,4/8 - MESSAGE,True,True,2,1,0,0
1097,36.567,city,22,word,4/8 - MESSAGE,4/8 - MESSAGE,4/8 - MESSAGE,,True,4/8 - MESSAGE,4/8 - MESSAGE,4/8 - MESSAGE,4/8 - MESSAGE,4/8 - MESSAGE,4/8 - MESSAGE,4/8 - MESSAGE,True,4/8 - MESSAGE,4/8 - MESSAGE,True,4/8 - MESSAGE,4/8 - MESSAGE,True,True,2,1,0,0
1098,36.6,city,22,word,4/8 - MESSAGE,4/8 - MESSAGE,4/8 - MESSAGE,,True,4/8 - MESSAGE,4/8 - MESSAGE,4/8 - MESSAGE,4/8 - MESSAGE,4/8 - MESSAGE,4/8 - MESSAGE,4/8 - MESSAGE,True,4/8 - MESSAGE,4/8 - MESSAGE,True,4/8 - MESSAGE,4/8 - MESSAGE,True,True,2,1,0,0
1099,36.633,city,22,word,4/8 - MESSAGE,4/8 - MESSAGE,4/8 - MESSAGE,,True,4/8 - MESSAGE,4/8 - MESSAGE,4/8 - MESSAGE,4/8 - MESSAGE,4/8 - MESSAGE,4/8 - MESSAGE,4/8 - MESSAGE,True,4/8 - MESSAGE,4/8 - MESSAGE,True,4/8 - MESSAGE,4/8 - MESSAGE,True,True,2,1,0,0
1100,36.667,city,22,word,4/8 - MESSAGE,4/8 - MESSAGE,4/8 - MESSAGE,,True,4/8 - MESSAGE,4/8 - MESSAGE,4/8 - MESSAGE,4/8 - MESSAGE,4/8 - MESSAGE,4/8 - MESSAGE,4/8 - MESSAGE,True,4/8 - MESSAGE,4/8 - MESSAGE,True,4/8 - MESSAGE,4/8 - MESSAGE,True,True,2,1,0,0
1101,36.7,city,22,word,4/8 - MESSAGE,4/8 - MESSAGE,4/8 - MESSAGE,,True,4/8 - MESSAGE,4/8 - MESSAGE,4/8 - MESSAGE,4/8 - MESSAGE,4/8 - MESSAGE,4/8 - MESSAGE,4/8 - MESSAGE,True,4/8 - MESSAGE,4/8 - MESSAGE,True,4/8 - MESSAGE,4/8 - MESSAGE,True,True,2,1,0,0
1102,36.733,city,22,word,4/8 - MESSAGE,4/8 - MESSAGE,4/8 - MESSAGE,,True,4/8 - MESSAGE,4/8 - MESSAGE,4/8 - MESSAGE,4/8 - MESSAGE,4/8 - MESSAGE,4/8 - MESSAGE,4/8 - MESSAGE,True,4/8 - MESSAGE,4/8 - MESSAGE,True,4/8 - MESSAGE,4/8 - MESSAGE,True,True,2,1,0,0
1103,36.767,city,22,word,4/8 - MESSAGE,4/8 - MESSAGE,4/8 - MESSAGE,,True,4/8 - MESSAGE,4/8 - MESSAGE,4/8 - MESSAGE,4/8 - MESSAGE,4/8 - MESSAGE,4/8 - MESSAGE,4/8 - MESSAGE,True,4/8 - MESSAGE,4/8 - MESSAGE,True,4/8 - MESSAGE,4/8 - MESSAGE,True,True,2,1,0,0
1104,36.8,city,22,word,4/8 - MESSAGE,4/8 - MESSAGE,4/8 - MESSAGE,,True,4/8 - MESSAGE,4/8 - MESSAGE,4/8 - MESSAGE,4/8 - MESSAGE,4/8 - MESSAGE,4/8 - MESSAGE,4/8 - MESSAGE,True,4/8 - MESSAGE,4/8 - MESSAGE,True,4/8 - MESSAGE,4/8 - MESSAGE,True,True,2,1,0,0
1105,36.833,city,22,word,4/8 - MESSAGE,4/8 - MESSAGE,4/8 - MESSAGE,,True,4/8 - MESSAGE,4/8 - MESSAGE,4/8 - MESSAGE,4/8 - MESSAGE,4/8 - MESSAGE,4/8 - MESSAGE,4/8 - MESSAGE,True,4/8 - MESSAGE,4/8 - MESSAGE,True,4/8 - MESSAGE,4/8 - MESSAGE,True,True,2,1,0,0
1106,36.867,city,22,word,4/8 - MESSAGE,4/8 - MESSAGE,4/8 - MESSAGE,,True,4/8 - MESSAGE,4/8 - MESSAGE,4/8 - MESSAGE,4/8 - MESSAGE,4/8 - MESSAGE,4/8 - MESSAGE,4/8 - MESSAGE,True,4/8 - MESSAGE,4/8 - MESSAGE,True,4/8 - MESSAGE,4/8 - MESSAGE,True,True,2,1,0,0
1107,36.9,city,22,word,4/8 - MESSAGE,4/8 - MESSAGE,4/8 - MESSAGE,,True,4/8 - MESSAGE,4/8 - MESSAGE,4/8 - MESSAGE,4/8 - MESSAGE,4/8 - MESSAGE,4/8 - MESSAGE,4/8 - MESSAGE,True,4/8 - MESSAGE,4/8 - MESSAGE,True,4/8 - MESSAGE,4/8 - MESSAGE,True,True,2,1,0,0
1108,36.933,city,22,word,4/8 - MESSAGE,4/8 - MESSAGE,4/8 - MESSAGE,,True,4/8 - MESSAGE,4/8 - MESSAGE,4/8 - MESSAGE,4/8 - MESSAGE,4/8 - MESSAGE,4/8 - MESSAGE,4/8 - MESSAGE,True,4/8 - MESSAGE,4/8 - MESSAGE,True,4/8 - MESSAGE,4/8 - MESSAGE,True,True,2,1,0,0
1109,36.967,city,22,word,4/8 - MESSAGE,4/8 - MESSAGE,4/8 - MESSAGE,,True,4/8 - MESSAGE,4/8 - MESSAGE,4/8 - MESSAGE,4/8 - MESSAGE,4/8 - MESSAGE,4/8 - MESSAGE,4/8 - MESSAGE,True,4/8 - MESSAGE,4/8 - MESSAGE,True,4/8 - MESSAGE,4/8 - MESSAGE,True,True,2,1,0,0
1110,37.0,city,23,word,5/8 - HIDDEN,5/8 - HIDDEN,5/8 - HIDDEN,,True,5/8 - HIDDEN,5/8 - HIDDEN,5/8 - HIDDEN,5/8 - HIDDEN,5/8 - HIDDEN,5/8 - HIDDEN,5/8 - HIDDEN,True,5/8 - HIDDEN,5/8 - HIDDEN,True,5/8 - HIDDEN,5/8 - HIDDEN,True,True,1,0,0,0
1111,37.033,city,23,word,5/8 - HIDDEN,5/8 - HIDDEN,5/8 - HIDDEN,,True,5/8 - HIDDEN,5/8 - HIDDEN,5/8 - HIDDEN,5/8 - HIDDEN,5/8 - HIDDEN,5/8 - HIDDEN,5/8 - HIDDEN,True,5/8 - HIDDEN,5/8 - HIDDEN,True,5/8 - HIDDEN,5/8 - HIDDEN,True,True,1,0,0,0
1112,37.067,city,23,word,5/8 - HIDDEN,5/8 - HIDDEN,5/8 - HIDDEN,,True,5/8 - HIDDEN,5/8 - HIDDEN,5/8 - HIDDEN,5/8 - HIDDEN,5/8 - HIDDEN,5/8 - HIDDEN,5/8 - HIDDEN,True,5/8 - HIDDEN,5/8 - HIDDEN,True,5/8 - HIDDEN,5/8 - HIDDEN,True,True,1,0,0,0
1113,37.1,city,23,word,5/8 - HIDDEN,5/8 - HIDDEN,5/8 - HIDDEN,,True,5/8 - HIDDEN,5/8 - HIDDEN,5/8 - HIDDEN,5/8 - HIDDEN,5/8 - HIDDEN,5/8 - HIDDEN,5/8 - HIDDEN,True,5/8 - HIDDEN,5/8 - HIDDEN,True,5/8 - HIDDEN,5/8 - HIDDEN,True,True,1,0,0,0
1114,37.133,city,23,word,5/8 - HIDDEN,5/8 - HIDDEN,5/8 - HIDDEN,,True,5/8 - HIDDEN,5/8 - HIDDEN,5/8 - HIDDEN,5/8 - HIDDEN,5/8 - HIDDEN,5/8 - HIDDEN,5/8 - HIDDEN,True,5/8 - HIDDEN,5/8 - HIDDEN,True,5/8 - HIDDEN,5/8 - HIDDEN,True,True,1,0,0,0
1115,37.167,city,23,word,5/8 - HIDDEN,5/8 - HIDDEN,5/8 - HIDDEN,,True,5/8 - HIDDEN,5/8 - HIDDEN,5/8 - HIDDEN,5/8 - HIDDEN,5/8 - HIDDEN,5/8 - HIDDEN,5/8 - HIDDEN,True,5/8 - HIDDEN,5/8 - HIDDEN,True,5/8 - HIDDEN,5/8 - HIDDEN,True,True,1,0,0,0
1116,37.2,city,23,word,5/8 - HIDDEN,5/8 - HIDDEN,5/8 - HIDDEN,,True,5/8 - HIDDEN,5/8 - HIDDEN,5/8 - HIDDEN,5/8 - HIDDEN,5/8 - HIDDEN,5/8 - HIDDEN,5/8 - HIDDEN,True,5/8 - HIDDEN,5/8 - HIDDEN,True,5/8 - HIDDEN,5/8 - HIDDEN,True,True,1,0,0,0
1117,37.233,city,23,word,5/8 - HIDDEN,5/8 - HIDDEN,5/8 - HIDDEN,,True,5/8 - HIDDEN,5/8 - HIDDEN,5/8 - HIDDEN,5/8 - HIDDEN,5/8 - HIDDEN,5/8 - HIDDEN,5/8 - HIDDEN,True,5/8 - HIDDEN,5/8 - HIDDEN,True,5/8 - HIDDEN,5/8 - HIDDEN,True,True,1,0,0,0
1118,37.267,city,23,word,5/8 - HIDDEN,5/8 - HIDDEN,5/8 - HIDDEN,,True,5/8 - HIDDEN,5/8 - HIDDEN,5/8 - HIDDEN,5/8 - HIDDEN,5/8 - HIDDEN,5/8 - HIDDEN,5/8 - HIDDEN,True,5/8 - HIDDEN,5/8 - HIDDEN,True,5/8 - HIDDEN,5/8 - HIDDEN,True,True,1,0,0,0
1119,37.3,city,23,word,5/8 - HIDDEN,5/8 - HIDDEN,5/8 - HIDDEN,,True,5/8 - HIDDEN,5/8 - HIDDEN,5/8 - HIDDEN,5/8 - HIDDEN,5/8 - HIDDEN,5/8 - HIDDEN,5/8 - HIDDEN,True,5/8 - HIDDEN,5/8 - HIDDEN,True,5/8 - HIDDEN,5/8 - HIDDEN,True,True,1,0,0,0
1120,37.333,city,23,word,5/8 - HIDDEN,5/8 - HIDDEN,5/8 - HIDDEN,,True,5/8 - HIDDEN,5/8 - HIDDEN,5/8 - HIDDEN,5/8 - HIDDEN,5/8 - HIDDEN,5/8 - HIDDEN,5/8 - HIDDEN,True,5/8 - HIDDEN,5/8 - HIDDEN,True,5/8 - HIDDEN,5/8 - HIDDEN,True,True,1,0,0,0
1121,37.367,city,23,word,5/8 - HIDDEN,5/8 - HIDDEN,5/8 - HIDDEN,,True,5/8 - HIDDEN,5/8 - HIDDEN,5/8 - HIDDEN,5/8 - HIDDEN,5/8 - HIDDEN,5/8 - HIDDEN,5/8 - HIDDEN,True,5/8 - HIDDEN,5/8 - HIDDEN,True,5/8 - HIDDEN,5/8 - HIDDEN,True,True,1,0,0,0
1122,37.4,city,23,word,5/8 - HIDDEN,5/8 - HIDDEN,5/8 - HIDDEN,,True,5/8 - HIDDEN,5/8 - HIDDEN,5/8 - HIDDEN,5/8 - HIDDEN,5/8 - HIDDEN,5/8 - HIDDEN,5/8 - HIDDEN,True,5/8 - HIDDEN,5/8 - HIDDEN,True,5/8 - HIDDEN,5/8 - HIDDEN,True,True,1,0,0,0
1123,37.433,city,23,word,5/8 - HIDDEN,5/8 - HIDDEN,5/8 - HIDDEN,,True,5/8 - HIDDEN,5/8 - HIDDEN,5/8 - HIDDEN,5/8 - HIDDEN,5/8 - HIDDEN,5/8 - HIDDEN,5/8 - HIDDEN,True,5/8 - HIDDEN,5/8 - HIDDEN,True,5/8 - HIDDEN,5/8 - HIDDEN,True,True,1,0,0,0
1124,37.467,city,23,word,5/8 - HIDDEN,5/8 - HIDDEN,5/8 - HIDDEN,,True,5/8 - HIDDEN,5/8 - HIDDEN,5/8 - HIDDEN,5/8 - HIDDEN,5/8 - HIDDEN,5/8 - HIDDEN,5/8 - HIDDEN,True,5/8 - HIDDEN,5/8 - HIDDEN,True,5/8 - HIDDEN,5/8 - HIDDEN,True,True,1,0,0,0
1125,37.5,city,23,word,5/8 - HIDDEN,5/8 - HIDDEN,5/8 - HIDDEN,,True,5/8 - HIDDEN,5/8 - HIDDEN,5/8 - HIDDEN,5/8 - HIDDEN,5/8 - HIDDEN,5/8 - HIDDEN,5/8 - HIDDEN,True,5/8 - HIDDEN,5/8 - HIDDEN,True,5/8 - HIDDEN,5/8 - HIDDEN,True,True,1,0,0,0
1126,37.533,city,23,word,5/8 - HIDDEN,5/8 - HIDDEN,5/8 - HIDDEN,,True,5/8 - HIDDEN,5/8 - HIDDEN,5/8 - HIDDEN,5/8 - HIDDEN,5/8 - HIDDEN,5/8 - HIDDEN,5/8 - HIDDEN,True,5/8 - HIDDEN,5/8 - HIDDEN,True,5/8 - HIDDEN,5/8 - HIDDEN,True,True,1,0,0,0
1127,37.567,city,23,word,5/8 - HIDDEN,5/8 - HIDDEN,5/8 - HIDDEN,,True,5/8 - HIDDEN,5/8 - HIDDEN,5/8 - HIDDEN,5/8 - HIDDEN,5/8 - HIDDEN,5/8 - HIDDEN,5/8 - HIDDEN,True,5/8 - HIDDEN,5/8 - HIDDEN,True,5/8 - HIDDEN,5/8 - HIDDEN,True,True,1,0,0,0
1128,37.6,city,23,word,5/8 - HIDDEN,5/8 - HIDDEN,5/8 - HIDDEN,,True,5/8 - HIDDEN,5/8 - HIDDEN,5/8 - HIDDEN,5/8 - HIDDEN,5/8 - HIDDEN,5/8 - HIDDEN,5/8 - HIDDEN,True,5/8 - HIDDEN,5/8 - HIDDEN,True,5/8 - HIDDEN,5/8 - HIDDEN,True,True,1,0,0,0
1129,37.633,city,23,word,5/8 - HIDDEN,5/8 - HIDDEN,5/8 - HIDDEN,,True,5/8 - HIDDEN,5/8 - HIDDEN,5/8 - HIDDEN,5/8 - HIDDEN,5/8 - HIDDEN,5/8 - HIDDEN,5/8 - HIDDEN,True,5/8 - HIDDEN,5/8 - HIDDEN,True,5/8 - HIDDEN,5/8 - HIDDEN,True,True,1,0,0,0
1130,37.667,city,23,word,5/8 - HIDDEN,5/8 - HIDDEN,5/8 - HIDDEN,,True,5/8 - HIDDEN,5/8 - HIDDEN,5/8 - HIDDEN,5/8 - HIDDEN,5/8 - HIDDEN,5/8 - HIDDEN,5/8 - HIDDEN,True,5/8 - HIDDEN,5/8 - HIDDEN,True,5/8 - HIDDEN,5/8 - HIDDEN,True,True,1,0,0,0
1131,37.7,city,23,word,5/8 - HIDDEN,5/8 - HIDDEN,5/8 - HIDDEN,,True,5/8 - HIDDEN,5/8 - HIDDEN,5/8 - HIDDEN,5/8 - HIDDEN,5/8 - HIDDEN,5/8 - HIDDEN,5/8 - HIDDEN,True,5/8 - HIDDEN,5/8 - HIDDEN,True,5/8 - HIDDEN,5/8 - HIDDEN,True,True,1,0,0,0
1132,37.733,city,23,word,5/8 - HIDDEN,5/8 - HIDDEN,5/8 - HIDDEN,,True,5/8 - HIDDEN,5/8 - HIDDEN,5/8 - HIDDEN,5/8 - HIDDEN,5/8 - HIDDEN,5/8 - HIDDEN,5/8 - HIDDEN,True,5/8 - HIDDEN,5/8 - HIDDEN,True,5/8 - HIDDEN,5/8 - HIDDEN,True,True,1,0,0,0
1133,37.767,city,23,word,5/8 - HIDDEN,5/8 - HIDDEN,5/8 - HIDDEN,,True,5/8 - HIDDEN,5/8 - HIDDEN,5/8 - HIDDEN,5/8 - HIDDEN,5/8 - HIDDEN,5/8 - HIDDEN,5/8 - HIDDEN,True,5/8 - HIDDEN,5/8 - HIDDEN,True,5/8 - HIDDEN,5/8 - HIDDEN,True,True,1,0,0,0
1134,37.8,city,23,word,5/8 - HIDDEN,5/8 - HIDDEN,5/8 - HIDDEN,,True,5/8 - HIDDEN,5/8 - HIDDEN,5/8 - HIDDEN,5/8 - HIDDEN,5/8 - HIDDEN,5/8 - HIDDEN,5/8 - HIDDEN,True,5/8 - HIDDEN,5/8 - HIDDEN,True,5/8 - HIDDEN,5/8 - HIDDEN,True,True,1,0,0,0
1135,37.833,city,23,word,5/8 - HIDDEN,5/8 - HIDDEN,5/8 - HIDDEN,,True,5/8 - HIDDEN,5/8 - HIDDEN,5/8 - HIDDEN,5/8 - HIDDEN,5/8 - HIDDEN,5/8 - HIDDEN,5/8 - HIDDEN,True,5/8 - HIDDEN,5/8 - HIDDEN,True,5/8 - HIDDEN,5/8 - HIDDEN,True,True,1,0,0,0
1136,37.867,city,23,word,5/8 - HIDDEN,5/8 - HIDDEN,5/8 - HIDDEN,,True,5/8 - HIDDEN,5/8 - HIDDEN,5/8 - HIDDEN,5/8 - HIDDEN,5/8 - HIDDEN,5/8 - HIDDEN,5/8 - HIDDEN,True,5/8 - HIDDEN,5/8 - HIDDEN,True,5/8 - HIDDEN,5/8 - HIDDEN,True,True,1,0,0,0
1137,37.9,city,23,word,5/8 - HIDDEN,5/8 - HIDDEN,5/8 - HIDDEN,,True,5/8 - HIDDEN,5/8 - HIDDEN,5/8 - HIDDEN,5/8 - HIDDEN,5/8 - HIDDEN,5/8 - HIDDEN,5/8 - HIDDEN,True,5/8 - HIDDEN,5/8 - HIDDEN,True,5/8 - HIDDEN,5/8 - HIDDEN,True,True,1,0,0,0
1138,37.933,city,23,word,5/8 - HIDDEN,5/8 - HIDDEN,5/8 - HIDDEN,,True,5/8 - HIDDEN,5/8 - HIDDEN,5/8 - HIDDEN,5/8 - HIDDEN,5/8 - HIDDEN,5/8 - HIDDEN,5/8 - HIDDEN,True,5/8 - HIDDEN,5/8 - HIDDEN,True,5/8 - HIDDEN,5/8 - HIDDEN,True,True,1,0,0,0
1139,37.967,city,23,word,5/8 - HIDDEN,5/8 - HIDDEN,5/8 - HIDDEN,,True,5/8 - HIDDEN,5/8 - HIDDEN,5/8 - HIDDEN,5/8 - HIDDEN,5/8 - HIDDEN,5/8 - HIDDEN,5/8 - HIDDEN,True,5/8 - HIDDEN,5/8 - HIDDEN,True,5/8 - HIDDEN,5/8 - HIDDEN,True,True,1,0,0,0
1140,38.0,city,23,word,5/8 - HIDDEN,5/8 - HIDDEN,5/8 - HIDDEN,,True,5/8 - HIDDEN,5/8 - HIDDEN,5/8 - HIDDEN,5/8 - HIDDEN,5/8 - HIDDEN,5/8 - HIDDEN,5/8 - HIDDEN,True,5/8 - HIDDEN,5/8 - HIDDEN,True,5/8 - HIDDEN,5/8 - HIDDEN,True,True,1,0,0,0
1141,38.033,city,23,word,5/8 - HIDDEN,5/8 - HIDDEN,5/8 - HIDDEN,,True,5/8 - HIDDEN,5/8 - HIDDEN,5/8 - HIDDEN,5/8 - HIDDEN,5/8 - HIDDEN,5/8 - HIDDEN,5/8 - HIDDEN,True,5/8 - HIDDEN,5/8 - HIDDEN,True,5/8 - HIDDEN,5/8 - HIDDEN,True,True,1,0,0,0
1142,38.067,city,23,word,5/8 - HIDDEN,5/8 - HIDDEN,5/8 - HIDDEN,,True,5/8 - HIDDEN,5/8 - HIDDEN,5/8 - HIDDEN,5/8 - HIDDEN,5/8 - HIDDEN,5/8 - HIDDEN,5/8 - HIDDEN,True,5/8 - HIDDEN,5/8 - HIDDEN,True,5/8 - HIDDEN,5/8 - HIDDEN,True,True,1,0,0,0
1143,38.1,city,23,word,5/8 - HIDDEN,5/8 - HIDDEN,5/8 - HIDDEN,,True,5/8 - HIDDEN,5/8 - HIDDEN,5/8 - HIDDEN,5/8 - HIDDEN,5/8 - HIDDEN,5/8 - HIDDEN,5/8 - HIDDEN,True,5/8 - HIDDEN,5/8 - HIDDEN,True,5/8 - HIDDEN,5/8 - HIDDEN,True,True,1,0,0,0
1144,38.133,city,23,word,5/8 - HIDDEN,5/8 - HIDDEN,5/8 - HIDDEN,,True,5/8 - HIDDEN,5/8 - HIDDEN,5/8 - HIDDEN,5/8 - HIDDEN,5/8 - HIDDEN,5/8 - HIDDEN,5/8 - HIDDEN,True,5/8 - HIDDEN,5/8 - HIDDEN,True,5/8 - HIDDEN,5/8 - HIDDEN,True,True,1,0,0,0
1145,38.167,city,23,word,5/8 - HIDDEN,5/8 - HIDDEN,5/8 - HIDDEN,,True,5/8 - HIDDEN,5/8 - HIDDEN,5/8 - HIDDEN,5/8 - HIDDEN,5/8 - HIDDEN,5/8 - HIDDEN,5/8 - HIDDEN,True,5/8 - HIDDEN,5/8 - HIDDEN,True,5/8 - HIDDEN,5/8 - HIDDEN,True,True,1,0,0,0
1146,38.2,city,23,word,5/8 - HIDDEN,5/8 - HIDDEN,5/8 - HIDDEN,,True,5/8 - HIDDEN,5/8 - HIDDEN,5/8 - HIDDEN,5/8 - HIDDEN,5/8 - HIDDEN,5/8 - HIDDEN,5/8 - HIDDEN,True,5/8 - HIDDEN,5/8 - HIDDEN,True,5/8 - HIDDEN,5/8 - HIDDEN,True,True,1,0,0,0
1147,38.233,city,23,word,5/8 - HIDDEN,5/8 - HIDDEN,5/8 - HIDDEN,,True,5/8 - HIDDEN,5/8 - HIDDEN,5/8 - HIDDEN,5/8 - HIDDEN,5/8 - HIDDEN,5/8 - HIDDEN,5/8 - HIDDEN,True,5/8 - HIDDEN,5/8 - HIDDEN,True,5/8 - HIDDEN,5/8 - HIDDEN,True,True,1,0,0,0
1148,38.267,city,23,word,5/8 - HIDDEN,5/8 - HIDDEN,5/8 - HIDDEN,,True,5/8 - HIDDEN,5/8 - HIDDEN,5/8 - HIDDEN,5/8 - HIDDEN,5/8 - HIDDEN,5/8 - HIDDEN,5/8 - HIDDEN,True,5/8 - HIDDEN,5/8 - HIDDEN,True,5/8 - HIDDEN,5/8 - HIDDEN,True,True,1,0,0,0
1149,38.3,city,23,word,5/8 - HIDDEN,5/8 - HIDDEN,5/8 - HIDDEN,,True,5/8 - HIDDEN,5/8 - HIDDEN,5/8 - HIDDEN,5/8 - HIDDEN,5/8 - HIDDEN,5/8 - HIDDEN,5/8 - HIDDEN,True,5/8 - HIDDEN,5/8 - HIDDEN,True,5/8 - HIDDEN,5/8 - HIDDEN,True,True,1,0,0,0
1150,38.333,city,23,word,5/8 - HIDDEN,5/8 - HIDDEN,5/8 - HIDDEN,,True,5/8 - HIDDEN,5/8 - HIDDEN,5/8 - HIDDEN,5/8 - HIDDEN,5/8 - HIDDEN,5/8 - HIDDEN,5/8 - HIDDEN,True,5/8 - HIDDEN,5/8 - HIDDEN,True,5/8 - HIDDEN,5/8 - HIDDEN,True,True,1,0,0,0
1151,38.367,city,23,word,5/8 - HIDDEN,5/8 - HIDDEN,5/8 - HIDDEN,,True,5/8 - HIDDEN,5/8 - HIDDEN,5/8 - HIDDEN,5/8 - HIDDEN,5/8 - HIDDEN,5/8 - HIDDEN,5/8 - HIDDEN,True,5/8 - HIDDEN,5/8 - HIDDEN,True,5/8 - HIDDEN,5/8 - HIDDEN,True,True,1,0,0,0
1152,38.4,city,23,word,5/8 - HIDDEN,5/8 - HIDDEN,5/8 - HIDDEN,,True,5/8 - HIDDEN,5/8 - HIDDEN,5/8 - HIDDEN,5/8 - HIDDEN,5/8 - HIDDEN,5/8 - HIDDEN,5/8 - HIDDEN,True,5/8 - HIDDEN,5/8 - HIDDEN,True,5/8 - HIDDEN,5/8 - HIDDEN,True,True,1,0,0,0
1153,38.433,city,23,word,5/8 - HIDDEN,5/8 - HIDDEN,5/8 - HIDDEN,,True,5/8 - HIDDEN,5/8 - HIDDEN,5/8 - HIDDEN,5/8 - HIDDEN,5/8 - HIDDEN,5/8 - HIDDEN,5/8 - HIDDEN,True,5/8 - HIDDEN,5/8 - HIDDEN,True,5/8 - HIDDEN,5/8 - HIDDEN,True,True,1,0,0,0
1154,38.467,city,23,word,5/8 - HIDDEN,5/8 - HIDDEN,5/8 - HIDDEN,,True,5/8 - HIDDEN,5/8 - HIDDEN,5/8 - HIDDEN,5/8 - HIDDEN,5/8 - HIDDEN,5/8 - HIDDEN,5/8 - HIDDEN,True,5/8 - HIDDEN,5/8 - HIDDEN,True,5/8 - HIDDEN,5/8 - HIDDEN,True,True,1,0,0,0
1155,38.5,city,24,word,6/8 - INSIDE,6/8 - INSIDE,6/8 - INSIDE,,True,6/8 - INSIDE,6/8 - INSIDE,6/8 - INSIDE,6/8 - INSIDE,6/8 - INSIDE,6/8 - INSIDE,6/8 - INSIDE,True,6/8 - INSIDE,6/8 - INSIDE,True,6/8 - INSIDE,6/8 - INSIDE,True,True,1,0,17,0
1156,38.533,city,24,word,6/8 - INSIDE,6/8 - INSIDE,6/8 - INSIDE,,True,6/8 - INSIDE,6/8 - INSIDE,6/8 - INSIDE,6/8 - INSIDE,6/8 - INSIDE,6/8 - INSIDE,6/8 - INSIDE,True,6/8 - INSIDE,6/8 - INSIDE,True,6/8 - INSIDE,6/8 - INSIDE,True,True,1,0,17,0
1157,38.567,city,24,word,6/8 - INSIDE,6/8 - INSIDE,6/8 - INSIDE,,True,6/8 - INSIDE,6/8 - INSIDE,6/8 - INSIDE,6/8 - INSIDE,6/8 - INSIDE,6/8 - INSIDE,6/8 - INSIDE,True,6/8 - INSIDE,6/8 - INSIDE,True,6/8 - INSIDE,6/8 - INSIDE,True,True,1,0,17,0
1158,38.6,city,24,word,6/8 - INSIDE,6/8 - INSIDE,6/8 - INSIDE,,True,6/8 - INSIDE,6/8 - INSIDE,6/8 - INSIDE,6/8 - INSIDE,6/8 - INSIDE,6/8 - INSIDE,6/8 - INSIDE,True,6/8 - INSIDE,6/8 - INSIDE,True,6/8 - INSIDE,6/8 - INSIDE,True,True,1,0,17,0
1159,38.633,city,24,word,6/8 - INSIDE,6/8 - INSIDE,6/8 - INSIDE,,True,6/8 - INSIDE,6/8 - INSIDE,6/8 - INSIDE,6/8 - INSIDE,6/8 - INSIDE,6/8 - INSIDE,6/8 - INSIDE,True,6/8 - INSIDE,6/8 - INSIDE,True,6/8 - INSIDE,6/8 - INSIDE,True,True,1,0,17,0
1160,38.667,city,24,word,6/8 - INSIDE,6/8 - INSIDE,6/8 - INSIDE,,True,6/8 - INSIDE,6/8 - INSIDE,6/8 - INSIDE,6/8 - INSIDE,6/8 - INSIDE,6/8 - INSIDE,6/8 - INSIDE,True,6/8 - INSIDE,6/8 - INSIDE,True,6/8 - INSIDE,6/8 - INSIDE,True,True,0,0,17,0
1161,38.7,city,24,word,6/8 - INSIDE,6/8 - INSIDE,6/8 - INSIDE,,True,6/8 - INSIDE,6/8 - INSIDE,6/8 - INSIDE,6/8 - INSIDE,6/8 - INSIDE,6/8 - INSIDE,6/8 - INSIDE,True,6/8 - INSIDE,6/8 - INSIDE,True,6/8 - INSIDE,6/8 - INSIDE,True,True,0,0,17,0
1162,38.733,city,24,word,6/8 - INSIDE,6/8 - INSIDE,6/8 - INSIDE,,True,6/8 - INSIDE,6/8 - INSIDE,6/8 - INSIDE,6/8 - INSIDE,6/8 - INSIDE,6/8 - INSIDE,6/8 - INSIDE,True,6/8 - INSIDE,6/8 - INSIDE,True,6/8 - INSIDE,6/8 - INSIDE,True,True,1,0,17,0
1163,38.767,city,24,word,6/8 - INSIDE,6/8 - INSIDE,6/8 - INSIDE,,True,6/8 - INSIDE,6/8 - INSIDE,6/8 - INSIDE,6/8 - INSIDE,6/8 - INSIDE,6/8 - INSIDE,6/8 - INSIDE,True,6/8 - INSIDE,6/8 - INSIDE,True,6/8 - INSIDE,6/8 - INSIDE,True,True,1,0,17,0
1164,38.8,city,24,word,6/8 - INSIDE,6/8 - INSIDE,6/8 - INSIDE,,True,6/8 - INSIDE,6/8 - INSIDE,6/8 - INSIDE,6/8 - INSIDE,6/8 - INSIDE,6/8 - INSIDE,6/8 - INSIDE,True,6/8 - INSIDE,6/8 - INSIDE,True,6/8 - INSIDE,6/8 - INSIDE,True,True,1,0,17,0
1165,38.833,city,24,word,6/8 - INSIDE,6/8 - INSIDE,6/8 - INSIDE,,True,6/8 - INSIDE,6/8 - INSIDE,6/8 - INSIDE,6/8 - INSIDE,6/8 - INSIDE,6/8 - INSIDE,6/8 - INSIDE,True,6/8 - INSIDE,6/8 - INSIDE,True,6/8 - INSIDE,6/8 - INSIDE,True,True,1,0,10,0
1166,38.867,city,24,word,6/8 - INSIDE,6/8 - INSIDE,6/8 - INSIDE,,True,6/8 - INSIDE,6/8 - INSIDE,6/8 - INSIDE,6/8 - INSIDE,6/8 - INSIDE,6/8 - INSIDE,6/8 - INSIDE,True,6/8 - INSIDE,6/8 - INSIDE,True,6/8 - INSIDE,6/8 - INSIDE,True,True,1,0,10,0
1167,38.9,city,24,word,6/8 - INSIDE,6/8 - INSIDE,6/8 - INSIDE,,True,6/8 - INSIDE,6/8 - INSIDE,6/8 - INSIDE,6/8 - INSIDE,6/8 - INSIDE,6/8 - INSIDE,6/8 - INSIDE,True,6/8 - INSIDE,6/8 - INSIDE,True,6/8 - INSIDE,6/8 - INSIDE,True,True,1,0,10,0
1168,38.933,city,24,word,6/8 - INSIDE,6/8 - INSIDE,6/8 - INSIDE,,True,6/8 - INSIDE,6/8 - INSIDE,6/8 - INSIDE,6/8 - INSIDE,6/8 - INSIDE,6/8 - INSIDE,6/8 - INSIDE,True,6/8 - INSIDE,6/8 - INSIDE,True,6/8 - INSIDE,6/8 - INSIDE,True,True,1,0,10,0
1169,38.967,city,24,word,6/8 - INSIDE,6/8 - INSIDE,6/8 - INSIDE,,True,6/8 - INSIDE,6/8 - INSIDE,6/8 - INSIDE,6/8 - INSIDE,6/8 - INSIDE,6/8 - INSIDE,6/8 - INSIDE,True,6/8 - INSIDE,6/8 - INSIDE,True,6/8 - INSIDE,6/8 - INSIDE,True,True,1,0,10,0
1170,39.0,city,24,word,6/8 - INSIDE,6/8 - INSIDE,6/8 - INSIDE,,True,6/8 - INSIDE,6/8 - INSIDE,6/8 - INSIDE,6/8 - INSIDE,6/8 - INSIDE,6/8 - INSIDE,6/8 - INSIDE,True,6/8 - INSIDE,6/8 - INSIDE,True,6/8 - INSIDE,6/8 - INSIDE,True,True,1,0,10,0
1171,39.033,city,24,word,6/8 - INSIDE,6/8 - INSIDE,6/8 - INSIDE,,True,6/8 - INSIDE,6/8 - INSIDE,6/8 - INSIDE,6/8 - INSIDE,6/8 - INSIDE,6/8 - INSIDE,6/8 - INSIDE,True,6/8 - INSIDE,6/8 - INSIDE,True,6/8 - INSIDE,6/8 - INSIDE,True,True,1,0,11,0
1172,39.067,city,24,word,6/8 - INSIDE,6/8 - INSIDE,6/8 - INSIDE,,True,6/8 - INSIDE,6/8 - INSIDE,6/8 - INSIDE,6/8 - INSIDE,6/8 - INSIDE,6/8 - INSIDE,6/8 - INSIDE,True,6/8 - INSIDE,6/8 - INSIDE,True,6/8 - INSIDE,6/8 - INSIDE,True,True,1,0,11,0
1173,39.1,city,24,word,6/8 - INSIDE,6/8 - INSIDE,6/8 - INSIDE,,True,6/8 - INSIDE,6/8 - INSIDE,6/8 - INSIDE,6/8 - INSIDE,6/8 - INSIDE,6/8 - INSIDE,6/8 - INSIDE,True,6/8 - INSIDE,6/8 - INSIDE,True,6/8 - INSIDE,6/8 - INSIDE,True,True,1,0,11,0
1174,39.133,city,24,word,6/8 - INSIDE,6/8 - INSIDE,6/8 - INSIDE,,True,6/8 - INSIDE,6/8 - INSIDE,6/8 - INSIDE,6/8 - INSIDE,6/8 - INSIDE,6/8 - INSIDE,6/8 - INSIDE,True,6/8 - INSIDE,6/8 - INSIDE,True,6/8 - INSIDE,6/8 - INSIDE,True,True,1,0,16,0
1175,39.167,city,24,word,6/8 - INSIDE,6/8 - INSIDE,6/8 - INSIDE,,True,6/8 - INSIDE,6/8 - INSIDE,6/8 - INSIDE,6/8 - INSIDE,6/8 - INSIDE,6/8 - INSIDE,6/8 - INSIDE,True,6/8 - INSIDE,6/8 - INSIDE,True,6/8 - INSIDE,6/8 - INSIDE,True,True,1,0,16,0
1176,39.2,city,24,word,6/8 - INSIDE,6/8 - INSIDE,6/8 - INSIDE,,True,6/8 - INSIDE,6/8 - INSIDE,6/8 - INSIDE,6/8 - INSIDE,6/8 - INSIDE,6/8 - INSIDE,6/8 - INSIDE,True,6/8 - INSIDE,6/8 - INSIDE,True,6/8 - INSIDE,6/8 - INSIDE,True,True,1,0,16,0
1177,39.233,city,24,word,6/8 - INSIDE,6/8 - INSIDE,6/8 - INSIDE,,True,6/8 - INSIDE,6/8 - INSIDE,6/8 - INSIDE,6/8 - INSIDE,6/8 - INSIDE,6/8 - INSIDE,6/8 - INSIDE,True,6/8 - INSIDE,6/8 - INSIDE,True,6/8 - INSIDE,6/8 - INSIDE,True,True,0,0,16,0
1178,39.267,city,24,word,6/8 - INSIDE,6/8 - INSIDE,6/8 - INSIDE,,True,6/8 - INSIDE,6/8 - INSIDE,6/8 - INSIDE,6/8 - INSIDE,6/8 - INSIDE,6/8 - INSIDE,6/8 - INSIDE,True,6/8 - INSIDE,6/8 - INSIDE,True,6/8 - INSIDE,6/8 - INSIDE,True,True,1,0,16,0
1179,39.3,city,24,word,6/8 - INSIDE,6/8 - INSIDE,6/8 - INSIDE,,True,6/8 - INSIDE,6/8 - INSIDE,6/8 - INSIDE,6/8 - INSIDE,6/8 - INSIDE,6/8 - INSIDE,6/8 - INSIDE,True,6/8 - INSIDE,6/8 - INSIDE,True,6/8 - INSIDE,6/8 - INSIDE,True,True,1,0,16,0
1180,39.333,city,24,word,6/8 - INSIDE,6/8 - INSIDE,6/8 - INSIDE,,True,6/8 - INSIDE,6/8 - INSIDE,6/8 - INSIDE,6/8 - INSIDE,6/8 - INSIDE,6/8 - INSIDE,6/8 - INSIDE,True,6/8 - INSIDE,6/8 - INSIDE,True,6/8 - INSIDE,6/8 - INSIDE,True,True,1,0,18,0
1181,39.367,city,24,word,6/8 - INSIDE,6/8 - INSIDE,6/8 - INSIDE,,True,6/8 - INSIDE,6/8 - INSIDE,6/8 - INSIDE,6/8 - INSIDE,6/8 - INSIDE,6/8 - INSIDE,6/8 - INSIDE,True,6/8 - INSIDE,6/8 - INSIDE,True,6/8 - INSIDE,6/8 - INSIDE,True,True,1,0,18,0
1182,39.4,city,24,word,6/8 - INSIDE,6/8 - INSIDE,6/8 - INSIDE,,True,6/8 - INSIDE,6/8 - INSIDE,6/8 - INSIDE,6/8 - INSIDE,6/8 - INSIDE,6/8 - INSIDE,6/8 - INSIDE,True,6/8 - INSIDE,6/8 - INSIDE,True,6/8 - INSIDE,6/8 - INSIDE,True,True,1,0,18,0
1183,39.433,city,24,word,6/8 - INSIDE,6/8 - INSIDE,6/8 - INSIDE,,True,6/8 - INSIDE,6/8 - INSIDE,6/8 - INSIDE,6/8 - INSIDE,6/8 - INSIDE,6/8 - INSIDE,6/8 - INSIDE,True,6/8 - INSIDE,6/8 - INSIDE,True,6/8 - INSIDE,6/8 - INSIDE,True,True,1,0,18,0
1184,39.467,city,24,word,6/8 - INSIDE,6/8 - INSIDE,6/8 - INSIDE,,True,6/8 - INSIDE,6/8 - INSIDE,6/8 - INSIDE,6/8 - INSIDE,6/8 - INSIDE,6/8 - INSIDE,6/8 - INSIDE,True,6/8 - INSIDE,6/8 - INSIDE,True,6/8 - INSIDE,6/8 - INSIDE,True,True,1,0,18,0
1185,39.5,city,24,word,6/8 - INSIDE,6/8 - INSIDE,6/8 - INSIDE,,True,6/8 - INSIDE,6/8 - INSIDE,6/8 - INSIDE,6/8 - INSIDE,6/8 - INSIDE,6/8 - INSIDE,6/8 - INSIDE,True,6/8 - INSIDE,6/8 - INSIDE,True,6/8 - INSIDE,6/8 - INSIDE,True,True,1,0,18,0
1186,39.533,city,24,word,6/8 - INSIDE,6/8 - INSIDE,6/8 - INSIDE,,True,6/8 - INSIDE,6/8 - INSIDE,6/8 - INSIDE,6/8 - INSIDE,6/8 - INSIDE,6/8 - INSIDE,6/8 - INSIDE,True,6/8 - INSIDE,6/8 - INSIDE,True,6/8 - INSIDE,6/8 - INSIDE,True,True,1,0,18,0
1187,39.567,city,24,word,6/8 - INSIDE,6/8 - INSIDE,6/8 - INSIDE,,True,6/8 - INSIDE,6/8 - INSIDE,6/8 - INSIDE,6/8 - INSIDE,6/8 - INSIDE,6/8 - INSIDE,6/8 - INSIDE,True,6/8 - INSIDE,6/8 - INSIDE,True,6/8 - INSIDE,6/8 - INSIDE,True,True,1,0,18,0
1188,39.6,city,24,word,6/8 - INSIDE,6/8 - INSIDE,6/8 - INSIDE,,True,6/8 - INSIDE,6/8 - INSIDE,6/8 - INSIDE,6/8 - INSIDE,6/8 - INSIDE,6/8 - INSIDE,6/8 - INSIDE,True,6/8 - INSIDE,6/8 - INSIDE,True,6/8 - INSIDE,6/8 - INSIDE,True,True,1,0,18,0
1189,39.633,city,24,word,6/8 - INSIDE,6/8 - INSIDE,6/8 - INSIDE,,True,6/8 - INSIDE,6/8 - INSIDE,6/8 - INSIDE,6/8 - INSIDE,6/8 - INSIDE,6/8 - INSIDE,6/8 - INSIDE,True,6/8 - INSIDE,6/8 - INSIDE,True,6/8 - INSIDE,6/8 - INSIDE,True,True,1,0,18,0
1190,39.667,city,24,word,6/8 - INSIDE,6/8 - INSIDE,6/8 - INSIDE,,True,6/8 - INSIDE,6/8 - INSIDE,6/8 - INSIDE,6/8 - INSIDE,6/8 - INSIDE,6/8 - INSIDE,6/8 - INSIDE,True,6/8 - INSIDE,6/8 - INSIDE,True,6/8 - INSIDE,6/8 - INSIDE,True,True,1,0,18,0
1191,39.7,city,24,word,6/8 - INSIDE,6/8 - INSIDE,6/8 - INSIDE,,True,6/8 - INSIDE,6/8 - INSIDE,6/8 - INSIDE,6/8 - INSIDE,6/8 - INSIDE,6/8 - INSIDE,6/8 - INSIDE,True,6/8 - INSIDE,6/8 - INSIDE,True,6/8 - INSIDE,6/8 - INSIDE,True,True,1,0,18,0
1192,39.733,city,24,word,6/8 - INSIDE,6/8 - INSIDE,6/8 - INSIDE,,True,6/8 - INSIDE,6/8 - INSIDE,6/8 - INSIDE,6/8 - INSIDE,6/8 - INSIDE,6/8 - INSIDE,6/8 - INSIDE,True,6/8 - INSIDE,6/8 - INSIDE,True,6/8 - INSIDE,6/8 - INSIDE,True,True,1,0,18,0
1193,39.767,city,24,word,6/8 - INSIDE,6/8 - INSIDE,6/8 - INSIDE,,True,6/8 - INSIDE,6/8 - INSIDE,6/8 - INSIDE,6/8 - INSIDE,6/8 - INSIDE,6/8 - INSIDE,6/8 - INSIDE,True,6/8 - INSIDE,6/8 - INSIDE,True,6/8 - INSIDE,6/8 - INSIDE,True,True,1,0,21,1
1194,39.8,city,24,word,6/8 - INSIDE,6/8 - INSIDE,6/8 - INSIDE,,True,6/8 - INSIDE,6/8 - INSIDE,6/8 - INSIDE,6/8 - INSIDE,6/8 - INSIDE,6/8 - INSIDE,6/8 - INSIDE,True,6/8 - INSIDE,6/8 - INSIDE,True,6/8 - INSIDE,6/8 - INSIDE,True,True,1,0,21,1
1195,39.833,city,24,word,6/8 - INSIDE,6/8 - INSIDE,6/8 - INSIDE,,True,6/8 - INSIDE,6/8 - INSIDE,6/8 - INSIDE,6/8 - INSIDE,6/8 - INSIDE,6/8 - INSIDE,6/8 - INSIDE,True,6/8 - INSIDE,6/8 - INSIDE,True,6/8 - INSIDE,6/8 - INSIDE,True,True,1,0,21,1
1196,39.867,city,24,word,6/8 - INSIDE,6/8 - INSIDE,6/8 - INSIDE,,True,6/8 - INSIDE,6/8 - INSIDE,6/8 - INSIDE,6/8 - INSIDE,6/8 - INSIDE,6/8 - INSIDE,6/8 - INSIDE,True,6/8 - INSIDE,6/8 - INSIDE,True,6/8 - INSIDE,6/8 - INSIDE,True,True,1,0,21,1
1197,39.9,city,24,word,6/8 - INSIDE,6/8 - INSIDE,6/8 - INSIDE,,True,6/8 - INSIDE,6/8 - INSIDE,6/8 - INSIDE,6/8 - INSIDE,6/8 - INSIDE,6/8 - INSIDE,6/8 - INSIDE,True,6/8 - INSIDE,6/8 - INSIDE,True,6/8 - INSIDE,6/8 - INSIDE,True,True,1,0,21,1
1198,39.933,city,24,word,6/8 - INSIDE,6/8 - INSIDE,6/8 - INSIDE,,True,6/8 - INSIDE,6/8 - INSIDE,6/8 - INSIDE,6/8 - INSIDE,6/8 - INSIDE,6/8 - INSIDE,6/8 - INSIDE,True,6/8 - INSIDE,6/8 - INSIDE,True,6/8 - INSIDE,6/8 - INSIDE,True,True,1,0,21,1
1199,39.967,city,24,word,6/8 - INSIDE,6/8 - INSIDE,6/8 - INSIDE,,True,6/8 - INSIDE,6/8 - INSIDE,6/8 - INSIDE,6/8 - INSIDE,6/8 - INSIDE,6/8 - INSIDE,6/8 - INSIDE,True,6/8 - INSIDE,6/8 - INSIDE,True,6/8 - INSIDE,6/8 - INSIDE,True,True,1,0,21,1
1200,40.0,city,25,word,7/8 - THIS,7/8 - THIS,7/8 - THIS,,True,7/8 - THIS,7/8 - THIS,7/8 - THIS,7/8 - THIS,7/8 - THIS,7/8 - THIS,7/8 - THIS,True,7/8 - THIS,7/8 - THIS,True,7/8 - THIS,7/8 - THIS,True,True,2,1,14,0
1201,40.033,city,25,word,7/8 - THIS,7/8 - THIS,7/8 - THIS,,True,7/8 - THIS,7/8 - THIS,7/8 - THIS,7/8 - THIS,7/8 - THIS,7/8 - THIS,7/8 - THIS,True,7/8 - THIS,7/8 - THIS,True,7/8 - THIS,7/8 - THIS,True,True,2,1,15,0
1202,40.067,city,25,word,7/8 - THIS,7/8 - THIS,7/8 - THIS,,True,7/8 - THIS,7/8 - THIS,7/8 - THIS,7/8 - THIS,7/8 - THIS,7/8 - THIS,7/8 - THIS,True,7/8 - THIS,7/8 - THIS,True,7/8 - THIS,7/8 - THIS,True,True,2,1,15,0
1203,40.1,city,25,word,7/8 - THIS,7/8 - THIS,7/8 - THIS,,True,7/8 - THIS,7/8 - THIS,7/8 - THIS,7/8 - THIS,7/8 - THIS,7/8 - THIS,7/8 - THIS,True,7/8 - THIS,7/8 - THIS,True,7/8 - THIS,7/8 - THIS,True,True,2,1,15,0
1204,40.133,city,25,word,7/8 - THIS,7/8 - THIS,7/8 - THIS,,True,7/8 - THIS,7/8 - THIS,7/8 - THIS,7/8 - THIS,7/8 - THIS,7/8 - THIS,7/8 - THIS,True,7/8 - THIS,7/8 - THIS,True,7/8 - THIS,7/8 - THIS,True,True,2,1,15,0
1205,40.167,city,25,word,7/8 - THIS,7/8 - THIS,7/8 - THIS,,True,7/8 - THIS,7/8 - THIS,7/8 - THIS,7/8 - THIS,7/8 - THIS,7/8 - THIS,7/8 - THIS,True,7/8 - THIS,7/8 - THIS,True,7/8 - THIS,7/8 - THIS,True,True,2,1,15,0
1206,40.2,city,25,word,7/8 - THIS,7/8 - THIS,7/8 - THIS,,True,7/8 - THIS,7/8 - THIS,7/8 - THIS,7/8 - THIS,7/8 - THIS,7/8 - THIS,7/8 - THIS,True,7/8 - THIS,7/8 - THIS,True,7/8 - THIS,7/8 - THIS,True,True,2,1,15,0
1207,40.233,city,25,word,7/8 - THIS,7/8 - THIS,7/8 - THIS,,True,7/8 - THIS,7/8 - THIS,7/8 - THIS,7/8 - THIS,7/8 - THIS,7/8 - THIS,7/8 - THIS,True,7/8 - THIS,7/8 - THIS,True,7/8 - THIS,7/8 - THIS,True,True,2,1,15,0
1208,40.267,city,25,word,7/8 - THIS,7/8 - THIS,7/8 - THIS,,True,7/8 - THIS,7/8 - THIS,7/8 - THIS,7/8 - THIS,7/8 - THIS,7/8 - THIS,7/8 - THIS,True,7/8 - THIS,7/8 - THIS,True,7/8 - THIS,7/8 - THIS,True,True,2,1,16,0
1209,40.3,city,25,word,7/8 - THIS,7/8 - THIS,7/8 - THIS,,True,7/8 - THIS,7/8 - THIS,7/8 - THIS,7/8 - THIS,7/8 - THIS,7/8 - THIS,7/8 - THIS,True,7/8 - THIS,7/8 - THIS,True,7/8 - THIS,7/8 - THIS,True,True,2,1,16,0
1210,40.333,city,25,word,7/8 - THIS,7/8 - THIS,7/8 - THIS,,True,7/8 - THIS,7/8 - THIS,7/8 - THIS,7/8 - THIS,7/8 - THIS,7/8 - THIS,7/8 - THIS,True,7/8 - THIS,7/8 - THIS,True,7/8 - THIS,7/8 - THIS,True,True,2,1,16,0
1211,40.367,city,25,word,7/8 - THIS,7/8 - THIS,7/8 - THIS,,True,7/8 - THIS,7/8 - THIS,7/8 - THIS,7/8 - THIS,7/8 - THIS,7/8 - THIS,7/8 - THIS,True,7/8 - THIS,7/8 - THIS,True,7/8 - THIS,7/8 - THIS,True,True,2,1,16,0
1212,40.4,city,25,word,7/8 - THIS,7/8 - THIS,7/8 - THIS,,True,7/8 - THIS,7/8 - THIS,7/8 - THIS,7/8 - THIS,7/8 - THIS,7/8 - THIS,7/8 - THIS,True,7/8 - THIS,7/8 - THIS,True,7/8 - THIS,7/8 - THIS,True,True,2,1,16,0
1213,40.433,city,25,word,7/8 - THIS,7/8 - THIS,7/8 - THIS,,True,7/8 - THIS,7/8 - THIS,7/8 - THIS,7/8 - THIS,7/8 - THIS,7/8 - THIS,7/8 - THIS,True,7/8 - THIS,7/8 - THIS,True,7/8 - THIS,7/8 - THIS,True,True,2,1,16,0
1214,40.467,city,25,word,7/8 - THIS,7/8 - THIS,7/8 - THIS,,True,7/8 - THIS,7/8 - THIS,7/8 - THIS,7/8 - THIS,7/8 - THIS,7/8 - THIS,7/8 - THIS,True,7/8 - THIS,7/8 - THIS,True,7/8 - THIS,7/8 - THIS,True,True,2,1,16,0
1215,40.5,city,25,word,7/8 - THIS,7/8 - THIS,7/8 - THIS,,True,7/8 - THIS,7/8 - THIS,7/8 - THIS,7/8 - THIS,7/8 - THIS,7/8 - THIS,7/8 - THIS,True,7/8 - THIS,7/8 - THIS,True,7/8 - THIS,7/8 - THIS,True,True,2,1,16,0
1216,40.533,city,25,word,7/8 - THIS,7/8 - THIS,7/8 - THIS,,True,7/8 - THIS,7/8 - THIS,7/8 - THIS,7/8 - THIS,7/8 - THIS,7/8 - THIS,7/8 - THIS,True,7/8 - THIS,7/8 - THIS,True,7/8 - THIS,7/8 - THIS,True,True,2,1,16,0
1217,40.567,city,25,word,7/8 - THIS,7/8 - THIS,7/8 - THIS,,True,7/8 - THIS,7/8 - THIS,7/8 - THIS,7/8 - THIS,7/8 - THIS,7/8 - THIS,7/8 - THIS,True,7/8 - THIS,7/8 - THIS,True,7/8 - THIS,7/8 - THIS,True,True,2,1,16,0
1218,40.6,city,25,word,7/8 - THIS,7/8 - THIS,7/8 - THIS,,True,7/8 - THIS,7/8 - THIS,7/8 - THIS,7/8 - THIS,7/8 - THIS,7/8 - THIS,7/8 - THIS,True,7/8 - THIS,7/8 - THIS,True,7/8 - THIS,7/8 - THIS,True,True,2,1,16,0
1219,40.633,city,25,word,7/8 - THIS,7/8 - THIS,7/8 - THIS,,True,7/8 - THIS,7/8 - THIS,7/8 - THIS,7/8 - THIS,7/8 - THIS,7/8 - THIS,7/8 - THIS,True,7/8 - THIS,7/8 - THIS,True,7/8 - THIS,7/8 - THIS,True,True,2,1,16,0
1220,40.667,city,25,word,7/8 - THIS,7/8 - THIS,7/8 - THIS,,True,7/8 - THIS,7/8 - THIS,7/8 - THIS,7/8 - THIS,7/8 - THIS,7/8 - THIS,7/8 - THIS,True,7/8 - THIS,7/8 - THIS,True,7/8 - THIS,7/8 - THIS,True,True,2,1,16,0
1221,40.7,city,25,word,7/8 - THIS,7/8 - THIS,7/8 - THIS,,True,7/8 - THIS,7/8 - THIS,7/8 - THIS,7/8 - THIS,7/8 - THIS,7/8 - THIS,7/8 - THIS,True,7/8 - THIS,7/8 - THIS,True,7/8 - THIS,7/8 - THIS,True,True,2,1,16,0
1222,40.733,city,25,word,7/8 - THIS,7/8 - THIS,7/8 - THIS,,True,7/8 - THIS,7/8 - THIS,7/8 - THIS,7/8 - THIS,7/8 - THIS,7/8 - THIS,7/8 - THIS,True,7/8 - THIS,7/8 - THIS,True,7/8 - THIS,7/8 - THIS,True,True,2,1,15,0
1223,40.767,city,25,word,7/8 - THIS,7/8 - THIS,7/8 - THIS,,True,7/8 - THIS,7/8 - THIS,7/8 - THIS,7/8 - THIS,7/8 - THIS,7/8 - THIS,7/8 - THIS,True,7/8 - THIS,7/8 - THIS,True,7/8 - THIS,7/8 - THIS,True,True,2,1,14,0
1224,40.8,city,25,word,7/8 - THIS,7/8 - THIS,7/8 - THIS,,True,7/8 - THIS,7/8 - THIS,7/8 - THIS,7/8 - THIS,7/8 - THIS,7/8 - THIS,7/8 - THIS,True,7/8 - THIS,7/8 - THIS,True,7/8 - THIS,7/8 - THIS,True,True,2,1,14,0
1225,40.833,city,25,word,7/8 - THIS,7/8 - THIS,7/8 - THIS,,True,7/8 - THIS,7/8 - THIS,7/8 - THIS,7/8 - THIS,7/8 - THIS,7/8 - THIS,7/8 - THIS,True,7/8 - THIS,7/8 - THIS,True,7/8 - THIS,7/8 - THIS,True,True,2,1,14,0
1226,40.867,city,25,word,7/8 - THIS,7/8 - THIS,7/8 - THIS,,True,7/8 - THIS,7/8 - THIS,7/8 - THIS,7/8 - THIS,7/8 - THIS,7/8 - THIS,7/8 - THIS,True,7/8 - THIS,7/8 - THIS,True,7/8 - THIS,7/8 - THIS,True,True,2,1,14,0
1227,40.9,city,25,word,7/8 - THIS,7/8 - THIS,7/8 - THIS,,True,7/8 - THIS,7/8 - THIS,7/8 - THIS,7/8 - THIS,7/8 - THIS,7/8 - THIS,7/8 - THIS,True,7/8 - THIS,7/8 - THIS,True,7/8 - THIS,7/8 - THIS,True,True,2,1,10,0
1228,40.933,city,25,word,7/8 - THIS,7/8 - THIS,7/8 - THIS,,True,7/8 - THIS,7/8 - THIS,7/8 - THIS,7/8 - THIS,7/8 - THIS,7/8 - THIS,7/8 - THIS,True,7/8 - THIS,7/8 - THIS,True,7/8 - THIS,7/8 - THIS,True,True,2,1,10,0
1229,40.967,city,25,word,7/8 - THIS,7/8 - THIS,7/8 - THIS,,True,7/8 - THIS,7/8 - THIS,7/8 - THIS,7/8 - THIS,7/8 - THIS,7/8 - THIS,7/8 - THIS,True,7/8 - THIS,7/8 - THIS,True,7/8 - THIS,7/8 - THIS,True,True,2,1,10,0
1230,41.0,city,25,word,7/8 - THIS,7/8 - THIS,7/8 - THIS,,True,7/8 - THIS,7/8 - THIS,7/8 - THIS,7/8 - THIS,7/8 - THIS,7/8 - THIS,7/8 - THIS,True,7/8 - THIS,7/8 - THIS,True,7/8 - THIS,7/8 - THIS,True,True,2,1,10,0
1231,41.033,city,25,word,7/8 - THIS,7/8 - THIS,7/8 - THIS,,True,7/8 - THIS,7/8 - THIS,7/8 - THIS,7/8 - THIS,7/8 - THIS,7/8 - THIS,7/8 - THIS,True,7/8 - THIS,7/8 - THIS,True,7/8 - THIS,7/8 - THIS,True,True,2,1,11,0
1232,41.067,city,25,word,7/8 - THIS,7/8 - THIS,7/8 - THIS,,True,7/8 - THIS,7/8 - THIS,7/8 - THIS,7/8 - THIS,7/8 - THIS,7/8 - THIS,7/8 - THIS,True,7/8 - THIS,7/8 - THIS,True,7/8 - THIS,7/8 - THIS,True,True,2,1,11,0
1233,41.1,city,25,word,7/8 - THIS,7/8 - THIS,7/8 - THIS,,True,7/8 - THIS,7/8 - THIS,7/8 - THIS,7/8 - THIS,7/8 - THIS,7/8 - THIS,7/8 - THIS,True,7/8 - THIS,7/8 - THIS,True,7/8 - THIS,7/8 - THIS,True,True,2,1,11,0
1234,41.133,city,25,word,7/8 - THIS,7/8 - THIS,7/8 - THIS,,True,7/8 - THIS,7/8 - THIS,7/8 - THIS,7/8 - THIS,7/8 - THIS,7/8 - THIS,7/8 - THIS,True,7/8 - THIS,7/8 - THIS,True,7/8 - THIS,7/8 - THIS,True,True,2,1,11,0
1235,41.167,city,25,word,7/8 - THIS,7/8 - THIS,7/8 - THIS,,True,7/8 - THIS,7/8 - THIS,7/8 - THIS,7/8 - THIS,7/8 - THIS,7/8 - THIS,7/8 - THIS,True,7/8 - THIS,7/8 - THIS,True,7/8 - THIS,7/8 - THIS,True,True,2,1,11,0
1236,41.2,city,25,word,7/8 - THIS,7/8 - THIS,7/8 - THIS,,True,7/8 - THIS,7/8 - THIS,7/8 - THIS,7/8 - THIS,7/8 - THIS,7/8 - THIS,7/8 - THIS,True,7/8 - THIS,7/8 - THIS,True,7/8 - THIS,7/8 - THIS,True,True,2,1,11,0
1237,41.233,city,25,word,7/8 - THIS,7/8 - THIS,7/8 - THIS,,True,7/8 - THIS,7/8 - THIS,7/8 - THIS,7/8 - THIS,7/8 - THIS,7/8 - THIS,7/8 - THIS,True,7/8 - THIS,7/8 - THIS,True,7/8 - THIS,7/8 - THIS,True,True,2,1,11,0
1238,41.267,city,25,word,7/8 - THIS,7/8 - THIS,7/8 - THIS,,True,7/8 - THIS,7/8 - THIS,7/8 - THIS,7/8 - THIS,7/8 - THIS,7/8 - THIS,7/8 - THIS,True,7/8 - THIS,7/8 - THIS,True,7/8 - THIS,7/8 - THIS,True,True,2,1,14,0
1239,41.3,city,25,word,7/8 - THIS,7/8 - THIS,7/8 - THIS,,True,7/8 - THIS,7/8 - THIS,7/8 - THIS,7/8 - THIS,7/8 - THIS,7/8 - THIS,7/8 - THIS,True,7/8 - THIS,7/8 - THIS,True,7/8 - THIS,7/8 - THIS,True,True,2,1,17,0
1240,41.333,city,25,word,7/8 - THIS,7/8 - THIS,7/8 - THIS,,True,7/8 - THIS,7/8 - THIS,7/8 - THIS,7/8 - THIS,7/8 - THIS,7/8 - THIS,7/8 - THIS,True,7/8 - THIS,7/8 - THIS,True,7/8 - THIS,7/8 - THIS,True,True,2,1,17,0
1241,41.367,city,25,word,7/8 - THIS,7/8 - THIS,7/8 - THIS,,True,7/8 - THIS,7/8 - THIS,7/8 - THIS,7/8 - THIS,7/8 - THIS,7/8 - THIS,7/8 - THIS,True,7/8 - THIS,7/8 - THIS,True,7/8 - THIS,7/8 - THIS,True,True,2,1,14,0
1242,41.4,city,25,word,7/8 - THIS,7/8 - THIS,7/8 - THIS,,True,7/8 - THIS,7/8 - THIS,7/8 - THIS,7/8 - THIS,7/8 - THIS,7/8 - THIS,7/8 - THIS,True,7/8 - THIS,7/8 - THIS,True,7/8 - THIS,7/8 - THIS,True,True,2,1,14,0
1243,41.433,city,25,word,7/8 - THIS,7/8 - THIS,7/8 - THIS,,True,7/8 - THIS,7/8 - THIS,7/8 - THIS,7/8 - THIS,7/8 - THIS,7/8 - THIS,7/8 - THIS,True,7/8 - THIS,7/8 - THIS,True,7/8 - THIS,7/8 - THIS,True,True,2,1,14,0
1244,41.467,city,25,word,7/8 - THIS,7/8 - THIS,7/8 - THIS,,True,7/8 - THIS,7/8 - THIS,7/8 - THIS,7/8 - THIS,7/8 - THIS,7/8 - THIS,7/8 - THIS,True,7/8 - THIS,7/8 - THIS,True,7/8 - THIS,7/8 - THIS,True,True,2,1,14,0
1245,41.5,city,26,word,8/8 - FILM,8/8 - FILM,8/8 - FILM,,True,8/8 - FILM,8/8 - FILM,8/8 - FILM,8/8 - FILM,8/8 - FILM,8/8 - FILM,8/8 - FILM,True,8/8 - FILM,8/8 - FILM,True,8/8 - FILM,8/8 - FILM,True,True,1,1,9,0
1246,41.533,city,26,word,8/8 - FILM,8/8 - FILM,8/8 - FILM,,True,8/8 - FILM,8/8 - FILM,8/8 - FILM,8/8 - FILM,8/8 - FILM,8/8 - FILM,8/8 - FILM,True,8/8 - FILM,8/8 - FILM,True,8/8 - FILM,8/8 - FILM,True,True,1,0,9,0
1247,41.567,city,26,word,8/8 - FILM,8/8 - FILM,8/8 - FILM,,True,8/8 - FILM,8/8 - FILM,8/8 - FILM,8/8 - FILM,8/8 - FILM,8/8 - FILM,8/8 - FILM,True,8/8 - FILM,8/8 - FILM,True,8/8 - FILM,8/8 - FILM,True,True,1,0,9,0
1248,41.6,city,26,word,8/8 - FILM,8/8 - FILM,8/8 - FILM,,True,8/8 - FILM,8/8 - FILM,8/8 - FILM,8/8 - FILM,8/8 - FILM,8/8 - FILM,8/8 - FILM,True,8/8 - FILM,8/8 - FILM,True,8/8 - FILM,8/8 - FILM,True,True,1,1,9,0
1249,41.633,city,26,word,8/8 - FILM,8/8 - FILM,8/8 - FILM,,True,8/8 - FILM,8/8 - FILM,8/8 - FILM,8/8 - FILM,8/8 - FILM,8/8 - FILM,8/8 - FILM,True,8/8 - FILM,8/8 - FILM,True,8/8 - FILM,8/8 - FILM,True,True,1,1,9,0
1250,41.667,city,26,word,8/8 - FILM,8/8 - FILM,8/8 - FILM,,True,8/8 - FILM,8/8 - FILM,8/8 - FILM,8/8 - FILM,8/8 - FILM,8/8 - FILM,8/8 - FILM,True,8/8 - FILM,8/8 - FILM,True,8/8 - FILM,8/8 - FILM,True,True,1,0,9,0
1251,41.7,city,26,word,8/8 - FILM,8/8 - FILM,8/8 - FILM,,True,8/8 - FILM,8/8 - FILM,8/8 - FILM,8/8 - FILM,8/8 - FILM,8/8 - FILM,8/8 - FILM,True,8/8 - FILM,8/8 - FILM,True,8/8 - FILM,8/8 - FILM,True,True,1,1,9,0
1252,41.733,city,26,word,8/8 - FILM,8/8 - FILM,8/8 - FILM,,True,8/8 - FILM,8/8 - FILM,8/8 - FILM,8/8 - FILM,8/8 - FILM,8/8 - FILM,8/8 - FILM,True,8/8 - FILM,8/8 - FILM,True,8/8 - FILM,8/8 - FILM,True,True,1,1,9,0
1253,41.767,city,26,word,8/8 - FILM,8/8 - FILM,8/8 - FILM,,True,8/8 - FILM,8/8 - FILM,8/8 - FILM,8/8 - FILM,8/8 - FILM,8/8 - FILM,8/8 - FILM,True,8/8 - FILM,8/8 - FILM,True,8/8 - FILM,8/8 - FILM,True,True,1,1,9,0
1254,41.8,city,26,word,8/8 - FILM,8/8 - FILM,8/8 - FILM,,True,8/8 - FILM,8/8 - FILM,8/8 - FILM,8/8 - FILM,8/8 - FILM,8/8 - FILM,8/8 - FILM,True,8/8 - FILM,8/8 - FILM,True,8/8 - FILM,8/8 - FILM,True,True,1,1,9,0
1255,41.833,city,26,word,8/8 - FILM,8/8 - FILM,8/8 - FILM,,True,8/8 - FILM,8/8 - FILM,8/8 - FILM,8/8 - FILM,8/8 - FILM,8/8 - FILM,8/8 - FILM,True,8/8 - FILM,8/8 - FILM,True,8/8 - FILM,8/8 - FILM,True,True,1,1,3,0
1256,41.867,city,26,word,8/8 - FILM,8/8 - FILM,8/8 - FILM,,True,8/8 - FILM,8/8 - FILM,8/8 - FILM,8/8 - FILM,8/8 - FILM,8/8 - FILM,8/8 - FILM,True,8/8 - FILM,8/8 - FILM,True,8/8 - FILM,8/8 - FILM,True,True,1,1,3,0
1257,41.9,city,26,word,8/8 - FILM,8/8 - FILM,8/8 - FILM,,True,8/8 - FILM,8/8 - FILM,8/8 - FILM,8/8 - FILM,8/8 - FILM,8/8 - FILM,8/8 - FILM,True,8/8 - FILM,8/8 - FILM,True,8/8 - FILM,8/8 - FILM,True,True,1,1,3,0
1258,41.933,city,26,word,8/8 - FILM,8/8 - FILM,8/8 - FILM,,True,8/8 - FILM,8/8 - FILM,8/8 - FILM,8/8 - FILM,8/8 - FILM,8/8 - FILM,8/8 - FILM,True,8/8 - FILM,8/8 - FILM,True,8/8 - FILM,8/8 - FILM,True,True,1,1,3,0
1259,41.967,city,26,word,8/8 - FILM,8/8 - FILM,8/8 - FILM,,True,8/8 - FILM,8/8 - FILM,8/8 - FILM,8/8 - FILM,8/8 - FILM,8/8 - FILM,8/8 - FILM,True,8/8 - FILM,8/8 - FILM,True,8/8 - FILM,8/8 - FILM,True,True,1,1,3,0
1260,42.0,city,26,word,8/8 - FILM,8/8 - FILM,8/8 - FILM,,True,8/8 - FILM,8/8 - FILM,8/8 - FILM,8/8 - FILM,8/8 - FILM,8/8 - FILM,8/8 - FILM,True,8/8 - FILM,8/8 - FILM,True,8/8 - FILM,8/8 - FILM,True,True,1,1,3,0
1261,42.033,city,26,word,8/8 - FILM,8/8 - FILM,8/8 - FILM,,True,8/8 - FILM,8/8 - FILM,8/8 - FILM,8/8 - FILM,8/8 - FILM,8/8 - FILM,8/8 - FILM,True,8/8 - FILM,8/8 - FILM,True,8/8 - FILM,8/8 - FILM,True,True,1,1,3,0
1262,42.067,city,26,word,8/8 - FILM,8/8 - FILM,8/8 - FILM,,True,8/8 - FILM,8/8 - FILM,8/8 - FILM,8/8 - FILM,8/8 - FILM,8/8 - FILM,8/8 - FILM,True,8/8 - FILM,8/8 - FILM,True,8/8 - FILM,8/8 - FILM,True,True,1,1,3,0
1263,42.1,city,26,word,8/8 - FILM,8/8 - FILM,8/8 - FILM,,True,8/8 - FILM,8/8 - FILM,8/8 - FILM,8/8 - FILM,8/8 - FILM,8/8 - FILM,8/8 - FILM,True,8/8 - FILM,8/8 - FILM,True,8/8 - FILM,8/8 - FILM,True,True,1,1,3,0
1264,42.133,city,26,word,8/8 - FILM,8/8 - FILM,8/8 - FILM,,True,8/8 - FILM,8/8 - FILM,8/8 - FILM,8/8 - FILM,8/8 - FILM,8/8 - FILM,8/8 - FILM,True,8/8 - FILM,8/8 - FILM,True,8/8 - FILM,8/8 - FILM,True,True,1,1,3,0
1265,42.167,city,26,word,8/8 - FILM,8/8 - FILM,8/8 - FILM,,True,8/8 - FILM,8/8 - FILM,8/8 - FILM,8/8 - FILM,8/8 - FILM,8/8 - FILM,8/8 - FILM,True,8/8 - FILM,8/8 - FILM,True,8/8 - FILM,8/8 - FILM,True,True,1,1,3,0
1266,42.2,city,26,word,8/8 - FILM,8/8 - FILM,8/8 - FILM,,True,8/8 - FILM,8/8 - FILM,8/8 - FILM,8/8 - FILM,8/8 - FILM,8/8 - FILM,8/8 - FILM,True,8/8 - FILM,8/8 - FILM,True,8/8 - FILM,8/8 - FILM,True,True,1,1,3,0
1267,42.233,city,26,word,8/8 - FILM,8/8 - FILM,8/8 - FILM,,True,8/8 - FILM,8/8 - FILM,8/8 - FILM,8/8 - FILM,8/8 - FILM,8/8 - FILM,8/8 - FILM,True,8/8 - FILM,8/8 - FILM,True,8/8 - FILM,8/8 - FILM,True,True,1,1,3,0
1268,42.267,city,26,word,8/8 - FILM,8/8 - FILM,8/8 - FILM,,True,8/8 - FILM,8/8 - FILM,8/8 - FILM,8/8 - FILM,8/8 - FILM,8/8 - FILM,8/8 - FILM,True,8/8 - FILM,8/8 - FILM,True,8/8 - FILM,8/8 - FILM,True,True,1,1,3,0
1269,42.3,city,26,word,8/8 - FILM,8/8 - FILM,8/8 - FILM,,True,8/8 - FILM,8/8 - FILM,8/8 - FILM,8/8 - FILM,8/8 - FILM,8/8 - FILM,8/8 - FILM,True,8/8 - FILM,8/8 - FILM,True,8/8 - FILM,8/8 - FILM,True,True,1,1,3,0
1270,42.333,city,26,word,8/8 - FILM,8/8 - FILM,8/8 - FILM,,True,8/8 - FILM,8/8 - FILM,8/8 - FILM,8/8 - FILM,8/8 - FILM,8/8 - FILM,8/8 - FILM,True,8/8 - FILM,8/8 - FILM,True,8/8 - FILM,8/8 - FILM,True,True,1,1,3,0
1271,42.367,city,26,word,8/8 - FILM,8/8 - FILM,8/8 - FILM,,True,8/8 - FILM,8/8 - FILM,8/8 - FILM,8/8 - FILM,8/8 - FILM,8/8 - FILM,8/8 - FILM,True,8/8 - FILM,8/8 - FILM,True,8/8 - FILM,8/8 - FILM,True,True,1,1,3,0
1272,42.4,city,26,word,8/8 - FILM,8/8 - FILM,8/8 - FILM,,True,8/8 - FILM,8/8 - FILM,8/8 - FILM,8/8 - FILM,8/8 - FILM,8/8 - FILM,8/8 - FILM,True,8/8 - FILM,8/8 - FILM,True,8/8 - FILM,8/8 - FILM,True,True,1,1,3,0
1273,42.433,city,26,word,8/8 - FILM,8/8 - FILM,8/8 - FILM,,True,8/8 - FILM,8/8 - FILM,8/8 - FILM,8/8 - FILM,8/8 - FILM,8/8 - FILM,8/8 - FILM,True,8/8 - FILM,8/8 - FILM,True,8/8 - FILM,8/8 - FILM,True,True,1,1,3,0
1274,42.467,city,26,word,8/8 - FILM,8/8 - FILM,8/8 - FILM,,True,8/8 - FILM,8/8 - FILM,8/8 - FILM,8/8 - FILM,8/8 - FILM,8/8 - FILM,8/8 - FILM,True,8/8 - FILM,8/8 - FILM,True,8/8 - FILM,8/8 - FILM,True,True,1,1,3,0
1275,42.5,city,26,word,8/8 - FILM,8/8 - FILM,8/8 - FILM,,True,8/8 - FILM,8/8 - FILM,8/8 - FILM,8/8 - FILM,8/8 - FILM,8/8 - FILM,8/8 - FILM,True,8/8 - FILM,8/8 - FILM,True,8/8 - FILM,8/8 - FILM,True,True,1,1,3,0
1276,42.533,city,26,word,8/8 - FILM,8/8 - FILM,8/8 - FILM,,True,8/8 - FILM,8/8 - FILM,8/8 - FILM,8/8 - FILM,8/8 - FILM,8/8 - FILM,8/8 - FILM,True,8/8 - FILM,8/8 - FILM,True,8/8 - FILM,8/8 - FILM,True,True,1,1,3,0
1277,42.567,city,26,word,8/8 - FILM,8/8 - FILM,8/8 - FILM,,True,8/8 - FILM,8/8 - FILM,8/8 - FILM,8/8 - FILM,8/8 - FILM,8/8 - FILM,8/8 - FILM,True,8/8 - FILM,8/8 - FILM,True,8/8 - FILM,8/8 - FILM,True,True,1,1,3,0
1278,42.6,city,26,word,8/8 - FILM,8/8 - FILM,8/8 - FILM,,True,8/8 - FILM,8/8 - FILM,8/8 - FILM,8/8 - FILM,8/8 - FILM,8/8 - FILM,8/8 - FILM,True,8/8 - FILM,8/8 - FILM,True,8/8 - FILM,8/8 - FILM,True,True,1,1,3,0
1279,42.633,city,26,word,8/8 - FILM,8/8 - FILM,8/8 - FILM,,True,8/8 - FILM,8/8 - FILM,8/8 - FILM,8/8 - FILM,8/8 - FILM,8/8 - FILM,8/8 - FILM,True,8/8 - FILM,8/8 - FILM,True,8/8 - FILM,8/8 - FILM,True,True,1,1,3,0
1280,42.667,city,26,word,8/8 - FILM,8/8 - FILM,8/8 - FILM,,True,8/8 - FILM,8/8 - FILM,8/8 - FILM,8/8 - FILM,8/8 - FILM,8/8 - FILM,8/8 - FILM,True,8/8 - FILM,8/8 - FILM,True,8/8 - FILM,8/8 - FILM,True,True,1,1,3,0
1281,42.7,city,26,word,8/8 - FILM,8/8 - FILM,8/8 - FILM,,True,8/8 - FILM,8/8 - FILM,8/8 - FILM,8/8 - FILM,8/8 - FILM,8/8 - FILM,8/8 - FILM,True,8/8 - FILM,8/8 - FILM,True,8/8 - FILM,8/8 - FILM,True,True,1,1,3,0
1282,42.733,city,26,word,8/8 - FILM,8/8 - FILM,8/8 - FILM,,True,8/8 - FILM,8/8 - FILM,8/8 - FILM,8/8 - FILM,8/8 - FILM,8/8 - FILM,8/8 - FILM,True,8/8 - FILM,8/8 - FILM,True,8/8 - FILM,8/8 - FILM,True,True,1,1,3,0
1283,42.767,city,26,word,8/8 - FILM,8/8 - FILM,8/8 - FILM,,True,8/8 - FILM,8/8 - FILM,8/8 - FILM,8/8 - FILM,8/8 - FILM,8/8 - FILM,8/8 - FILM,True,8/8 - FILM,8/8 - FILM,True,8/8 - FILM,8/8 - FILM,True,True,1,1,3,0
1284,42.8,city,26,word,8/8 - FILM,8/8 - FILM,8/8 - FILM,,True,8/8 - FILM,8/8 - FILM,8/8 - FILM,8/8 - FILM,8/8 - FILM,8/8 - FILM,8/8 - FILM,True,8/8 - FILM,8/8 - FILM,True,8/8 - FILM,8/8 - FILM,True,True,1,1,3,0
1285,42.833,city,26,word,8/8 - FILM,8/8 - FILM,8/8 - FILM,,True,8/8 - FILM,8/8 - FILM,8/8 - FILM,8/8 - FILM,8/8 - FILM,8/8 - FILM,8/8 - FILM,True,8/8 - FILM,8/8 - FILM,True,8/8 - FILM,8/8 - FILM,True,True,1,1,3,0
1286,42.867,city,26,word,8/8 - FILM,8/8 - FILM,8/8 - FILM,,True,8/8 - FILM,8/8 - FILM,8/8 - FILM,8/8 - FILM,8/8 - FILM,8/8 - FILM,8/8 - FILM,True,8/8 - FILM,8/8 - FILM,True,8/8 - FILM,8/8 - FILM,True,True,1,1,3,0
1287,42.9,city,26,word,8/8 - FILM,8/8 - FILM,8/8 - FILM,,True,8/8 - FILM,8/8 - FILM,8/8 - FILM,8/8 - FILM,8/8 - FILM,8/8 - FILM,8/8 - FILM,True,8/8 - FILM,8/8 - FILM,True,8/8 - FILM,8/8 - FILM,True,True,1,1,3,0
1288,42.933,city,26,word,8/8 - FILM,8/8 - FILM,8/8 - FILM,,True,8/8 - FILM,8/8 - FILM,8/8 - FILM,8/8 - FILM,8/8 - FILM,8/8 - FILM,8/8 - FILM,True,8/8 - FILM,8/8 - FILM,True,8/8 - FILM,8/8 - FILM,True,True,1,1,1,0
1289,42.967,city,26,word,8/8 - FILM,8/8 - FILM,8/8 - FILM,,True,8/8 - FILM,8/8 - FILM,8/8 - FILM,8/8 - FILM,8/8 - FILM,8/8 - FILM,8/8 - FILM,True,8/8 - FILM,8/8 - FILM,True,8/8 - FILM,8/8 - FILM,True,True,1,1,1,0
1290,43.0,city,27,word,1/8 - YOU,1/8 - YOU,1/8 - YOU,,True,1/8 - YOU,1/8 - YOU,1/8 - YOU,1/8 - YOU,1/8 - YOU,1/8 - YOU,1/8 - YOU,True,1/8 - YOU,1/8 - YOU,True,1/8 - YOU,1/8 - YOU,True,True,1,1,7,0
1291,43.033,city,27,word,1/8 - YOU,1/8 - YOU,1/8 - YOU,,True,1/8 - YOU,1/8 - YOU,1/8 - YOU,1/8 - YOU,1/8 - YOU,1/8 - YOU,1/8 - YOU,True,1/8 - YOU,1/8 - YOU,True,1/8 - YOU,1/8 - YOU,True,True,1,1,7,0
1292,43.067,city,27,word,1/8 - YOU,1/8 - YOU,1/8 - YOU,,True,1/8 - YOU,1/8 - YOU,1/8 - YOU,1/8 - YOU,1/8 - YOU,1/8 - YOU,1/8 - YOU,True,1/8 - YOU,1/8 - YOU,True,1/8 - YOU,1/8 - YOU,True,True,1,1,7,0
1293,43.1,city,27,word,1/8 - YOU,1/8 - YOU,1/8 - YOU,,True,1/8 - YOU,1/8 - YOU,1/8 - YOU,1/8 - YOU,1/8 - YOU,1/8 - YOU,1/8 - YOU,True,1/8 - YOU,1/8 - YOU,True,1/8 - YOU,1/8 - YOU,True,True,1,1,7,0
1294,43.133,city,27,word,1/8 - YOU,1/8 - YOU,1/8 - YOU,,True,1/8 - YOU,1/8 - YOU,1/8 - YOU,1/8 - YOU,1/8 - YOU,1/8 - YOU,1/8 - YOU,True,1/8 - YOU,1/8 - YOU,True,1/8 - YOU,1/8 - YOU,True,True,1,1,7,0
1295,43.167,city,27,word,1/8 - YOU,1/8 - YOU,1/8 - YOU,,True,1/8 - YOU,1/8 - YOU,1/8 - YOU,1/8 - YOU,1/8 - YOU,1/8 - YOU,1/8 - YOU,True,1/8 - YOU,1/8 - YOU,True,1/8 - YOU,1/8 - YOU,True,True,1,1,7,0
1296,43.2,city,27,word,1/8 - YOU,1/8 - YOU,1/8 - YOU,,True,1/8 - YOU,1/8 - YOU,1/8 - YOU,1/8 - YOU,1/8 - YOU,1/8 - YOU,1/8 - YOU,True,1/8 - YOU,1/8 - YOU,True,1/8 - YOU,1/8 - YOU,True,True,1,1,7,0
1297,43.233,city,27,word,1/8 - YOU,1/8 - YOU,1/8 - YOU,,True,1/8 - YOU,1/8 - YOU,1/8 - YOU,1/8 - YOU,1/8 - YOU,1/8 - YOU,1/8 - YOU,True,1/8 - YOU,1/8 - YOU,True,1/8 - YOU,1/8 - YOU,True,True,1,1,7,0
1298,43.267,city,27,word,1/8 - YOU,1/8 - YOU,1/8 - YOU,,True,1/8 - YOU,1/8 - YOU,1/8 - YOU,1/8 - YOU,1/8 - YOU,1/8 - YOU,1/8 - YOU,True,1/8 - YOU,1/8 - YOU,True,1/8 - YOU,1/8 - YOU,True,True,1,1,7,0
1299,43.3,city,27,word,1/8 - YOU,1/8 - YOU,1/8 - YOU,,True,1/8 - YOU,1/8 - YOU,1/8 - YOU,1/8 - YOU,1/8 - YOU,1/8 - YOU,1/8 - YOU,True,1/8 - YOU,1/8 - YOU,True,1/8 - YOU,1/8 - YOU,True,True,1,1,7,0
1300,43.333,city,27,word,1/8 - YOU,1/8 - YOU,1/8 - YOU,,True,1/8 - YOU,1/8 - YOU,1/8 - YOU,1/8 - YOU,1/8 - YOU,1/8 - YOU,1/8 - YOU,True,1/8 - YOU,1/8 - YOU,True,1/8 - YOU,1/8 - YOU,True,True,1,1,7,0
1301,43.367,city,27,word,1/8 - YOU,1/8 - YOU,1/8 - YOU,,True,1/8 - YOU,1/8 - YOU,1/8 - YOU,1/8 - YOU,1/8 - YOU,1/8 - YOU,1/8 - YOU,True,1/8 - YOU,1/8 - YOU,True,1/8 - YOU,1/8 - YOU,True,True,1,1,7,0
1302,43.4,city,27,word,1/8 - YOU,1/8 - YOU,1/8 - YOU,,True,1/8 - YOU,1/8 - YOU,1/8 - YOU,1/8 - YOU,1/8 - YOU,1/8 - YOU,1/8 - YOU,True,1/8 - YOU,1/8 - YOU,True,1/8 - YOU,1/8 - YOU,True,True,1,1,7,0
1303,43.433,city,27,word,1/8 - YOU,1/8 - YOU,1/8 - YOU,,True,1/8 - YOU,1/8 - YOU,1/8 - YOU,1/8 - YOU,1/8 - YOU,1/8 - YOU,1/8 - YOU,True,1/8 - YOU,1/8 - YOU,True,1/8 - YOU,1/8 - YOU,True,True,1,1,7,0
1304,43.467,city,27,word,1/8 - YOU,1/8 - YOU,1/8 - YOU,,True,1/8 - YOU,1/8 - YOU,1/8 - YOU,1/8 - YOU,1/8 - YOU,1/8 - YOU,1/8 - YOU,True,1/8 - YOU,1/8 - YOU,True,1/8 - YOU,1/8 - YOU,True,True,1,1,7,0
1305,43.5,city,27,word,1/8 - YOU,1/8 - YOU,1/8 - YOU,,True,1/8 - YOU,1/8 - YOU,1/8 - YOU,1/8 - YOU,1/8 - YOU,1/8 - YOU,1/8 - YOU,True,1/8 - YOU,1/8 - YOU,True,1/8 - YOU,1/8 - YOU,True,True,1,1,7,0
1306,43.533,city,27,word,1/8 - YOU,1/8 - YOU,1/8 - YOU,,True,1/8 - YOU,1/8 - YOU,1/8 - YOU,1/8 - YOU,1/8 - YOU,1/8 - YOU,1/8 - YOU,True,1/8 - YOU,1/8 - YOU,True,1/8 - YOU,1/8 - YOU,True,True,1,1,7,0
1307,43.567,city,27,word,1/8 - YOU,1/8 - YOU,1/8 - YOU,,True,1/8 - YOU,1/8 - YOU,1/8 - YOU,1/8 - YOU,1/8 - YOU,1/8 - YOU,1/8 - YOU,True,1/8 - YOU,1/8 - YOU,True,1/8 - YOU,1/8 - YOU,True,True,1,1,7,0
1308,43.6,city,27,word,1/8 - YOU,1/8 - YOU,1/8 - YOU,,True,1/8 - YOU,1/8 - YOU,1/8 - YOU,1/8 - YOU,1/8 - YOU,1/8 - YOU,1/8 - YOU,True,1/8 - YOU,1/8 - YOU,True,1/8 - YOU,1/8 - YOU,True,True,1,1,7,0
1309,43.633,city,27,word,1/8 - YOU,1/8 - YOU,1/8 - YOU,,True,1/8 - YOU,1/8 - YOU,1/8 - YOU,1/8 - YOU,1/8 - YOU,1/8 - YOU,1/8 - YOU,True,1/8 - YOU,1/8 - YOU,True,1/8 - YOU,1/8 - YOU,True,True,1,1,7,0
1310,43.667,city,27,word,1/8 - YOU,1/8 - YOU,1/8 - YOU,,True,1/8 - YOU,1/8 - YOU,1/8 - YOU,1/8 - YOU,1/8 - YOU,1/8 - YOU,1/8 - YOU,True,1/8 - YOU,1/8 - YOU,True,1/8 - YOU,1/8 - YOU,True,True,1,1,7,0
1311,43.7,city,27,word,1/8 - YOU,1/8 - YOU,1/8 - YOU,,True,1/8 - YOU,1/8 - YOU,1/8 - YOU,1/8 - YOU,1/8 - YOU,1/8 - YOU,1/8 - YOU,True,1/8 - YOU,1/8 - YOU,True,1/8 - YOU,1/8 - YOU,True,True,1,1,4,0
1312,43.733,city,27,word,1/8 - YOU,1/8 - YOU,1/8 - YOU,,True,1/8 - YOU,1/8 - YOU,1/8 - YOU,1/8 - YOU,1/8 - YOU,1/8 - YOU,1/8 - YOU,True,1/8 - YOU,1/8 - YOU,True,1/8 - YOU,1/8 - YOU,True,True,1,1,4,0
1313,43.767,city,27,word,1/8 - YOU,1/8 - YOU,1/8 - YOU,,True,1/8 - YOU,1/8 - YOU,1/8 - YOU,1/8 - YOU,1/8 - YOU,1/8 - YOU,1/8 - YOU,True,1/8 - YOU,1/8 - YOU,True,1/8 - YOU,1/8 - YOU,True,True,1,1,4,0
1314,43.8,city,27,word,1/8 - YOU,1/8 - YOU,1/8 - YOU,,True,1/8 - YOU,1/8 - YOU,1/8 - YOU,1/8 - YOU,1/8 - YOU,1/8 - YOU,1/8 - YOU,True,1/8 - YOU,1/8 - YOU,True,1/8 - YOU,1/8 - YOU,True,True,1,1,7,0
1315,43.833,city,27,word,1/8 - YOU,1/8 - YOU,1/8 - YOU,,True,1/8 - YOU,1/8 - YOU,1/8 - YOU,1/8 - YOU,1/8 - YOU,1/8 - YOU,1/8 - YOU,True,1/8 - YOU,1/8 - YOU,True,1/8 - YOU,1/8 - YOU,True,True,1,1,7,0
1316,43.867,city,27,word,1/8 - YOU,1/8 - YOU,1/8 - YOU,,True,1/8 - YOU,1/8 - YOU,1/8 - YOU,1/8 - YOU,1/8 - YOU,1/8 - YOU,1/8 - YOU,True,1/8 - YOU,1/8 - YOU,True,1/8 - YOU,1/8 - YOU,True,True,1,1,6,0
1317,43.9,city,27,word,1/8 - YOU,1/8 - YOU,1/8 - YOU,,True,1/8 - YOU,1/8 - YOU,1/8 - YOU,1/8 - YOU,1/8 - YOU,1/8 - YOU,1/8 - YOU,True,1/8 - YOU,1/8 - YOU,True,1/8 - YOU,1/8 - YOU,True,True,1,1,5,0
1318,43.933,city,27,word,1/8 - YOU,1/8 - YOU,1/8 - YOU,,True,1/8 - YOU,1/8 - YOU,1/8 - YOU,1/8 - YOU,1/8 - YOU,1/8 - YOU,1/8 - YOU,True,1/8 - YOU,1/8 - YOU,True,1/8 - YOU,1/8 - YOU,True,True,1,1,5,0
1319,43.967,city,27,word,1/8 - YOU,1/8 - YOU,1/8 - YOU,,True,1/8 - YOU,1/8 - YOU,1/8 - YOU,1/8 - YOU,1/8 - YOU,1/8 - YOU,1/8 - YOU,True,1/8 - YOU,1/8 - YOU,True,1/8 - YOU,1/8 - YOU,True,True,1,1,5,0
1320,44.0,eye,27,word,1/8 - YOU,1/8 - YOU,1/8 - YOU,,True,1/8 - YOU,1/8 - YOU,1/8 - YOU,1/8 - YOU,1/8 - YOU,1/8 - YOU,1/8 - YOU,True,1/8 - YOU,1/8 - YOU,True,1/8 - YOU,1/8 - YOU,True,True,1,1,5,0
1321,44.033,eye,27,word,1/8 - YOU,1/8 - YOU,1/8 - YOU,,True,1/8 - YOU,1/8 - YOU,1/8 - YOU,1/8 - YOU,1/8 - YOU,1/8 - YOU,1/8 - YOU,True,1/8 - YOU,1/8 - YOU,True,1/8 - YOU,1/8 - YOU,True,True,1,1,5,0
1322,44.067,eye,27,word,1/8 - YOU,1/8 - YOU,1/8 - YOU,,True,1/8 - YOU,1/8 - YOU,1/8 - YOU,1/8 - YOU,1/8 - YOU,1/8 - YOU,1/8 - YOU,True,1/8 - YOU,1/8 - YOU,True,1/8 - YOU,1/8 - YOU,True,True,1,1,5,0
1323,44.1,eye,27,word,1/8 - YOU,1/8 - YOU,1/8 - YOU,,True,1/8 - YOU,1/8 - YOU,1/8 - YOU,1/8 - YOU,1/8 - YOU,1/8 - YOU,1/8 - YOU,True,1/8 - YOU,1/8 - YOU,True,1/8 - YOU,1/8 - YOU,True,True,1,1,5,0
1324,44.133,eye,27,word,1/8 - YOU,1/8 - YOU,1/8 - YOU,,True,1/8 - YOU,1/8 - YOU,1/8 - YOU,1/8 - YOU,1/8 - YOU,1/8 - YOU,1/8 - YOU,True,1/8 - YOU,1/8 - YOU,True,1/8 - YOU,1/8 - YOU,True,True,1,1,5,0
1325,44.167,eye,27,word,1/8 - YOU,1/8 - YOU,1/8 - YOU,,True,1/8 - YOU,1/8 - YOU,1/8 - YOU,1/8 - YOU,1/8 - YOU,1/8 - YOU,1/8 - YOU,True,1/8 - YOU,1/8 - YOU,True,1/8 - YOU,1/8 - YOU,True,True,1,0,5,0
1326,44.2,eye,27,word,1/8 - YOU,1/8 - YOU,1/8 - YOU,,True,1/8 - YOU,1/8 - YOU,1/8 - YOU,1/8 - YOU,1/8 - YOU,1/8 - YOU,1/8 - YOU,True,1/8 - YOU,1/8 - YOU,True,1/8 - YOU,1/8 - YOU,True,True,1,0,5,0
1327,44.233,eye,27,word,1/8 - YOU,1/8 - YOU,1/8 - YOU,1/8 - YOU,True,1/8 - YOU,1/8 - YOU,1/8 - YOU,1/8 - YOU,1/8 - YOU,1/8 - YOU,1/8 - YOU,True,1/8 - YOU,1/8 - YOU,True,1/8 - YOU,1/8 - YOU,True,True,1,0,5,0
1328,44.267,eye,27,word,1/8 - YOU,1/8 - YOU,1/8 - YOU,,True,1/8 - YOU,1/8 - YOU,1/8 - YOU,1/8 - YOU,1/8 - YOU,1/8 - YOU,1/8 - YOU,True,1/8 - YOU,1/8 - YOU,True,1/8 - YOU,1/8 - YOU,True,True,1,0,5,0
1329,44.3,eye,27,word,1/8 - YOU,1/8 - YOU,1/8 - YOU,1/8 - YOU,True,1/8 - YOU,1/8 - YOU,1/8 - YOU,1/8 - YOU,1/8 - YOU,1/8 - YOU,1/8 - YOU,True,1/8 - YOU,1/8 - YOU,True,1/8 - YOU,1/8 - YOU,True,True,0,0,4,0
1330,44.333,eye,27,word,1/8 - YOU,1/8 - YOU,1/8 - YOU,1/8 - YOU,True,1/8 - YOU,1/8 - YOU,1/8 - YOU,1/8 - YOU,1/8 - YOU,1/8 - YOU,1/8 - YOU,True,1/8 - YOU,1/8 - YOU,True,1/8 - YOU,1/8 - YOU,True,True,0,0,3,0
1331,44.367,eye,27,word,1/8 - YOU,1/8 - YOU,1/8 - YOU,1/8 - YOU,True,1/8 - YOU,1/8 - YOU,1/8 - YOU,1/8 - YOU,1/8 - YOU,1/8 - YOU,1/8 - YOU,True,1/8 - YOU,1/8 - YOU,True,1/8 - YOU,1/8 - YOU,True,True,0,0,3,0
1332,44.4,eye,27,word,1/8 - YOU,1/8 - YOU,1/8 - YOU,1/8 - YOU,True,1/8 - YOU,1/8 - YOU,1/8 - YOU,1/8 - YOU,1/8 - YOU,1/8 - YOU,1/8 - YOU,True,1/8 - YOU,1/8 - YOU,True,1/8 - YOU,1/8 - YOU,True,True,1,0,3,0
1333,44.433,eye,27,word,1/8 - YOU,1/8 - YOU,1/8 - YOU,1/8 - YOU,True,1/8 - YOU,1/8 - YOU,1/8 - YOU,1/8 - YOU,1/8 - YOU,1/8 - YOU,1/8 - YOU,True,1/8 - YOU,1/8 - YOU,True,1/8 - YOU,1/8 - YOU,True,True,1,0,0,0
1334,44.467,eye,27,word,1/8 - YOU,1/8 - YOU,1/8 - YOU,1/8 - YOU,True,1/8 - YOU,1/8 - YOU,1/8 - YOU,1/8 - YOU,1/8 - YOU,1/8 - YOU,1/8 - YOU,True,1/8 - YOU,1/8 - YOU,True,1/8 - YOU,1/8 - YOU,True,True,1,0,0,0
1335,44.5,eye,28,bonus,The eye is watching you scan.,The eye is watching you scan.,The eye is watching you scan.,The eye is watching you scan.,True,The eye is watching you scan.,The eye is watching you scan.,The eye is watching you scan.,The eye is watching you scan.,The eye is watching you scan.,The eye is watching you scan.,The eye is watching you scan.,True,The eye is watching you scan.,The eye is watching you scan.,True,The eye is watching you scan.,The eye is watching you scan.,True,True,1,0,0,0
1336,44.533,eye,28,bonus,The eye is watching you scan.,The eye is watching you scan.,The eye is watching you scan.,The eye is watching you scan.,True,The eye is watching you scan.,The eye is watching you scan.,The eye is watching you scan.,The eye is watching you scan.,The eye is watching you scan.,The eye is watching you scan.,The eye is watching you scan.,True,The eye is watching you scan.,The eye is watching you scan.,True,The eye is watching you scan.,The eye is watching you scan.,True,True,1,0,0,0
1337,44.567,eye,28,bonus,The eye is watching you scan.,The eye is watching you scan.,The eye is watching you scan.,The eye is watching you scan.,True,The eye is watching you scan.,The eye is watching you scan.,The eye is watching you scan.,The eye is watching you scan.,The eye is watching you scan.,The eye is watching you scan.,The eye is watching you scan.,True,The eye is watching you scan.,The eye is watching you scan.,True,The eye is watching you scan.,The eye is watching you scan.,True,True,1,0,0,0
1338,44.6,eye,28,bonus,The eye is watching you scan.,The eye is watching you scan.,The eye is watching you scan.,The eye is watching you scan.,True,The eye is watching you scan.,The eye is watching you scan.,The eye is watching you scan.,The eye is watching you scan.,The eye is watching you scan.,The eye is watching you scan.,The eye is watching you scan.,True,The eye is watching you scan.,The eye is watching you scan.,True,The eye is watching you scan.,The eye is watching you scan.,True,True,1,0,0,0
1339,44.633,eye,28,bonus,The eye is watching you scan.,The eye is watching you scan.,The eye is watching you scan.,The eye is watching you scan.,True,The eye is watching you scan.,The eye is watching you scan.,The eye is watching you scan.,The eye is watching you scan.,The eye is watching you scan.,The eye is watching you scan.,The eye is watching you scan.,True,The eye is watching you scan.,The eye is watching you scan.,True,The eye is watching you scan.,The eye is watching you scan.,True,True,1,0,0,0
1340,44.667,eye,28,bonus,The eye is watching you scan.,The eye is watching you scan.,The eye is watching you scan.,The eye is watching you scan.,True,The eye is watching you scan.,The eye is watching you scan.,The eye is watching you scan.,The eye is watching you scan.,The eye is watching you scan.,The eye is watching you scan.,The eye is watching you scan.,True,The eye is watching you scan.,The eye is watching you scan.,True,The eye is watching you scan.,The eye is watching you scan.,True,True,1,0,0,0
1341,44.7,eye,28,bonus,The eye is watching you scan.,The eye is watching you scan.,The eye is watching you scan.,The eye is watching you scan.,True,The eye is watching you scan.,The eye is watching you scan.,The eye is watching you scan.,The eye is watching you scan.,The eye is watching you scan.,The eye is watching you scan.,The eye is watching you scan.,True,The eye is watching you scan.,The eye is watching you scan.,True,The eye is watching you scan.,The eye is watching you scan.,True,True,1,1,0,0
1342,44.733,eye,28,bonus,The eye is watching you scan.,The eye is watching you scan.,The eye is watching you scan.,The eye is watching you scan.,True,The eye is watching you scan.,The eye is watching you scan.,The eye is watching you scan.,The eye is watching you scan.,The eye is watching you scan.,The eye is watching you scan.,The eye is watching you scan.,True,The eye is watching you scan.,The eye is watching you scan.,True,The eye is watching you scan.,The eye is watching you scan.,True,True,1,1,0,0
1343,44.767,eye,28,bonus,The eye is watching you scan.,The eye is watching you scan.,The eye is watching you scan.,The eye is watching you scan.,True,The eye is watching you scan.,The eye is watching you scan.,The eye is watching you scan.,The eye is watching you scan.,The eye is watching you scan.,The eye is watching you scan.,The eye is watching you scan.,True,The eye is watching you scan.,The eye is watching you scan.,True,The eye is watching you scan.,The eye is watching you scan.,True,True,1,0,0,0
1344,44.8,eye,28,bonus,The eye is watching you scan.,The eye is watching you scan.,The eye is watching you scan.,The eye is watching you scan.,True,The eye is watching you scan.,The eye is watching you scan.,The eye is watching you scan.,The eye is watching you scan.,The eye is watching you scan.,The eye is watching you scan.,The eye is watching you scan.,True,The eye is watching you scan.,The eye is watching you scan.,True,The eye is watching you scan.,The eye is watching you scan.,True,True,1,0,0,0
1345,44.833,eye,28,bonus,The eye is watching you scan.,The eye is watching you scan.,The eye is watching you scan.,The eye is watching you scan.,True,The eye is watching you scan.,The eye is watching you scan.,The eye is watching you scan.,The eye is watching you scan.,The eye is watching you scan.,The eye is watching you scan.,The eye is watching you scan.,True,The eye is watching you scan.,The eye is watching you scan.,True,The eye is watching you scan.,The eye is watching you scan.,True,True,1,0,0,0
1346,44.867,eye,28,bonus,The eye is watching you scan.,The eye is watching you scan.,The eye is watching you scan.,The eye is watching you scan.,True,The eye is watching you scan.,The eye is watching you scan.,The eye is watching you scan.,The eye is watching you scan.,The eye is watching you scan.,The eye is watching you scan.,The eye is watching you scan.,True,The eye is watching you scan.,The eye is watching you scan.,True,The eye is watching you scan.,The eye is watching you scan.,True,True,1,0,0,0
1347,44.9,eye,28,bonus,The eye is watching you scan.,The eye is watching you scan.,The eye is watching you scan.,The eye is watching you scan.,True,The eye is watching you scan.,The eye is watching you scan.,The eye is watching you scan.,The eye is watching you scan.,The eye is watching you scan.,The eye is watching you scan.,The eye is watching you scan.,True,The eye is watching you scan.,The eye is watching you scan.,True,The eye is watching you scan.,The eye is watching you scan.,True,True,1,0,0,0
1348,44.933,eye,28,bonus,The eye is watching you scan.,The eye is watching you scan.,The eye is watching you scan.,The eye is watching you scan.,True,The eye is watching you scan.,The eye is watching you scan.,The eye is watching you scan.,The eye is watching you scan.,The eye is watching you scan.,The eye is watching you scan.,The eye is watching you scan.,True,The eye is watching you scan.,The eye is watching you scan.,True,The eye is watching you scan.,The eye is watching you scan.,True,True,1,0,0,0
1349,44.967,eye,28,bonus,The eye is watching you scan.,The eye is watching you scan.,The eye is watching you scan.,The eye is watching you scan.,True,The eye is watching you scan.,The eye is watching you scan.,The eye is watching you scan.,The eye is watching you scan.,The eye is watching you scan.,The eye is watching you scan.,The eye is watching you scan.,True,The eye is watching you scan.,The eye is watching you scan.,True,The eye is watching you scan.,The eye is watching you scan.,True,True,1,0,0,0
1350,45.0,eye,28,bonus,The eye is watching you scan.,The eye is watching you scan.,The eye is watching you scan.,The eye is watching you scan.,True,The eye is watching you scan.,The eye is watching you scan.,The eye is watching you scan.,The eye is watching you scan.,The eye is watching you scan.,The eye is watching you scan.,The eye is watching you scan.,True,The eye is watching you scan.,The eye is watching you scan.,True,The eye is watching you scan.,The eye is watching you scan.,True,True,1,1,3,0
1351,45.033,eye,28,bonus,The eye is watching you scan.,The eye is watching you scan.,The eye is watching you scan.,The eye is watching you scan.,True,The eye is watching you scan.,The eye is watching you scan.,The eye is watching you scan.,The eye is watching you scan.,The eye is watching you scan.,The eye is watching you scan.,The eye is watching you scan.,True,The eye is watching you scan.,The eye is watching you scan.,True,The eye is watching you scan.,The eye is watching you scan.,True,True,1,0,3,0
1352,45.067,eye,28,bonus,The eye is watching you scan.,The eye is watching you scan.,The eye is watching you scan.,The eye is watching you scan.,True,The eye is watching you scan.,The eye is watching you scan.,The eye is watching you scan.,The eye is watching you scan.,The eye is watching you scan.,The eye is watching you scan.,The eye is watching you scan.,True,The eye is watching you scan.,The eye is watching you scan.,True,The eye is watching you scan.,The eye is watching you scan.,True,True,1,0,5,0
1353,45.1,eye,28,bonus,The eye is watching you scan.,The eye is watching you scan.,The eye is watching you scan.,The eye is watching you scan.,True,The eye is watching you scan.,The eye is watching you scan.,The eye is watching you scan.,The eye is watching you scan.,The eye is watching you scan.,The eye is watching you scan.,The eye is watching you scan.,True,The eye is watching you scan.,The eye is watching you scan.,True,The eye is watching you scan.,The eye is watching you scan.,True,True,1,1,7,0
1354,45.133,eye,28,bonus,The eye is watching you scan.,The eye is watching you scan.,The eye is watching you scan.,The eye is watching you scan.,True,The eye is watching you scan.,The eye is watching you scan.,The eye is watching you scan.,The eye is watching you scan.,The eye is watching you scan.,The eye is watching you scan.,The eye is watching you scan.,True,The eye is watching you scan.,The eye is watching you scan.,True,The eye is watching you scan.,The eye is watching you scan.,True,True,1,1,8,0
1355,45.167,eye,28,bonus,The eye is watching you scan.,The eye is watching you scan.,The eye is watching you scan.,The eye is watching you scan.,True,The eye is watching you scan.,The eye is watching you scan.,The eye is watching you scan.,The eye is watching you scan.,The eye is watching you scan.,The eye is watching you scan.,The eye is watching you scan.,True,The eye is watching you scan.,The eye is watching you scan.,True,The eye is watching you scan.,The eye is watching you scan.,True,True,1,1,9,0
1356,45.2,eye,28,bonus,The eye is watching you scan.,The eye is watching you scan.,The eye is watching you scan.,The eye is watching you scan.,True,The eye is watching you scan.,The eye is watching you scan.,The eye is watching you scan.,The eye is watching you scan.,The eye is watching you scan.,The eye is watching you scan.,The eye is watching you scan.,True,The eye is watching you scan.,The eye is watching you scan.,True,The eye is watching you scan.,The eye is watching you scan.,True,True,1,1,12,0
1357,45.233,eye,28,bonus,The eye is watching you scan.,The eye is watching you scan.,The eye is watching you scan.,The eye is watching you scan.,True,The eye is watching you scan.,The eye is watching you scan.,The eye is watching you scan.,The eye is watching you scan.,The eye is watching you scan.,The eye is watching you scan.,The eye is watching you scan.,True,The eye is watching you scan.,The eye is watching you scan.,True,The eye is watching you scan.,The eye is watching you scan.,True,True,1,1,13,0
1358,45.267,eye,28,bonus,The eye is watching you scan.,The eye is watching you scan.,The eye is watching you scan.,The eye is watching you scan.,True,The eye is watching you scan.,The eye is watching you scan.,The eye is watching you scan.,The eye is watching you scan.,The eye is watching you scan.,The eye is watching you scan.,The eye is watching you scan.,True,The eye is watching you scan.,The eye is watching you scan.,True,The eye is watching you scan.,The eye is watching you scan.,True,True,1,1,16,0
1359,45.3,eye,28,bonus,The eye is watching you scan.,The eye is watching you scan.,The eye is watching you scan.,The eye is watching you scan.,True,The eye is watching you scan.,The eye is watching you scan.,The eye is watching you scan.,The eye is watching you scan.,The eye is watching you scan.,The eye is watching you scan.,The eye is watching you scan.,True,The eye is watching you scan.,The eye is watching you scan.,True,The eye is watching you scan.,The eye is watching you scan.,True,True,1,0,16,0
1360,45.333,eye,28,bonus,The eye is watching you scan.,The eye is watching you scan.,The eye is watching you scan.,The eye is watching you scan.,True,The eye is watching you scan.,The eye is watching you scan.,The eye is watching you scan.,The eye is watching you scan.,The eye is watching you scan.,The eye is watching you scan.,The eye is watching you scan.,True,The eye is watching you scan.,The eye is watching you scan.,True,The eye is watching you scan.,The eye is watching you scan.,True,True,2,1,16,0
1361,45.367,eye,28,bonus,The eye is watching you scan.,The eye is watching you scan.,The eye is watching you scan.,The eye is watching you scan.,True,The eye is watching you scan.,The eye is watching you scan.,The eye is watching you scan.,The eye is watching you scan.,The eye is watching you scan.,The eye is watching you scan.,The eye is watching you scan.,True,The eye is watching you scan.,The eye is watching you scan.,True,The eye is watching you scan.,The eye is watching you scan.,True,True,1,1,16,0
1362,45.4,eye,28,bonus,The eye is watching you scan.,The eye is watching you scan.,The eye is watching you scan.,The eye is watching you scan.,True,The eye is watching you scan.,The eye is watching you scan.,The eye is watching you scan.,The eye is watching you scan.,The eye is watching you scan.,The eye is watching you scan.,The eye is watching you scan.,True,The eye is watching you scan.,The eye is watching you scan.,True,The eye is watching you scan.,The eye is watching you scan.,True,True,1,1,16,0
1363,45.433,eye,28,bonus,The eye is watching you scan.,The eye is watching you scan.,The eye is watching you scan.,The eye is watching you scan.,True,The eye is watching you scan.,The eye is watching you scan.,The eye is watching you scan.,The eye is watching you scan.,The eye is watching you scan.,The eye is watching you scan.,The eye is watching you scan.,True,The eye is watching you scan.,The eye is watching you scan.,True,The eye is watching you scan.,The eye is watching you scan.,True,True,1,1,16,0
1364,45.467,eye,28,bonus,The eye is watching you scan.,The eye is watching you scan.,The eye is watching you scan.,The eye is watching you scan.,True,The eye is watching you scan.,The eye is watching you scan.,The eye is watching you scan.,The eye is watching you scan.,The eye is watching you scan.,The eye is watching you scan.,The eye is watching you scan.,True,The eye is watching you scan.,The eye is watching you scan.,True,The eye is watching you scan.,The eye is watching you scan.,True,True,1,0,16,0
1365,45.5,eye,28,bonus,The eye is watching you scan.,The eye is watching you scan.,The eye is watching you scan.,The eye is watching you scan.,True,The eye is watching you scan.,The eye is watching you scan.,The eye is watching you scan.,The eye is watching you scan.,The eye is watching you scan.,The eye is watching you scan.,The eye is watching you scan.,True,The eye is watching you scan.,The eye is watching you scan.,True,The eye is watching you scan.,The eye is watching you scan.,True,True,1,0,17,0
1366,45.533,eye,28,bonus,The eye is watching you scan.,The eye is watching you scan.,The eye is watching you scan.,The eye is watching you scan.,True,The eye is watching you scan.,The eye is watching you scan.,The eye is watching you scan.,The eye is watching you scan.,The eye is watching you scan.,The eye is watching you scan.,The eye is watching you scan.,True,The eye is watching you scan.,The eye is watching you scan.,True,The eye is watching you scan.,The eye is watching you scan.,True,True,1,0,16,0
1367,45.567,eye,28,bonus,The eye is watching you scan.,The eye is watching you scan.,The eye is watching you scan.,The eye is watching you scan.,True,The eye is watching you scan.,The eye is watching you scan.,The eye is watching you scan.,The eye is watching you scan.,The eye is watching you scan.,The eye is watching you scan.,The eye is watching you scan.,True,The eye is watching you scan.,The eye is watching you scan.,True,The eye is watching you scan.,The eye is watching you scan.,True,True,1,0,16,0
1368,45.6,eye,28,bonus,The eye is watching you scan.,The eye is watching you scan.,The eye is watching you scan.,The eye is watching you scan.,True,The eye is watching you scan.,The eye is watching you scan.,The eye is watching you scan.,The eye is watching you scan.,The eye is watching you scan.,The eye is watching you scan.,The eye is watching you scan.,True,The eye is watching you scan.,The eye is watching you scan.,True,The eye is watching you scan.,The eye is watching you scan.,True,True,1,0,17,0
1369,45.633,eye,28,bonus,The eye is watching you scan.,The eye is watching you scan.,The eye is watching you scan.,The eye is watching you scan.,True,The eye is watching you scan.,The eye is watching you scan.,The eye is watching you scan.,The eye is watching you scan.,The eye is watching you scan.,The eye is watching you scan.,The eye is watching you scan.,True,The eye is watching you scan.,The eye is watching you scan.,True,The eye is watching you scan.,The eye is watching you scan.,True,True,1,0,15,0
1370,45.667,eye,28,bonus,The eye is watching you scan.,The eye is watching you scan.,The eye is watching you scan.,The eye is watching you scan.,True,The eye is watching you scan.,The eye is watching you scan.,The eye is watching you scan.,The eye is watching you scan.,The eye is watching you scan.,The eye is watching you scan.,The eye is watching you scan.,True,The eye is watching you scan.,The eye is watching you scan.,True,The eye is watching you scan.,The eye is watching you scan.,True,True,1,1,15,0
1371,45.7,eye,28,bonus,The eye is watching you scan.,The eye is watching you scan.,The eye is watching you scan.,The eye is watching you scan.,True,The eye is watching you scan.,The eye is watching you scan.,The eye is watching you scan.,The eye is watching you scan.,The eye is watching you scan.,The eye is watching you scan.,The eye is watching you scan.,True,The eye is watching you scan.,The eye is watching you scan.,True,The eye is watching you scan.,The eye is watching you scan.,True,True,2,1,12,0
1372,45.733,eye,28,bonus,The eye is watching you scan.,The eye is watching you scan.,The eye is watching you scan.,The eye is watching you scan.,True,The eye is watching you scan.,The eye is watching you scan.,The eye is watching you scan.,The eye is watching you scan.,The eye is watching you scan.,The eye is watching you scan.,The eye is watching you scan.,True,The eye is watching you scan.,The eye is watching you scan.,True,The eye is watching you scan.,The eye is watching you scan.,True,True,2,2,11,0
1373,45.767,eye,28,bonus,The eye is watching you scan.,The eye is watching you scan.,The eye is watching you scan.,The eye is watching you scan.,True,The eye is watching you scan.,The eye is watching you scan.,The eye is watching you scan.,The eye is watching you scan.,The eye is watching you scan.,The eye is watching you scan.,The eye is watching you scan.,True,The eye is watching you scan.,The eye is watching you scan.,True,The eye is watching you scan.,The eye is watching you scan.,True,True,1,2,11,0
1374,45.8,eye,28,bonus,The eye is watching you scan.,The eye is watching you scan.,The eye is watching you scan.,The eye is watching you scan.,True,The eye is watching you scan.,The eye is watching you scan.,The eye is watching you scan.,The eye is watching you scan.,The eye is watching you scan.,The eye is watching you scan.,The eye is watching you scan.,True,The eye is watching you scan.,The eye is watching you scan.,True,The eye is watching you scan.,The eye is watching you scan.,True,True,2,2,11,0
1375,45.833,eye,28,bonus,The eye is watching you scan.,The eye is watching you scan.,The eye is watching you scan.,The eye is watching you scan.,True,The eye is watching you scan.,The eye is watching you scan.,The eye is watching you scan.,The eye is watching you scan.,The eye is watching you scan.,The eye is watching you scan.,The eye is watching you scan.,True,The eye is watching you scan.,The eye is watching you scan.,True,The eye is watching you scan.,The eye is watching you scan.,True,True,2,2,11,0
1376,45.867,eye,28,bonus,The eye is watching you scan.,The eye is watching you scan.,The eye is watching you scan.,The eye is watching you scan.,True,The eye is watching you scan.,The eye is watching you scan.,The eye is watching you scan.,The eye is watching you scan.,The eye is watching you scan.,The eye is watching you scan.,The eye is watching you scan.,True,The eye is watching you scan.,The eye is watching you scan.,True,The eye is watching you scan.,The eye is watching you scan.,True,True,2,2,11,0
1377,45.9,eye,28,bonus,The eye is watching you scan.,The eye is watching you scan.,The eye is watching you scan.,The eye is watching you scan.,True,The eye is watching you scan.,The eye is watching you scan.,The eye is watching you scan.,The eye is watching you scan.,The eye is watching you scan.,The eye is watching you scan.,The eye is watching you scan.,True,The eye is watching you scan.,The eye is watching you scan.,True,The eye is watching you scan.,The eye is watching you scan.,True,True,2,2,11,0
1378,45.933,eye,28,bonus,The eye is watching you scan.,The eye is watching you scan.,The eye is watching you scan.,The eye is watching you scan.,True,The eye is watching you scan.,The eye is watching you scan.,The eye is watching you scan.,The eye is watching you scan.,The eye is watching you scan.,The eye is watching you scan.,The eye is watching you scan.,True,The eye is watching you scan.,The eye is watching you scan.,True,The eye is watching you scan.,The eye is watching you scan.,True,True,2,2,11,0
1379,45.967,eye,28,bonus,The eye is watching you scan.,The eye is watching you scan.,The eye is watching you scan.,The eye is watching you scan.,True,The eye is watching you scan.,The eye is watching you scan.,The eye is watching you scan.,The eye is watching you scan.,The eye is watching you scan.,The eye is watching you scan.,The eye is watching you scan.,True,The eye is watching you scan.,The eye is watching you scan.,True,The eye is watching you scan.,The eye is watching you scan.,True,True,2,2,10,0
1380,46.0,eye,29,word,2/8 - FOUND,2/8 - FOUND,2/8 - FOUND,2/8 - FOUND,True,2/8 - FOUND,2/8 - FOUND,2/8 - FOUND,2/8 - FOUND,2/8 - FOUND,2/8 - FOUND,2/8 - FOUND,True,2/8 - FOUND,2/8 - FOUND,True,2/8 - FOUND,2/8 - FOUND,True,True,1,1,14,0
1381,46.033,eye,29,word,2/8 - FOUND,2/8 - FOUND,2/8 - FOUND,2/8 - FOUND,True,2/8 - FOUND,2/8 - FOUND,2/8 - FOUND,2/8 - FOUND,2/8 - FOUND,2/8 - FOUND,2/8 - FOUND,True,2/8 - FOUND,2/8 - FOUND,True,2/8 - FOUND,2/8 - FOUND,True,True,1,1,14,0
1382,46.067,eye,29,word,2/8 - FOUND,2/8 - FOUND,2/8 - FOUND,2/8 - FOUND,True,2/8 - FOUND,2/8 - FOUND,2/8 - FOUND,2/8 - FOUND,2/8 - FOUND,2/8 - FOUND,2/8 - FOUND,True,2/8 - FOUND,2/8 - FOUND,True,2/8 - FOUND,2/8 - FOUND,True,True,1,1,14,0
1383,46.1,eye,29,word,2/8 - FOUND,2/8 - FOUND,2/8 - FOUND,2/8 - FOUND,True,2/8 - FOUND,2/8 - FOUND,2/8 - FOUND,2/8 - FOUND,2/8 - FOUND,2/8 - FOUND,2/8 - FOUND,True,2/8 - FOUND,2/8 - FOUND,True,2/8 - FOUND,2/8 - FOUND,True,True,1,1,14,0
1384,46.133,eye,29,word,2/8 - FOUND,2/8 - FOUND,2/8 - FOUND,2/8 - FOUND,True,2/8 - FOUND,2/8 - FOUND,2/8 - FOUND,2/8 - FOUND,2/8 - FOUND,2/8 - FOUND,2/8 - FOUND,True,2/8 - FOUND,2/8 - FOUND,True,2/8 - FOUND,2/8 - FOUND,True,True,1,1,14,0
1385,46.167,eye,29,word,2/8 - FOUND,2/8 - FOUND,2/8 - FOUND,2/8 - FOUND,True,2/8 - FOUND,2/8 - FOUND,2/8 - FOUND,2/8 - FOUND,2/8 - FOUND,2/8 - FOUND,2/8 - FOUND,True,2/8 - FOUND,2/8 - FOUND,True,2/8 - FOUND,2/8 - FOUND,True,True,1,1,14,0
1386,46.2,eye,29,word,2/8 - FOUND,2/8 - FOUND,2/8 - FOUND,2/8 - FOUND,True,2/8 - FOUND,2/8 - FOUND,2/8 - FOUND,2/8 - FOUND,2/8 - FOUND,2/8 - FOUND,2/8 - FOUND,True,2/8 - FOUND,2/8 - FOUND,True,2/8 - FOUND,2/8 - FOUND,True,True,1,1,14,0
1387,46.233,eye,29,word,2/8 - FOUND,2/8 - FOUND,2/8 - FOUND,2/8 - FOUND,True,2/8 - FOUND,2/8 - FOUND,2/8 - FOUND,2/8 - FOUND,2/8 - FOUND,2/8 - FOUND,2/8 - FOUND,True,2/8 - FOUND,2/8 - FOUND,True,2/8 - FOUND,2/8 - FOUND,True,True,1,1,16,0
1388,46.267,eye,29,word,2/8 - FOUND,2/8 - FOUND,2/8 - FOUND,2/8 - FOUND,True,2/8 - FOUND,2/8 - FOUND,2/8 - FOUND,2/8 - FOUND,2/8 - FOUND,2/8 - FOUND,2/8 - FOUND,True,2/8 - FOUND,2/8 - FOUND,True,2/8 - FOUND,2/8 - FOUND,True,True,1,1,16,0
1389,46.3,eye,29,word,2/8 - FOUND,2/8 - FOUND,2/8 - FOUND,2/8 - FOUND,True,2/8 - FOUND,2/8 - FOUND,2/8 - FOUND,2/8 - FOUND,2/8 - FOUND,2/8 - FOUND,2/8 - FOUND,True,2/8 - FOUND,2/8 - FOUND,True,2/8 - FOUND,2/8 - FOUND,True,True,1,1,16,0
1390,46.333,eye,29,word,2/8 - FOUND,2/8 - FOUND,2/8 - FOUND,2/8 - FOUND,True,2/8 - FOUND,2/8 - FOUND,2/8 - FOUND,2/8 - FOUND,2/8 - FOUND,2/8 - FOUND,2/8 - FOUND,True,2/8 - FOUND,2/8 - FOUND,True,2/8 - FOUND,2/8 - FOUND,True,True,1,1,18,0
1391,46.367,eye,29,word,2/8 - FOUND,2/8 - FOUND,2/8 - FOUND,2/8 - FOUND,True,2/8 - FOUND,2/8 - FOUND,2/8 - FOUND,2/8 - FOUND,2/8 - FOUND,2/8 - FOUND,2/8 - FOUND,True,2/8 - FOUND,2/8 - FOUND,True,2/8 - FOUND,2/8 - FOUND,True,True,0,1,22,0
1392,46.4,eye,29,word,2/8 - FOUND,2/8 - FOUND,2/8 - FOUND,2/8 - FOUND,True,2/8 - FOUND,2/8 - FOUND,2/8 - FOUND,2/8 - FOUND,2/8 - FOUND,2/8 - FOUND,2/8 - FOUND,True,2/8 - FOUND,2/8 - FOUND,True,2/8 - FOUND,2/8 - FOUND,True,True,0,0,25,0
1393,46.433,eye,29,word,2/8 - FOUND,2/8 - FOUND,2/8 - FOUND,2/8 - FOUND,True,2/8 - FOUND,2/8 - FOUND,2/8 - FOUND,2/8 - FOUND,2/8 - FOUND,2/8 - FOUND,2/8 - FOUND,True,2/8 - FOUND,2/8 - FOUND,True,2/8 - FOUND,2/8 - FOUND,True,True,0,0,25,0
1394,46.467,eye,29,word,2/8 - FOUND,2/8 - FOUND,2/8 - FOUND,2/8 - FOUND,True,2/8 - FOUND,2/8 - FOUND,2/8 - FOUND,2/8 - FOUND,2/8 - FOUND,2/8 - FOUND,2/8 - FOUND,True,2/8 - FOUND,2/8 - FOUND,True,2/8 - FOUND,2/8 - FOUND,True,True,1,0,26,0
1395,46.5,eye,29,word,2/8 - FOUND,2/8 - FOUND,2/8 - FOUND,2/8 - FOUND,True,2/8 - FOUND,2/8 - FOUND,2/8 - FOUND,2/8 - FOUND,2/8 - FOUND,2/8 - FOUND,2/8 - FOUND,True,2/8 - FOUND,2/8 - FOUND,True,2/8 - FOUND,2/8 - FOUND,True,True,0,0,27,0
1396,46.533,eye,29,word,2/8 - FOUND,2/8 - FOUND,2/8 - FOUND,2/8 - FOUND,True,2/8 - FOUND,2/8 - FOUND,2/8 - FOUND,2/8 - FOUND,2/8 - FOUND,2/8 - FOUND,2/8 - FOUND,True,2/8 - FOUND,2/8 - FOUND,True,2/8 - FOUND,2/8 - FOUND,True,True,0,1,27,0
1397,46.567,eye,29,word,2/8 - FOUND,2/8 - FOUND,2/8 - FOUND,2/8 - FOUND,True,2/8 - FOUND,2/8 - FOUND,2/8 - FOUND,2/8 - FOUND,2/8 - FOUND,2/8 - FOUND,2/8 - FOUND,True,2/8 - FOUND,2/8 - FOUND,True,2/8 - FOUND,2/8 - FOUND,True,True,0,0,28,0
1398,46.6,eye,29,word,2/8 - FOUND,2/8 - FOUND,2/8 - FOUND,2/8 - FOUND,True,2/8 - FOUND,2/8 - FOUND,2/8 - FOUND,2/8 - FOUND,2/8 - FOUND,2/8 - FOUND,2/8 - FOUND,True,2/8 - FOUND,2/8 - FOUND,True,2/8 - FOUND,2/8 - FOUND,True,True,0,1,28,0
1399,46.633,eye,29,word,2/8 - FOUND,2/8 - FOUND,2/8 - FOUND,2/8 - FOUND,True,2/8 - FOUND,2/8 - FOUND,2/8 - FOUND,2/8 - FOUND,2/8 - FOUND,2/8 - FOUND,2/8 - FOUND,True,2/8 - FOUND,2/8 - FOUND,True,2/8 - FOUND,2/8 - FOUND,True,True,0,0,28,0
1400,46.667,eye,29,word,2/8 - FOUND,2/8 - FOUND,2/8 - FOUND,2/8 - FOUND,True,2/8 - FOUND,2/8 - FOUND,2/8 - FOUND,2/8 - FOUND,2/8 - FOUND,2/8 - FOUND,2/8 - FOUND,True,2/8 - FOUND,2/8 - FOUND,True,2/8 - FOUND,2/8 - FOUND,True,True,0,0,29,0
1401,46.7,eye,29,word,2/8 - FOUND,2/8 - FOUND,2/8 - FOUND,2/8 - FOUND,True,2/8 - FOUND,2/8 - FOUND,2/8 - FOUND,2/8 - FOUND,2/8 - FOUND,2/8 - FOUND,2/8 - FOUND,True,2/8 - FOUND,2/8 - FOUND,True,2/8 - FOUND,2/8 - FOUND,True,True,0,0,29,0
1402,46.733,eye,29,word,2/8 - FOUND,2/8 - FOUND,2/8 - FOUND,2/8 - FOUND,True,2/8 - FOUND,2/8 - FOUND,2/8 - FOUND,2/8 - FOUND,2/8 - FOUND,2/8 - FOUND,2/8 - FOUND,True,2/8 - FOUND,2/8 - FOUND,True,2/8 - FOUND,2/8 - FOUND,True,True,0,0,27,0
1403,46.767,eye,29,word,2/8 - FOUND,2/8 - FOUND,2/8 - FOUND,2/8 - FOUND,True,2/8 - FOUND,2/8 - FOUND,2/8 - FOUND,2/8 - FOUND,2/8 - FOUND,2/8 - FOUND,2/8 - FOUND,True,2/8 - FOUND,2/8 - FOUND,True,2/8 - FOUND,2/8 - FOUND,True,True,0,0,27,0
1404,46.8,eye,29,word,2/8 - FOUND,2/8 - FOUND,2/8 - FOUND,2/8 - FOUND,True,2/8 - FOUND,2/8 - FOUND,2/8 - FOUND,2/8 - FOUND,2/8 - FOUND,2/8 - FOUND,2/8 - FOUND,True,2/8 - FOUND,2/8 - FOUND,True,2/8 - FOUND,2/8 - FOUND,True,True,0,1,25,0
1405,46.833,eye,29,word,2/8 - FOUND,2/8 - FOUND,2/8 - FOUND,2/8 - FOUND,True,2/8 - FOUND,2/8 - FOUND,2/8 - FOUND,2/8 - FOUND,2/8 - FOUND,2/8 - FOUND,2/8 - FOUND,True,2/8 - FOUND,2/8 - FOUND,True,2/8 - FOUND,2/8 - FOUND,True,True,0,1,22,0
1406,46.867,eye,29,word,2/8 - FOUND,2/8 - FOUND,2/8 - FOUND,2/8 - FOUND,True,2/8 - FOUND,2/8 - FOUND,2/8 - FOUND,2/8 - FOUND,2/8 - FOUND,2/8 - FOUND,2/8 - FOUND,True,2/8 - FOUND,2/8 - FOUND,True,2/8 - FOUND,2/8 - FOUND,True,True,1,1,22,0
1407,46.9,eye,29,word,2/8 - FOUND,2/8 - FOUND,2/8 - FOUND,2/8 - FOUND,True,2/8 - FOUND,2/8 - FOUND,2/8 - FOUND,2/8 - FOUND,2/8 - FOUND,2/8 - FOUND,2/8 - FOUND,True,2/8 - FOUND,2/8 - FOUND,True,2/8 - FOUND,2/8 - FOUND,True,True,1,1,22,0
1408,46.933,eye,29,word,2/8 - FOUND,2/8 - FOUND,2/8 - FOUND,2/8 - FOUND,True,2/8 - FOUND,2/8 - FOUND,2/8 - FOUND,2/8 - FOUND,2/8 - FOUND,2/8 - FOUND,2/8 - FOUND,True,2/8 - FOUND,2/8 - FOUND,True,2/8 - FOUND,2/8 - FOUND,True,True,1,1,20,0
1409,46.967,eye,29,word,2/8 - FOUND,2/8 - FOUND,2/8 - FOUND,2/8 - FOUND,True,2/8 - FOUND,2/8 - FOUND,2/8 - FOUND,2/8 - FOUND,2/8 - FOUND,2/8 - FOUND,2/8 - FOUND,True,2/8 - FOUND,2/8 - FOUND,True,2/8 - FOUND,2/8 - FOUND,True,True,1,1,20,0
1410,47.0,eye,29,word,2/8 - FOUND,2/8 - FOUND,2/8 - FOUND,2/8 - FOUND,True,2/8 - FOUND,2/8 - FOUND,2/8 - FOUND,2/8 - FOUND,2/8 - FOUND,2/8 - FOUND,2/8 - FOUND,True,2/8 - FOUND,2/8 - FOUND,True,2/8 - FOUND,2/8 - FOUND,True,True,1,1,19,0
1411,47.033,eye,29,word,2/8 - FOUND,2/8 - FOUND,2/8 - FOUND,2/8 - FOUND,True,2/8 - FOUND,2/8 - FOUND,2/8 - FOUND,2/8 - FOUND,2/8 - FOUND,2/8 - FOUND,2/8 - FOUND,True,2/8 - FOUND,2/8 - FOUND,True,2/8 - FOUND,2/8 - FOUND,True,True,1,1,17,0
1412,47.067,eye,29,word,2/8 - FOUND,2/8 - FOUND,2/8 - FOUND,2/8 - FOUND,True,2/8 - FOUND,2/8 - FOUND,2/8 - FOUND,2/8 - FOUND,2/8 - FOUND,2/8 - FOUND,2/8 - FOUND,True,2/8 - FOUND,2/8 - FOUND,True,2/8 - FOUND,2/8 - FOUND,True,True,1,1,17,0
1413,47.1,eye,29,word,2/8 - FOUND,2/8 - FOUND,2/8 - FOUND,2/8 - FOUND,True,2/8 - FOUND,2/8 - FOUND,2/8 - FOUND,2/8 - FOUND,2/8 - FOUND,2/8 - FOUND,2/8 - FOUND,True,2/8 - FOUND,2/8 - FOUND,True,2/8 - FOUND,2/8 - FOUND,True,True,1,1,15,0
1414,47.133,eye,29,word,2/8 - FOUND,2/8 - FOUND,2/8 - FOUND,2/8 - FOUND,True,2/8 - FOUND,2/8 - FOUND,2/8 - FOUND,2/8 - FOUND,2/8 - FOUND,2/8 - FOUND,2/8 - FOUND,True,2/8 - FOUND,2/8 - FOUND,True,2/8 - FOUND,2/8 - FOUND,True,True,1,1,15,0
1415,47.167,eye,29,word,2/8 - FOUND,2/8 - FOUND,2/8 - FOUND,2/8 - FOUND,True,2/8 - FOUND,2/8 - FOUND,2/8 - FOUND,2/8 - FOUND,2/8 - FOUND,2/8 - FOUND,2/8 - FOUND,True,2/8 - FOUND,2/8 - FOUND,True,2/8 - FOUND,2/8 - FOUND,True,True,1,1,15,0
1416,47.2,eye,29,word,2/8 - FOUND,2/8 - FOUND,2/8 - FOUND,2/8 - FOUND,True,2/8 - FOUND,2/8 - FOUND,2/8 - FOUND,2/8 - FOUND,2/8 - FOUND,2/8 - FOUND,2/8 - FOUND,True,2/8 - FOUND,2/8 - FOUND,True,2/8 - FOUND,2/8 - FOUND,True,True,1,1,15,0
1417,47.233,eye,29,word,2/8 - FOUND,2/8 - FOUND,2/8 - FOUND,2/8 - FOUND,True,2/8 - FOUND,2/8 - FOUND,2/8 - FOUND,2/8 - FOUND,2/8 - FOUND,2/8 - FOUND,2/8 - FOUND,True,2/8 - FOUND,2/8 - FOUND,True,2/8 - FOUND,2/8 - FOUND,True,True,1,1,15,0
1418,47.267,eye,29,word,2/8 - FOUND,2/8 - FOUND,2/8 - FOUND,2/8 - FOUND,True,2/8 - FOUND,2/8 - FOUND,2/8 - FOUND,2/8 - FOUND,2/8 - FOUND,2/8 - FOUND,2/8 - FOUND,True,2/8 - FOUND,2/8 - FOUND,True,2/8 - FOUND,2/8 - FOUND,True,True,1,1,15,0
1419,47.3,eye,29,word,2/8 - FOUND,2/8 - FOUND,2/8 - FOUND,2/8 - FOUND,True,2/8 - FOUND,2/8 - FOUND,2/8 - FOUND,2/8 - FOUND,2/8 - FOUND,2/8 - FOUND,2/8 - FOUND,True,2/8 - FOUND,2/8 - FOUND,True,2/8 - FOUND,2/8 - FOUND,True,True,1,1,15,0
1420,47.333,eye,29,word,2/8 - FOUND,2/8 - FOUND,2/8 - FOUND,2/8 - FOUND,True,2/8 - FOUND,2/8 - FOUND,2/8 - FOUND,2/8 - FOUND,2/8 - FOUND,2/8 - FOUND,2/8 - FOUND,True,2/8 - FOUND,2/8 - FOUND,True,2/8 - FOUND,2/8 - FOUND,True,True,1,1,15,0
1421,47.367,eye,29,word,2/8 - FOUND,2/8 - FOUND,2/8 - FOUND,2/8 - FOUND,True,2/8 - FOUND,2/8 - FOUND,2/8 - FOUND,2/8 - FOUND,2/8 - FOUND,2/8 - FOUND,2/8 - FOUND,True,2/8 - FOUND,2/8 - FOUND,True,2/8 - FOUND,2/8 - FOUND,True,True,1,1,15,0
1422,47.4,eye,29,word,2/8 - FOUND,2/8 - FOUND,2/8 - FOUND,2/8 - FOUND,True,2/8 - FOUND,2/8 - FOUND,2/8 - FOUND,2/8 - FOUND,2/8 - FOUND,2/8 - FOUND,2/8 - FOUND,True,2/8 - FOUND,2/8 - FOUND,True,2/8 - FOUND,2/8 - FOUND,True,True,1,1,15,0
1423,47.433,eye,29,word,2/8 - FOUND,2/8 - FOUND,2/8 - FOUND,2/8 - FOUND,True,2/8 - FOUND,2/8 - FOUND,2/8 - FOUND,2/8 - FOUND,2/8 - FOUND,2/8 - FOUND,2/8 - FOUND,True,2/8 - FOUND,2/8 - FOUND,True,2/8 - FOUND,2/8 - FOUND,True,True,1,1,15,0
1424,47.467,eye,29,word,2/8 - FOUND,2/8 - FOUND,2/8 - FOUND,2/8 - FOUND,True,2/8 - FOUND,2/8 - FOUND,2/8 - FOUND,2/8 - FOUND,2/8 - FOUND,2/8 - FOUND,2/8 - FOUND,True,2/8 - FOUND,2/8 - FOUND,True,2/8 - FOUND,2/8 - FOUND,True,True,1,1,15,0
1425,47.5,eye,30,word,3/8 - THE,3/8 - THE,3/8 - THE,3/8 - THE,True,3/8 - THE,3/8 - THE,3/8 - THE,3/8 - THE,3/8 - THE,3/8 - THE,3/8 - THE,True,3/8 - THE,3/8 - THE,True,3/8 - THE,3/8 - THE,True,True,0,0,29,0
1426,47.533,eye,30,word,3/8 - THE,3/8 - THE,3/8 - THE,3/8 - THE,True,3/8 - THE,3/8 - THE,3/8 - THE,3/8 - THE,3/8 - THE,3/8 - THE,3/8 - THE,True,3/8 - THE,3/8 - THE,True,3/8 - THE,3/8 - THE,True,True,0,0,29,0
1427,47.567,eye,30,word,3/8 - THE,3/8 - THE,3/8 - THE,3/8 - THE,True,3/8 - THE,3/8 - THE,3/8 - THE,3/8 - THE,3/8 - THE,3/8 - THE,3/8 - THE,True,3/8 - THE,3/8 - THE,True,3/8 - THE,3/8 - THE,True,True,1,0,34,0
1428,47.6,eye,30,word,3/8 - THE,3/8 - THE,3/8 - THE,3/8 - THE,True,3/8 - THE,3/8 - THE,3/8 - THE,3/8 - THE,3/8 - THE,3/8 - THE,3/8 - THE,True,3/8 - THE,3/8 - THE,True,3/8 - THE,3/8 - THE,True,True,1,0,36,0
1429,47.633,eye,30,word,3/8 - THE,3/8 - THE,3/8 - THE,3/8 - THE,True,3/8 - THE,3/8 - THE,3/8 - THE,3/8 - THE,3/8 - THE,3/8 - THE,3/8 - THE,True,3/8 - THE,3/8 - THE,True,3/8 - THE,3/8 - THE,True,True,1,0,39,0
1430,47.667,eye,30,word,3/8 - THE,3/8 - THE,3/8 - THE,3/8 - THE,True,3/8 - THE,3/8 - THE,3/8 - THE,3/8 - THE,3/8 - THE,3/8 - THE,3/8 - THE,True,3/8 - THE,3/8 - THE,True,3/8 - THE,3/8 - THE,True,True,1,0,40,0
1431,47.7,eye,30,word,3/8 - THE,3/8 - THE,3/8 - THE,3/8 - THE,True,3/8 - THE,3/8 - THE,3/8 - THE,3/8 - THE,3/8 - THE,3/8 - THE,3/8 - THE,True,3/8 - THE,3/8 - THE,True,3/8 - THE,3/8 - THE,True,True,1,0,43,0
1432,47.733,eye,30,word,3/8 - THE,3/8 - THE,3/8 - THE,3/8 - THE,True,3/8 - THE,3/8 - THE,3/8 - THE,3/8 - THE,3/8 - THE,3/8 - THE,3/8 - THE,True,3/8 - THE,3/8 - THE,True,3/8 - THE,3/8 - THE,True,True,1,0,49,0
1433,47.767,eye,30,word,3/8 - THE,3/8 - THE,3/8 - THE,3/8 - THE,True,3/8 - THE,3/8 - THE,3/8 - THE,3/8 - THE,3/8 - THE,3/8 - THE,3/8 - THE,True,3/8 - THE,3/8 - THE,True,3/8 - THE,3/8 - THE,True,True,1,0,50,0
1434,47.8,eye,30,word,3/8 - THE,3/8 - THE,3/8 - THE,3/8 - THE,True,3/8 - THE,3/8 - THE,3/8 - THE,3/8 - THE,3/8 - THE,3/8 - THE,3/8 - THE,True,3/8 - THE,3/8 - THE,True,3/8 - THE,3/8 - THE,True,True,0,0,51,0
1435,47.833,eye,30,word,3/8 - THE,3/8 - THE,3/8 - THE,3/8 - THE,True,3/8 - THE,3/8 - THE,3/8 - THE,3/8 - THE,3/8 - THE,3/8 - THE,3/8 - THE,True,3/8 - THE,3/8 - THE,True,3/8 - THE,3/8 - THE,True,True,0,0,53,0
1436,47.867,eye,30,word,3/8 - THE,3/8 - THE,3/8 - THE,3/8 - THE,True,3/8 - THE,3/8 - THE,3/8 - THE,3/8 - THE,3/8 - THE,3/8 - THE,3/8 - THE,True,3/8 - THE,3/8 - THE,True,3/8 - THE,3/8 - THE,True,True,0,0,55,0
1437,47.9,eye,30,word,3/8 - THE,3/8 - THE,3/8 - THE,3/8 - THE,True,3/8 - THE,3/8 - THE,3/8 - THE,3/8 - THE,3/8 - THE,3/8 - THE,3/8 - THE,True,3/8 - THE,3/8 - THE,True,3/8 - THE,3/8 - THE,True,True,0,1,54,0
1438,47.933,eye,30,word,3/8 - THE,3/8 - THE,3/8 - THE,3/8 - THE,True,3/8 - THE,3/8 - THE,3/8 - THE,3/8 - THE,3/8 - THE,3/8 - THE,3/8 - THE,True,3/8 - THE,3/8 - THE,True,3/8 - THE,3/8 - THE,True,True,0,1,54,0
1439,47.967,eye,30,word,3/8 - THE,3/8 - THE,3/8 - THE,3/8 - THE,True,3/8 - THE,3/8 - THE,3/8 - THE,3/8 - THE,3/8 - THE,3/8 - THE,3/8 - THE,True,3/8 - THE,3/8 - THE,True,3/8 - THE,3/8 - THE,True,True,0,0,55,0
1440,48.0,eye,30,word,3/8 - THE,3/8 - THE,3/8 - THE,3/8 - THE,True,3/8 - THE,3/8 - THE,3/8 - THE,3/8 - THE,3/8 - THE,3/8 - THE,3/8 - THE,True,3/8 - THE,3/8 - THE,True,3/8 - THE,3/8 - THE,True,True,1,0,51,0
1441,48.033,eye,30,word,3/8 - THE,3/8 - THE,3/8 - THE,3/8 - THE,True,3/8 - THE,3/8 - THE,3/8 - THE,3/8 - THE,3/8 - THE,3/8 - THE,3/8 - THE,True,3/8 - THE,3/8 - THE,True,3/8 - THE,3/8 - THE,True,True,0,0,51,0
1442,48.067,eye,30,word,3/8 - THE,3/8 - THE,3/8 - THE,3/8 - THE,True,3/8 - THE,3/8 - THE,3/8 - THE,3/8 - THE,3/8 - THE,3/8 - THE,3/8 - THE,True,3/8 - THE,3/8 - THE,True,3/8 - THE,3/8 - THE,True,True,1,0,49,0
1443,48.1,eye,30,word,3/8 - THE,3/8 - THE,3/8 - THE,3/8 - THE,True,3/8 - THE,3/8 - THE,3/8 - THE,3/8 - THE,3/8 - THE,3/8 - THE,3/8 - THE,True,3/8 - THE,3/8 - THE,True,3/8 - THE,3/8 - THE,True,True,0,1,47,0
1444,48.133,eye,30,word,3/8 - THE,3/8 - THE,3/8 - THE,3/8 - THE,True,3/8 - THE,3/8 - THE,3/8 - THE,3/8 - THE,3/8 - THE,3/8 - THE,3/8 - THE,True,3/8 - THE,3/8 - THE,True,3/8 - THE,3/8 - THE,True,True,0,1,42,0
1445,48.167,eye,30,word,3/8 - THE,3/8 - THE,3/8 - THE,3/8 - THE,True,3/8 - THE,3/8 - THE,3/8 - THE,3/8 - THE,3/8 - THE,3/8 - THE,3/8 - THE,True,3/8 - THE,3/8 - THE,True,3/8 - THE,3/8 - THE,True,True,0,1,40,0
1446,48.2,eye,30,word,3/8 - THE,3/8 - THE,3/8 - THE,3/8 - THE,True,3/8 - THE,3/8 - THE,3/8 - THE,3/8 - THE,3/8 - THE,3/8 - THE,3/8 - THE,True,3/8 - THE,3/8 - THE,True,3/8 - THE,3/8 - THE,True,True,0,1,36,0
1447,48.233,eye,30,word,3/8 - THE,3/8 - THE,3/8 - THE,3/8 - THE,True,3/8 - THE,3/8 - THE,3/8 - THE,3/8 - THE,3/8 - THE,3/8 - THE,3/8 - THE,True,3/8 - THE,3/8 - THE,True,3/8 - THE,3/8 - THE,True,True,1,1,23,0
1448,48.267,eye,30,word,3/8 - THE,3/8 - THE,3/8 - THE,3/8 - THE,True,3/8 - THE,3/8 - THE,3/8 - THE,3/8 - THE,3/8 - THE,3/8 - THE,3/8 - THE,True,3/8 - THE,3/8 - THE,True,3/8 - THE,3/8 - THE,True,True,1,1,21,0
1449,48.3,eye,30,word,3/8 - THE,3/8 - THE,3/8 - THE,3/8 - THE,True,3/8 - THE,3/8 - THE,3/8 - THE,3/8 - THE,3/8 - THE,3/8 - THE,3/8 - THE,True,3/8 - THE,3/8 - THE,True,3/8 - THE,3/8 - THE,True,True,1,1,20,0
1450,48.333,eye,30,word,3/8 - THE,3/8 - THE,3/8 - THE,3/8 - THE,True,3/8 - THE,3/8 - THE,3/8 - THE,3/8 - THE,3/8 - THE,3/8 - THE,3/8 - THE,True,3/8 - THE,3/8 - THE,True,3/8 - THE,3/8 - THE,True,True,1,1,18,0
1451,48.367,eye,30,word,3/8 - THE,3/8 - THE,3/8 - THE,3/8 - THE,True,3/8 - THE,3/8 - THE,3/8 - THE,3/8 - THE,3/8 - THE,3/8 - THE,3/8 - THE,True,3/8 - THE,3/8 - THE,True,3/8 - THE,3/8 - THE,True,True,1,1,17,0
1452,48.4,eye,30,word,3/8 - THE,3/8 - THE,3/8 - THE,3/8 - THE,True,3/8 - THE,3/8 - THE,3/8 - THE,3/8 - THE,3/8 - THE,3/8 - THE,3/8 - THE,True,3/8 - THE,3/8 - THE,True,3/8 - THE,3/8 - THE,True,True,1,1,15,0
1453,48.433,eye,30,word,3/8 - THE,3/8 - THE,3/8 - THE,3/8 - THE,True,3/8 - THE,3/8 - THE,3/8 - THE,3/8 - THE,3/8 - THE,3/8 - THE,3/8 - THE,True,3/8 - THE,3/8 - THE,True,3/8 - THE,3/8 - THE,True,True,1,1,15,0
1454,48.467,eye,30,word,3/8 - THE,3/8 - THE,3/8 - THE,3/8 - THE,True,3/8 - THE,3/8 - THE,3/8 - THE,3/8 - THE,3/8 - THE,3/8 - THE,3/8 - THE,True,3/8 - THE,3/8 - THE,True,3/8 - THE,3/8 - THE,True,True,1,1,15,0
1455,48.5,eye,30,word,3/8 - THE,3/8 - THE,3/8 - THE,3/8 - THE,True,3/8 - THE,3/8 - THE,3/8 - THE,3/8 - THE,3/8 - THE,3/8 - THE,3/8 - THE,True,3/8 - THE,3/8 - THE,True,3/8 - THE,3/8 - THE,True,True,1,1,15,0
1456,48.533,eye,30,word,3/8 - THE,3/8 - THE,3/8 - THE,3/8 - THE,True,3/8 - THE,3/8 - THE,3/8 - THE,3/8 - THE,3/8 - THE,3/8 - THE,3/8 - THE,True,3/8 - THE,3/8 - THE,True,3/8 - THE,3/8 - THE,True,True,1,1,15,0
1457,48.567,eye,30,word,3/8 - THE,3/8 - THE,3/8 - THE,3/8 - THE,True,3/8 - THE,3/8 - THE,3/8 - THE,3/8 - THE,3/8 - THE,3/8 - THE,3/8 - THE,True,3/8 - THE,3/8 - THE,True,3/8 - THE,3/8 - THE,True,True,1,1,15,0
1458,48.6,eye,30,word,3/8 - THE,3/8 - THE,3/8 - THE,3/8 - THE,True,3/8 - THE,3/8 - THE,3/8 - THE,3/8 - THE,3/8 - THE,3/8 - THE,3/8 - THE,True,3/8 - THE,3/8 - THE,True,3/8 - THE,3/8 - THE,True,True,1,1,15,0
1459,48.633,eye,30,word,3/8 - THE,3/8 - THE,3/8 - THE,3/8 - THE,True,3/8 - THE,3/8 - THE,3/8 - THE,3/8 - THE,3/8 - THE,3/8 - THE,3/8 - THE,True,3/8 - THE,3/8 - THE,True,3/8 - THE,3/8 - THE,True,True,1,1,17,0
1460,48.667,eye,30,word,3/8 - THE,3/8 - THE,3/8 - THE,3/8 - THE,True,3/8 - THE,3/8 - THE,3/8 - THE,3/8 - THE,3/8 - THE,3/8 - THE,3/8 - THE,True,3/8 - THE,3/8 - THE,True,3/8 - THE,3/8 - THE,True,True,1,1,18,0
1461,48.7,eye,30,word,3/8 - THE,3/8 - THE,3/8 - THE,3/8 - THE,True,3/8 - THE,3/8 - THE,3/8 - THE,3/8 - THE,3/8 - THE,3/8 - THE,3/8 - THE,True,3/8 - THE,3/8 - THE,True,3/8 - THE,3/8 - THE,True,True,1,1,20,0
1462,48.733,eye,30,word,3/8 - THE,3/8 - THE,3/8 - THE,3/8 - THE,True,3/8 - THE,3/8 - THE,3/8 - THE,3/8 - THE,3/8 - THE,3/8 - THE,3/8 - THE,True,3/8 - THE,3/8 - THE,True,3/8 - THE,3/8 - THE,True,True,1,1,20,0
1463,48.767,eye,30,word,3/8 - THE,3/8 - THE,3/8 - THE,3/8 - THE,True,3/8 - THE,3/8 - THE,3/8 - THE,3/8 - THE,3/8 - THE,3/8 - THE,3/8 - THE,True,3/8 - THE,3/8 - THE,True,3/8 - THE,3/8 - THE,True,True,1,1,20,0
1464,48.8,eye,30,word,3/8 - THE,3/8 - THE,3/8 - THE,3/8 - THE,True,3/8 - THE,3/8 - THE,3/8 - THE,3/8 - THE,3/8 - THE,3/8 - THE,3/8 - THE,True,3/8 - THE,3/8 - THE,True,3/8 - THE,3/8 - THE,True,True,1,1,20,0
1465,48.833,eye,30,word,3/8 - THE,3/8 - THE,3/8 - THE,3/8 - THE,True,3/8 - THE,3/8 - THE,3/8 - THE,3/8 - THE,3/8 - THE,3/8 - THE,3/8 - THE,True,3/8 - THE,3/8 - THE,True,3/8 - THE,3/8 - THE,True,True,1,1,20,0
1466,48.867,eye,30,word,3/8 - THE,3/8 - THE,3/8 - THE,3/8 - THE,True,3/8 - THE,3/8 - THE,3/8 - THE,3/8 - THE,3/8 - THE,3/8 - THE,3/8 - THE,True,3/8 - THE,3/8 - THE,True,3/8 - THE,3/8 - THE,True,True,1,1,20,0
1467,48.9,eye,30,word,3/8 - THE,3/8 - THE,3/8 - THE,3/8 - THE,True,3/8 - THE,3/8 - THE,3/8 - THE,3/8 - THE,3/8 - THE,3/8 - THE,3/8 - THE,True,3/8 - THE,3/8 - THE,True,3/8 - THE,3/8 - THE,True,True,1,1,20,0
1468,48.933,eye,30,word,3/8 - THE,3/8 - THE,3/8 - THE,3/8 - THE,True,3/8 - THE,3/8 - THE,3/8 - THE,3/8 - THE,3/8 - THE,3/8 - THE,3/8 - THE,True,3/8 - THE,3/8 - THE,True,3/8 - THE,3/8 - THE,True,True,1,1,20,0
1469,48.967,eye,30,word,3/8 - THE,3/8 - THE,3/8 - THE,3/8 - THE,True,3/8 - THE,3/8 - THE,3/8 - THE,3/8 - THE,3/8 - THE,3/8 - THE,3/8 - THE,True,3/8 - THE,3/8 - THE,True,3/8 - THE,3/8 - THE,True,True,2,1,20,0
1470,49.0,eye,31,word,4/8 - MESSAGE,4/8 - MESSAGE,4/8 - MESSAGE,4/8 - MESSAGE,True,4/8 - MESSAGE,4/8 - MESSAGE,4/8 - MESSAGE,4/8 - MESSAGE,4/8 - MESSAGE,4/8 - MESSAGE,4/8 - MESSAGE,True,4/8 - MESSAGE,4/8 - MESSAGE,True,4/8 - MESSAGE,4/8 - MESSAGE,True,True,1,0,6,0
1471,49.033,eye,31,word,4/8 - MESSAGE,4/8 - MESSAGE,4/8 - MESSAGE,4/8 - MESSAGE,True,4/8 - MESSAGE,4/8 - MESSAGE,4/8 - MESSAGE,4/8 - MESSAGE,4/8 - MESSAGE,4/8 - MESSAGE,4/8 - MESSAGE,True,4/8 - MESSAGE,4/8 - MESSAGE,True,4/8 - MESSAGE,4/8 - MESSAGE,True,True,1,0,6,0
1472,49.067,eye,31,word,4/8 - MESSAGE,4/8 - MESSAGE,4/8 - MESSAGE,4/8 - MESSAGE,True,4/8 - MESSAGE,4/8 - MESSAGE,4/8 - MESSAGE,4/8 - MESSAGE,4/8 - MESSAGE,4/8 - MESSAGE,4/8 - MESSAGE,True,4/8 - MESSAGE,4/8 - MESSAGE,True,4/8 - MESSAGE,4/8 - MESSAGE,True,True,1,1,6,0
1473,49.1,eye,31,word,4/8 - MESSAGE,4/8 - MESSAGE,4/8 - MESSAGE,4/8 - MESSAGE,True,4/8 - MESSAGE,4/8 - MESSAGE,4/8 - MESSAGE,4/8 - MESSAGE,4/8 - MESSAGE,4/8 - MESSAGE,4/8 - MESSAGE,True,4/8 - MESSAGE,4/8 - MESSAGE,True,4/8 - MESSAGE,4/8 - MESSAGE,True,True,2,0,6,0
1474,49.133,eye,31,word,4/8 - MESSAGE,4/8 - MESSAGE,4/8 - MESSAGE,4/8 - MESSAGE,True,4/8 - MESSAGE,4/8 - MESSAGE,4/8 - MESSAGE,4/8 - MESSAGE,4/8 - MESSAGE,4/8 - MESSAGE,4/8 - MESSAGE,True,4/8 - MESSAGE,4/8 - MESSAGE,True,4/8 - MESSAGE,4/8 - MESSAGE,True,True,2,0,6,0
1475,49.167,eye,31,word,4/8 - MESSAGE,4/8 - MESSAGE,4/8 - MESSAGE,4/8 - MESSAGE,True,4/8 - MESSAGE,4/8 - MESSAGE,4/8 - MESSAGE,4/8 - MESSAGE,4/8 - MESSAGE,4/8 - MESSAGE,4/8 - MESSAGE,True,4/8 - MESSAGE,4/8 - MESSAGE,True,4/8 - MESSAGE,4/8 - MESSAGE,True,True,2,0,6,0
1476,49.2,eye,31,word,4/8 - MESSAGE,4/8 - MESSAGE,4/8 - MESSAGE,4/8 - MESSAGE,True,4/8 - MESSAGE,4/8 - MESSAGE,4/8 - MESSAGE,4/8 - MESSAGE,4/8 - MESSAGE,4/8 - MESSAGE,4/8 - MESSAGE,True,4/8 - MESSAGE,4/8 - MESSAGE,True,4/8 - MESSAGE,4/8 - MESSAGE,True,True,2,0,6,0
1477,49.233,eye,31,word,4/8 - MESSAGE,4/8 - MESSAGE,4/8 - MESSAGE,4/8 - MESSAGE,True,4/8 - MESSAGE,4/8 - MESSAGE,4/8 - MESSAGE,4/8 - MESSAGE,4/8 - MESSAGE,4/8 - MESSAGE,4/8 - MESSAGE,True,4/8 - MESSAGE,4/8 - MESSAGE,True,4/8 - MESSAGE,4/8 - MESSAGE,True,True,2,0,5,0
1478,49.267,eye,31,word,4/8 - MESSAGE,4/8 - MESSAGE,4/8 - MESSAGE,4/8 - MESSAGE,True,4/8 - MESSAGE,4/8 - MESSAGE,4/8 - MESSAGE,4/8 - MESSAGE,4/8 - MESSAGE,4/8 - MESSAGE,4/8 - MESSAGE,True,4/8 - MESSAGE,4/8 - MESSAGE,True,4/8 - MESSAGE,4/8 - MESSAGE,True,True,2,0,5,0
1479,49.3,eye,31,word,4/8 - MESSAGE,4/8 - MESSAGE,4/8 - MESSAGE,4/8 - MESSAGE,True,4/8 - MESSAGE,4/8 - MESSAGE,4/8 - MESSAGE,4/8 - MESSAGE,4/8 - MESSAGE,4/8 - MESSAGE,4/8 - MESSAGE,True,4/8 - MESSAGE,4/8 - MESSAGE,True,4/8 - MESSAGE,4/8 - MESSAGE,True,True,2,0,5,0
1480,49.333,eye,31,word,4/8 - MESSAGE,4/8 - MESSAGE,4/8 - MESSAGE,4/8 - MESSAGE,True,4/8 - MESSAGE,4/8 - MESSAGE,4/8 - MESSAGE,4/8 - MESSAGE,4/8 - MESSAGE,4/8 - MESSAGE,4/8 - MESSAGE,True,4/8 - MESSAGE,4/8 - MESSAGE,True,4/8 - MESSAGE,4/8 - MESSAGE,True,True,2,0,5,0
1481,49.367,eye,31,word,4/8 - MESSAGE,4/8 - MESSAGE,4/8 - MESSAGE,4/8 - MESSAGE,True,4/8 - MESSAGE,4/8 - MESSAGE,4/8 - MESSAGE,4/8 - MESSAGE,4/8 - MESSAGE,4/8 - MESSAGE,4/8 - MESSAGE,True,4/8 - MESSAGE,4/8 - MESSAGE,True,4/8 - MESSAGE,4/8 - MESSAGE,True,True,2,0,1,0
1482,49.4,eye,31,word,4/8 - MESSAGE,4/8 - MESSAGE,4/8 - MESSAGE,4/8 - MESSAGE,True,4/8 - MESSAGE,4/8 - MESSAGE,4/8 - MESSAGE,4/8 - MESSAGE,4/8 - MESSAGE,4/8 - MESSAGE,4/8 - MESSAGE,True,4/8 - MESSAGE,4/8 - MESSAGE,True,4/8 - MESSAGE,4/8 - MESSAGE,True,True,2,0,1,0
1483,49.433,eye,31,word,4/8 - MESSAGE,4/8 - MESSAGE,4/8 - MESSAGE,4/8 - MESSAGE,True,4/8 - MESSAGE,4/8 - MESSAGE,4/8 - MESSAGE,4/8 - MESSAGE,4/8 - MESSAGE,4/8 - MESSAGE,4/8 - MESSAGE,True,4/8 - MESSAGE,4/8 - MESSAGE,True,4/8 - MESSAGE,4/8 - MESSAGE,True,True,2,0,7,0
1484,49.467,eye,31,word,4/8 - MESSAGE,4/8 - MESSAGE,4/8 - MESSAGE,4/8 - MESSAGE,True,4/8 - MESSAGE,4/8 - MESSAGE,4/8 - MESSAGE,4/8 - MESSAGE,4/8 - MESSAGE,4/8 - MESSAGE,4/8 - MESSAGE,True,4/8 - MESSAGE,4/8 - MESSAGE,True,4/8 - MESSAGE,4/8 - MESSAGE,True,True,2,0,7,0
1485,49.5,eye,31,word,4/8 - MESSAGE,4/8 - MESSAGE,4/8 - MESSAGE,4/8 - MESSAGE,True,4/8 - MESSAGE,4/8 - MESSAGE,4/8 - MESSAGE,4/8 - MESSAGE,4/8 - MESSAGE,4/8 - MESSAGE,4/8 - MESSAGE,True,4/8 - MESSAGE,4/8 - MESSAGE,True,4/8 - MESSAGE,4/8 - MESSAGE,True,True,2,0,9,0
1486,49.533,eye,31,word,4/8 - MESSAGE,4/8 - MESSAGE,4/8 - MESSAGE,4/8 - MESSAGE,True,4/8 - MESSAGE,4/8 - MESSAGE,4/8 - MESSAGE,4/8 - MESSAGE,4/8 - MESSAGE,4/8 - MESSAGE,4/8 - MESSAGE,True,4/8 - MESSAGE,4/8 - MESSAGE,True,4/8 - MESSAGE,4/8 - MESSAGE,True,True,2,0,11,0
1487,49.567,eye,31,word,4/8 - MESSAGE,4/8 - MESSAGE,4/8 - MESSAGE,4/8 - MESSAGE,True,4/8 - MESSAGE,4/8 - MESSAGE,4/8 - MESSAGE,4/8 - MESSAGE,4/8 - MESSAGE,4/8 - MESSAGE,4/8 - MESSAGE,True,4/8 - MESSAGE,4/8 - MESSAGE,True,4/8 - MESSAGE,4/8 - MESSAGE,True,True,2,0,15,0
1488,49.6,eye,31,word,4/8 - MESSAGE,4/8 - MESSAGE,4/8 - MESSAGE,4/8 - MESSAGE,True,4/8 - MESSAGE,4/8 - MESSAGE,4/8 - MESSAGE,4/8 - MESSAGE,4/8 - MESSAGE,4/8 - MESSAGE,4/8 - MESSAGE,True,4/8 - MESSAGE,4/8 - MESSAGE,True,4/8 - MESSAGE,4/8 - MESSAGE,True,True,1,0,15,0
1489,49.633,eye,31,word,4/8 - MESSAGE,4/8 - MESSAGE,4/8 - MESSAGE,4/8 - MESSAGE,True,4/8 - MESSAGE,4/8 - MESSAGE,4/8 - MESSAGE,4/8 - MESSAGE,4/8 - MESSAGE,4/8 - MESSAGE,4/8 - MESSAGE,True,4/8 - MESSAGE,4/8 - MESSAGE,True,4/8 - MESSAGE,4/8 - MESSAGE,True,True,1,0,15,0
1490,49.667,eye,31,word,4/8 - MESSAGE,4/8 - MESSAGE,4/8 - MESSAGE,4/8 - MESSAGE,True,4/8 - MESSAGE,4/8 - MESSAGE,4/8 - MESSAGE,4/8 - MESSAGE,4/8 - MESSAGE,4/8 - MESSAGE,4/8 - MESSAGE,True,4/8 - MESSAGE,4/8 - MESSAGE,True,4/8 - MESSAGE,4/8 - MESSAGE,True,True,1,0,15,0
1491,49.7,eye,31,word,4/8 - MESSAGE,4/8 - MESSAGE,4/8 - MESSAGE,4/8 - MESSAGE,True,4/8 - MESSAGE,4/8 - MESSAGE,4/8 - MESSAGE,4/8 - MESSAGE,4/8 - MESSAGE,4/8 - MESSAGE,4/8 - MESSAGE,True,4/8 - MESSAGE,4/8 - MESSAGE,True,4/8 - MESSAGE,4/8 - MESSAGE,True,True,1,0,15,0
1492,49.733,eye,31,word,4/8 - MESSAGE,4/8 - MESSAGE,4/8 - MESSAGE,4/8 - MESSAGE,True,4/8 - MESSAGE,4/8 - MESSAGE,4/8 - MESSAGE,4/8 - MESSAGE,4/8 - MESSAGE,4/8 - MESSAGE,4/8 - MESSAGE,True,4/8 - MESSAGE,4/8 - MESSAGE,True,4/8 - MESSAGE,4/8 - MESSAGE,True,True,1,0,15,0
1493,49.767,eye,31,word,4/8 - MESSAGE,4/8 - MESSAGE,4/8 - MESSAGE,4/8 - MESSAGE,True,4/8 - MESSAGE,4/8 - MESSAGE,4/8 - MESSAGE,4/8 - MESSAGE,4/8 - MESSAGE,4/8 - MESSAGE,4/8 - MESSAGE,True,4/8 - MESSAGE,4/8 - MESSAGE,True,4/8 - MESSAGE,4/8 - MESSAGE,True,True,1,0,15,0
1494,49.8,eye,31,word,4/8 - MESSAGE,4/8 - MESSAGE,4/8 - MESSAGE,4/8 - MESSAGE,True,4/8 - MESSAGE,4/8 - MESSAGE,4/8 - MESSAGE,4/8 - MESSAGE,4/8 - MESSAGE,4/8 - MESSAGE,4/8 - MESSAGE,True,4/8 - MESSAGE,4/8 - MESSAGE,True,4/8 - MESSAGE,4/8 - MESSAGE,True,True,1,1,15,0
1495,49.833,eye,31,word,4/8 - MESSAGE,4/8 - MESSAGE,4/8 - MESSAGE,4/8 - MESSAGE,True,4/8 - MESSAGE,4/8 - MESSAGE,4/8 - MESSAGE,4/8 - MESSAGE,4/8 - MESSAGE,4/8 - MESSAGE,4/8 - MESSAGE,True,4/8 - MESSAGE,4/8 - MESSAGE,True,4/8 - MESSAGE,4/8 - MESSAGE,True,True,1,1,15,0
1496,49.867,eye,31,word,4/8 - MESSAGE,4/8 - MESSAGE,4/8 - MESSAGE,4/8 - MESSAGE,True,4/8 - MESSAGE,4/8 - MESSAGE,4/8 - MESSAGE,4/8 - MESSAGE,4/8 - MESSAGE,4/8 - MESSAGE,4/8 - MESSAGE,True,4/8 - MESSAGE,4/8 - MESSAGE,True,4/8 - MESSAGE,4/8 - MESSAGE,True,True,1,1,12,0
1497,49.9,eye,31,word,4/8 - MESSAGE,4/8 - MESSAGE,4/8 - MESSAGE,4/8 - MESSAGE,True,4/8 - MESSAGE,4/8 - MESSAGE,4/8 - MESSAGE,4/8 - MESSAGE,4/8 - MESSAGE,4/8 - MESSAGE,4/8 - MESSAGE,True,4/8 - MESSAGE,4/8 - MESSAGE,True,4/8 - MESSAGE,4/8 - MESSAGE,True,True,1,1,12,0
1498,49.933,eye,31,word,4/8 - MESSAGE,4/8 - MESSAGE,4/8 - MESSAGE,4/8 - MESSAGE,True,4/8 - MESSAGE,4/8 - MESSAGE,4/8 - MESSAGE,4/8 - MESSAGE,4/8 - MESSAGE,4/8 - MESSAGE,4/8 - MESSAGE,True,4/8 - MESSAGE,4/8 - MESSAGE,True,4/8 - MESSAGE,4/8 - MESSAGE,True,True,1,1,12,0
1499,49.967,eye,31,word,4/8 - MESSAGE,4/8 - MESSAGE,4/8 - MESSAGE,4/8 - MESSAGE,True,4/8 - MESSAGE,4/8 - MESSAGE,4/8 - MESSAGE,4/8 - MESSAGE,4/8 - MESSAGE,4/8 - MESSAGE,4/8 - MESSAGE,True,4/8 - MESSAGE,4/8 - MESSAGE,True,4/8 - MESSAGE,4/8 - MESSAGE,True,True,1,2,12,0
1500,50.0,eye,31,word,4/8 - MESSAGE,4/8 - MESSAGE,4/8 - MESSAGE,4/8 - MESSAGE,True,4/8 - MESSAGE,4/8 - MESSAGE,4/8 - MESSAGE,4/8 - MESSAGE,4/8 - MESSAGE,4/8 - MESSAGE,4/8 - MESSAGE,True,4/8 - MESSAGE,4/8 - MESSAGE,True,4/8 - MESSAGE,4/8 - MESSAGE,True,True,2,2,5,0
1501,50.033,eye,31,word,4/8 - MESSAGE,4/8 - MESSAGE,4/8 - MESSAGE,4/8 - MESSAGE,True,4/8 - MESSAGE,4/8 - MESSAGE,4/8 - MESSAGE,4/8 - MESSAGE,4/8 - MESSAGE,4/8 - MESSAGE,4/8 - MESSAGE,True,4/8 - MESSAGE,4/8 - MESSAGE,True,4/8 - MESSAGE,4/8 - MESSAGE,True,True,2,1,10,0
1502,50.067,eye,31,word,4/8 - MESSAGE,4/8 - MESSAGE,4/8 - MESSAGE,4/8 - MESSAGE,True,4/8 - MESSAGE,4/8 - MESSAGE,4/8 - MESSAGE,4/8 - MESSAGE,4/8 - MESSAGE,4/8 - MESSAGE,4/8 - MESSAGE,True,4/8 - MESSAGE,4/8 - MESSAGE,True,4/8 - MESSAGE,4/8 - MESSAGE,True,True,1,1,10,0
1503,50.1,eye,31,word,4/8 - MESSAGE,4/8 - MESSAGE,4/8 - MESSAGE,4/8 - MESSAGE,True,4/8 - MESSAGE,4/8 - MESSAGE,4/8 - MESSAGE,4/8 - MESSAGE,4/8 - MESSAGE,4/8 - MESSAGE,4/8 - MESSAGE,True,4/8 - MESSAGE,4/8 - MESSAGE,True,4/8 - MESSAGE,4/8 - MESSAGE,True,True,1,1,13,0
1504,50.133,eye,31,word,4/8 - MESSAGE,4/8 - MESSAGE,4/8 - MESSAGE,4/8 - MESSAGE,True,4/8 - MESSAGE,4/8 - MESSAGE,4/8 - MESSAGE,4/8 - MESSAGE,4/8 - MESSAGE,4/8 - MESSAGE,4/8 - MESSAGE,True,4/8 - MESSAGE,4/8 - MESSAGE,True,4/8 - MESSAGE,4/8 - MESSAGE,True,True,1,1,14,0
1505,50.167,eye,31,word,4/8 - MESSAGE,4/8 - MESSAGE,4/8 - MESSAGE,4/8 - MESSAGE,True,4/8 - MESSAGE,4/8 - MESSAGE,4/8 - MESSAGE,4/8 - MESSAGE,4/8 - MESSAGE,4/8 - MESSAGE,4/8 - MESSAGE,True,4/8 - MESSAGE,4/8 - MESSAGE,True,4/8 - MESSAGE,4/8 - MESSAGE,True,True,1,1,14,0
1506,50.2,eye,31,word,4/8 - MESSAGE,4/8 - MESSAGE,4/8 - MESSAGE,4/8 - MESSAGE,True,4/8 - MESSAGE,4/8 - MESSAGE,4/8 - MESSAGE,4/8 - MESSAGE,4/8 - MESSAGE,4/8 - MESSAGE,4/8 - MESSAGE,True,4/8 - MESSAGE,4/8 - MESSAGE,True,4/8 - MESSAGE,4/8 - MESSAGE,True,True,1,1,14,0
1507,50.233,eye,31,word,4/8 - MESSAGE,4/8 - MESSAGE,4/8 - MESSAGE,4/8 - MESSAGE,True,4/8 - MESSAGE,4/8 - MESSAGE,4/8 - MESSAGE,4/8 - MESSAGE,4/8 - MESSAGE,4/8 - MESSAGE,4/8 - MESSAGE,True,4/8 - MESSAGE,4/8 - MESSAGE,True,4/8 - MESSAGE,4/8 - MESSAGE,True,True,0,1,14,0
1508,50.267,eye,31,word,4/8 - MESSAGE,4/8 - MESSAGE,4/8 - MESSAGE,4/8 - MESSAGE,True,4/8 - MESSAGE,4/8 - MESSAGE,4/8 - MESSAGE,4/8 - MESSAGE,4/8 - MESSAGE,4/8 - MESSAGE,4/8 - MESSAGE,True,4/8 - MESSAGE,4/8 - MESSAGE,True,4/8 - MESSAGE,4/8 - MESSAGE,True,True,0,2,14,0
1509,50.3,eye,31,word,4/8 - MESSAGE,4/8 - MESSAGE,4/8 - MESSAGE,4/8 - MESSAGE,True,4/8 - MESSAGE,4/8 - MESSAGE,4/8 - MESSAGE,4/8 - MESSAGE,4/8 - MESSAGE,4/8 - MESSAGE,4/8 - MESSAGE,True,4/8 - MESSAGE,4/8 - MESSAGE,True,4/8 - MESSAGE,4/8 - MESSAGE,True,True,0,0,14,0
1510,50.333,eye,31,word,4/8 - MESSAGE,4/8 - MESSAGE,4/8 - MESSAGE,4/8 - MESSAGE,True,4/8 - MESSAGE,4/8 - MESSAGE,4/8 - MESSAGE,4/8 - MESSAGE,4/8 - MESSAGE,4/8 - MESSAGE,4/8 - MESSAGE,True,4/8 - MESSAGE,4/8 - MESSAGE,True,4/8 - MESSAGE,4/8 - MESSAGE,True,True,1,1,14,0
1511,50.367,eye,31,word,4/8 - MESSAGE,4/8 - MESSAGE,4/8 - MESSAGE,4/8 - MESSAGE,True,4/8 - MESSAGE,4/8 - MESSAGE,4/8 - MESSAGE,4/8 - MESSAGE,4/8 - MESSAGE,4/8 - MESSAGE,4/8 - MESSAGE,True,4/8 - MESSAGE,4/8 - MESSAGE,True,4/8 - MESSAGE,4/8 - MESSAGE,True,True,1,1,14,0
1512,50.4,eye,31,word,4/8 - MESSAGE,4/8 - MESSAGE,4/8 - MESSAGE,4/8 - MESSAGE,True,4/8 - MESSAGE,4/8 - MESSAGE,4/8 - MESSAGE,4/8 - MESSAGE,4/8 - MESSAGE,4/8 - MESSAGE,4/8 - MESSAGE,True,4/8 - MESSAGE,4/8 - MESSAGE,True,4/8 - MESSAGE,4/8 - MESSAGE,True,True,0,0,14,0
1513,50.433,eye,31,word,4/8 - MESSAGE,4/8 - MESSAGE,4/8 - MESSAGE,4/8 - MESSAGE,True,4/8 - MESSAGE,4/8 - MESSAGE,4/8 - MESSAGE,4/8 - MESSAGE,4/8 - MESSAGE,4/8 - MESSAGE,4/8 - MESSAGE,True,4/8 - MESSAGE,4/8 - MESSAGE,True,4/8 - MESSAGE,4/8 - MESSAGE,True,True,0,0,12,0
1514,50.467,eye,31,word,4/8 - MESSAGE,4/8 - MESSAGE,4/8 - MESSAGE,4/8 - MESSAGE,True,4/8 - MESSAGE,4/8 - MESSAGE,4/8 - MESSAGE,4/8 - MESSAGE,4/8 - MESSAGE,4/8 - MESSAGE,4/8 - MESSAGE,True,4/8 - MESSAGE,4/8 - MESSAGE,True,4/8 - MESSAGE,4/8 - MESSAGE,True,True,1,1,7,0
1515,50.5,eye,32,bonus,Scan the last frame.,Scan the last frame.,Scan the last frame.,Scan the last frame.,True,Scan the last frame.,Scan the last frame.,Scan the last frame.,Scan the last frame.,Scan the last frame.,Scan the last frame.,Scan the last frame.,True,Scan the last frame.,Scan the last frame.,True,Scan the last frame.,Scan the last frame.,True,True,1,0,11,0
1516,50.533,eye,32,bonus,Scan the last frame.,Scan the last frame.,Scan the last frame.,Scan the last frame.,True,Scan the last frame.,Scan the last frame.,Scan the last frame.,Scan the last frame.,Scan the last frame.,Scan the last frame.,Scan the last frame.,True,Scan the last frame.,Scan the last frame.,True,Scan the last frame.,Scan the last frame.,True,True,1,1,11,0
1517,50.567,eye,32,bonus,Scan the last frame.,Scan the last frame.,Scan the last frame.,Scan the last frame.,True,Scan the last frame.,Scan the last frame.,Scan the last frame.,Scan the last frame.,Scan the last frame.,Scan the last frame.,Scan the last frame.,True,Scan the last frame.,Scan the last frame.,True,Scan the last frame.,Scan the last frame.,True,True,1,1,11,0
1518,50.6,eye,32,bonus,Scan the last frame.,Scan the last frame.,Scan the last frame.,Scan the last frame.,True,Scan the last frame.,Scan the last frame.,Scan the last frame.,Scan the last frame.,Scan the last frame.,Scan the last frame.,Scan the last frame.,True,Scan the last frame.,Scan the last frame.,True,Scan the last frame.,Scan the last frame.,True,True,1,1,11,0
1519,50.633,eye,32,bonus,Scan the last frame.,Scan the last frame.,Scan the last frame.,Scan the last frame.,True,Scan the last frame.,Scan the last frame.,Scan the last frame.,Scan the last frame.,Scan the last frame.,Scan the last frame.,Scan the last frame.,True,Scan the last frame.,Scan the last frame.,True,Scan the last frame.,Scan the last frame.,True,True,1,1,11,0
1520,50.667,eye,32,bonus,Scan the last frame.,Scan the last frame.,Scan the last frame.,Scan the last frame.,True,Scan the last frame.,Scan the last frame.,Scan the last frame.,Scan the last frame.,Scan the last frame.,Scan the last frame.,Scan the last frame.,True,Scan the last frame.,Scan the last frame.,True,Scan the last frame.,Scan the last frame.,True,True,1,1,11,0
1521,50.7,eye,32,bonus,Scan the last frame.,Scan the last frame.,Scan the last frame.,Scan the last frame.,True,Scan the last frame.,Scan the last frame.,Scan the last frame.,Scan the last frame.,Scan the last frame.,Scan the last frame.,Scan the last frame.,True,Scan the last frame.,Scan the last frame.,True,Scan the last frame.,Scan the last frame.,True,True,1,1,11,0
1522,50.733,eye,32,bonus,Scan the last frame.,Scan the last frame.,Scan the last frame.,Scan the last frame.,True,Scan the last frame.,Scan the last frame.,Scan the last frame.,Scan the last frame.,Scan the last frame.,Scan the last frame.,Scan the last frame.,True,Scan the last frame.,Scan the last frame.,True,Scan the last frame.,Scan the last frame.,True,True,1,1,10,0
1523,50.767,eye,32,bonus,Scan the last frame.,Scan the last frame.,Scan the last frame.,Scan the last frame.,True,Scan the last frame.,Scan the last frame.,Scan the last frame.,Scan the last frame.,Scan the last frame.,Scan the last frame.,Scan the last frame.,True,Scan the last frame.,Scan the last frame.,True,Scan the last frame.,Scan the last frame.,True,True,1,1,11,0
1524,50.8,eye,32,bonus,Scan the last frame.,Scan the last frame.,Scan the last frame.,Scan the last frame.,True,Scan the last frame.,Scan the last frame.,Scan the last frame.,Scan the last frame.,Scan the last frame.,Scan the last frame.,Scan the last frame.,True,Scan the last frame.,Scan the last frame.,True,Scan the last frame.,Scan the last frame.,True,True,1,1,12,0
1525,50.833,eye,32,bonus,Scan the last frame.,Scan the last frame.,Scan the last frame.,Scan the last frame.,True,Scan the last frame.,Scan the last frame.,Scan the last frame.,Scan the last frame.,Scan the last frame.,Scan the last frame.,Scan the last frame.,True,Scan the last frame.,Scan the last frame.,True,Scan the last frame.,Scan the last frame.,True,True,1,1,12,0
1526,50.867,eye,32,bonus,Scan the last frame.,Scan the last frame.,Scan the last frame.,Scan the last frame.,True,Scan the last frame.,Scan the last frame.,Scan the last frame.,Scan the last frame.,Scan the last frame.,Scan the last frame.,Scan the last frame.,True,Scan the last frame.,Scan the last frame.,True,Scan the last frame.,Scan the last frame.,True,True,1,1,12,0
1527,50.9,eye,32,bonus,Scan the last frame.,Scan the last frame.,Scan the last frame.,Scan the last frame.,True,Scan the last frame.,Scan the last frame.,Scan the last frame.,Scan the last frame.,Scan the last frame.,Scan the last frame.,Scan the last frame.,True,Scan the last frame.,Scan the last frame.,True,Scan the last frame.,Scan the last frame.,True,True,1,1,14,0
1528,50.933,eye,32,bonus,Scan the last frame.,Scan the last frame.,Scan the last frame.,Scan the last frame.,True,Scan the last frame.,Scan the last frame.,Scan the last frame.,Scan the last frame.,Scan the last frame.,Scan the last frame.,Scan the last frame.,True,Scan the last frame.,Scan the last frame.,True,Scan the last frame.,Scan the last frame.,True,True,1,1,14,0
1529,50.967,eye,32,bonus,Scan the last frame.,Scan the last frame.,Scan the last frame.,Scan the last frame.,True,Scan the last frame.,Scan the last frame.,Scan the last frame.,Scan the last frame.,Scan the last frame.,Scan the last frame.,Scan the last frame.,True,Scan the last frame.,Scan the last frame.,True,Scan the last frame.,Scan the last frame.,True,True,1,0,14,0
1530,51.0,eye,32,bonus,Scan the last frame.,Scan the last frame.,Scan the last frame.,Scan the last frame.,True,Scan the last frame.,Scan the last frame.,Scan the last frame.,Scan the last frame.,Scan the last frame.,Scan the last frame.,Scan the last frame.,True,Scan the last frame.,Scan the last frame.,True,Scan the last frame.,Scan the last frame.,True,True,1,1,14,0
1531,51.033,eye,32,bonus,Scan the last frame.,Scan the last frame.,Scan the last frame.,Scan the last frame.,True,Scan the last frame.,Scan the last frame.,Scan the last frame.,Scan the last frame.,Scan the last frame.,Scan the last frame.,Scan the last frame.,True,Scan the last frame.,Scan the last frame.,True,Scan the last frame.,Scan the last frame.,True,True,1,0,14,0
1532,51.067,eye,32,bonus,Scan the last frame.,Scan the last frame.,Scan the last frame.,Scan the last frame.,True,Scan the last frame.,Scan the last frame.,Scan the last frame.,Scan the last frame.,Scan the last frame.,Scan the last frame.,Scan the last frame.,True,Scan the last frame.,Scan the last frame.,True,Scan the last frame.,Scan the last frame.,True,True,1,1,14,0
1533,51.1,eye,32,bonus,Scan the last frame.,Scan the last frame.,Scan the last frame.,Scan the last frame.,True,Scan the last frame.,Scan the last frame.,Scan the last frame.,Scan the last frame.,Scan the last frame.,Scan the last frame.,Scan the last frame.,True,Scan the last frame.,Scan the last frame.,True,Scan the last frame.,Scan the last frame.,True,True,2,2,14,0
1534,51.133,eye,32,bonus,Scan the last frame.,Scan the last frame.,Scan the last frame.,Scan the last frame.,True,Scan the last frame.,Scan the last frame.,Scan the last frame.,Scan the last frame.,Scan the last frame.,Scan the last frame.,Scan the last frame.,True,Scan the last frame.,Scan the last frame.,True,Scan the last frame.,Scan the last frame.,True,True,1,1,15,0
1535,51.167,eye,32,bonus,Scan the last frame.,Scan the last frame.,Scan the last frame.,Scan the last frame.,True,Scan the last frame.,Scan the last frame.,Scan the last frame.,Scan the last frame.,Scan the last frame.,Scan the last frame.,Scan the last frame.,True,Scan the last frame.,Scan the last frame.,True,Scan the last frame.,Scan the last frame.,True,True,1,1,14,0
1536,51.2,eye,32,bonus,Scan the last frame.,Scan the last frame.,Scan the last frame.,Scan the last frame.,True,Scan the last frame.,Scan the last frame.,Scan the last frame.,Scan the last frame.,Scan the last frame.,Scan the last frame.,Scan the last frame.,True,Scan the last frame.,Scan the last frame.,True,Scan the last frame.,Scan the last frame.,True,True,1,1,14,0
1537,51.233,eye,32,bonus,Scan the last frame.,Scan the last frame.,Scan the last frame.,Scan the last frame.,True,Scan the last frame.,Scan the last frame.,Scan the last frame.,Scan the last frame.,Scan the last frame.,Scan the last frame.,Scan the last frame.,True,Scan the last frame.,Scan the last frame.,True,Scan the last frame.,Scan the last frame.,True,True,1,1,14,0
1538,51.267,eye,32,bonus,Scan the last frame.,Scan the last frame.,Scan the last frame.,Scan the last frame.,True,Scan the last frame.,Scan the last frame.,Scan the last frame.,Scan the last frame.,Scan the last frame.,Scan the last frame.,Scan the last frame.,True,Scan the last frame.,Scan the last frame.,True,Scan the last frame.,Scan the last frame.,True,True,1,1,14,0
1539,51.3,eye,32,bonus,Scan the last frame.,Scan the last frame.,Scan the last frame.,Scan the last frame.,True,Scan the last frame.,Scan the last frame.,Scan the last frame.,Scan the last frame.,Scan the last frame.,Scan the last frame.,Scan the last frame.,True,Scan the last frame.,Scan the last frame.,True,Scan the last frame.,Scan the last frame.,True,True,1,1,14,0
1540,51.333,eye,32,bonus,Scan the last frame.,Scan the last frame.,Scan the last frame.,Scan the last frame.,True,Scan the last frame.,Scan the last frame.,Scan the last frame.,Scan the last frame.,Scan the last frame.,Scan the last frame.,Scan the last frame.,True,Scan the last frame.,Scan the last frame.,True,Scan the last frame.,Scan the last frame.,True,True,1,1,12,0
1541,51.367,eye,32,bonus,Scan the last frame.,Scan the last frame.,Scan the last frame.,Scan the last frame.,True,Scan the last frame.,Scan the last frame.,Scan the last frame.,Scan the last frame.,Scan the last frame.,Scan the last frame.,Scan the last frame.,True,Scan the last frame.,Scan the last frame.,True,Scan the last frame.,Scan the last frame.,True,True,1,1,11,0
1542,51.4,eye,32,bonus,Scan the last frame.,Scan the last frame.,Scan the last frame.,Scan the last frame.,True,Scan the last frame.,Scan the last frame.,Scan the last frame.,Scan the last frame.,Scan the last frame.,Scan the last frame.,Scan the last frame.,True,Scan the last frame.,Scan the last frame.,True,Scan the last frame.,Scan the last frame.,True,True,1,1,11,0
1543,51.433,eye,32,bonus,Scan the last frame.,Scan the last frame.,Scan the last frame.,Scan the last frame.,True,Scan the last frame.,Scan the last frame.,Scan the last frame.,Scan the last frame.,Scan the last frame.,Scan the last frame.,Scan the last frame.,True,Scan the last frame.,Scan the last frame.,True,Scan the last frame.,Scan the last frame.,True,True,1,1,10,0
1544,51.467,eye,32,bonus,Scan the last frame.,Scan the last frame.,Scan the last frame.,Scan the last frame.,True,Scan the last frame.,Scan the last frame.,Scan the last frame.,Scan the last frame.,Scan the last frame.,Scan the last frame.,Scan the last frame.,True,Scan the last frame.,Scan the last frame.,True,Scan the last frame.,Scan the last frame.,True,True,1,1,10,0
1545,51.5,eye,32,bonus,Scan the last frame.,Scan the last frame.,Scan the last frame.,Scan the last frame.,True,Scan the last frame.,Scan the last frame.,Scan the last frame.,Scan the last frame.,Scan the last frame.,Scan the last frame.,Scan the last frame.,True,Scan the last frame.,Scan the last frame.,True,Scan the last frame.,Scan the last frame.,True,True,1,1,9,0
1546,51.533,eye,32,bonus,Scan the last frame.,Scan the last frame.,Scan the last frame.,Scan the last frame.,True,Scan the last frame.,Scan the last frame.,Scan the last frame.,Scan the last frame.,Scan the last frame.,Scan the last frame.,Scan the last frame.,True,Scan the last frame.,Scan the last frame.,True,Scan the last frame.,Scan the last frame.,True,True,1,1,9,0
1547,51.567,eye,32,bonus,Scan the last frame.,Scan the last frame.,Scan the last frame.,Scan the last frame.,True,Scan the last frame.,Scan the last frame.,Scan the last frame.,Scan the last frame.,Scan the last frame.,Scan the last frame.,Scan the last frame.,True,Scan the last frame.,Scan the last frame.,True,Scan the last frame.,Scan the last frame.,True,True,1,1,9,0
1548,51.6,eye,32,bonus,Scan the last frame.,Scan the last frame.,Scan the last frame.,Scan the last frame.,True,Scan the last frame.,Scan the last frame.,Scan the last frame.,Scan the last frame.,Scan the last frame.,Scan the last frame.,Scan the last frame.,True,Scan the last frame.,Scan the last frame.,True,Scan the last frame.,Scan the last frame.,True,True,1,1,9,0
1549,51.633,eye,32,bonus,Scan the last frame.,Scan the last frame.,Scan the last frame.,Scan the last frame.,True,Scan the last frame.,Scan the last frame.,Scan the last frame.,Scan the last frame.,Scan the last frame.,Scan the last frame.,Scan the last frame.,True,Scan the last frame.,Scan the last frame.,True,Scan the last frame.,Scan the last frame.,True,True,1,1,9,0
1550,51.667,eye,32,bonus,Scan the last frame.,Scan the last frame.,Scan the last frame.,Scan the last frame.,True,Scan the last frame.,Scan the last frame.,Scan the last frame.,Scan the last frame.,Scan the last frame.,Scan the last frame.,Scan the last frame.,True,Scan the last frame.,Scan the last frame.,True,Scan the last frame.,Scan the last frame.,True,True,1,1,9,0
1551,51.7,eye,32,bonus,Scan the last frame.,Scan the last frame.,Scan the last frame.,Scan the last frame.,True,Scan the last frame.,Scan the last frame.,Scan the last frame.,Scan the last frame.,Scan the last frame.,Scan the last frame.,Scan the last frame.,True,Scan the last frame.,Scan the last frame.,True,Scan the last frame.,Scan the last frame.,True,True,1,1,9,0
1552,51.733,eye,32,bonus,Scan the last frame.,Scan the last frame.,Scan the last frame.,Scan the last frame.,True,Scan the last frame.,Scan the last frame.,Scan the last frame.,Scan the last frame.,Scan the last frame.,Scan the last frame.,Scan the last frame.,True,Scan the last frame.,Scan the last frame.,True,Scan the last frame.,Scan the last frame.,True,True,1,1,9,0
1553,51.767,eye,32,bonus,Scan the last frame.,Scan the last frame.,Scan the last frame.,Scan the last frame.,True,Scan the last frame.,Scan the last frame.,Scan the last frame.,Scan the last frame.,Scan the last frame.,Scan the last frame.,Scan the last frame.,True,Scan the last frame.,Scan the last frame.,True,Scan the last frame.,Scan the last frame.,True,True,1,1,9,0
1554,51.8,eye,32,bonus,Scan the last frame.,Scan the last frame.,Scan the last frame.,Scan the last frame.,True,Scan the last frame.,Scan the last frame.,Scan the last frame.,Scan the last frame.,Scan the last frame.,Scan the last frame.,Scan the last frame.,True,Scan the last frame.,Scan the last frame.,True,Scan the last frame.,Scan the last frame.,True,True,1,1,9,0
1555,51.833,eye,32,bonus,Scan the last frame.,Scan the last frame.,Scan the last frame.,Scan the last frame.,True,Scan the last frame.,Scan the last frame.,Scan the last frame.,Scan the last frame.,Scan the last frame.,Scan the last frame.,Scan the last frame.,True,Scan the last frame.,Scan the last frame.,True,Scan the last frame.,Scan the last frame.,True,True,1,1,9,0
1556,51.867,eye,32,bonus,Scan the last frame.,Scan the last frame.,Scan the last frame.,Scan the last frame.,True,Scan the last frame.,Scan the last frame.,Scan the last frame.,Scan the last frame.,Scan the last frame.,Scan the last frame.,Scan the last frame.,True,Scan the last frame.,Scan the last frame.,True,Scan the last frame.,Scan the last frame.,True,True,1,1,9,0
1557,51.9,eye,32,bonus,Scan the last frame.,Scan the last frame.,Scan the last frame.,Scan the last frame.,True,Scan the last frame.,Scan the last frame.,Scan the last frame.,Scan the last frame.,Scan the last frame.,Scan the last frame.,Scan the last frame.,True,Scan the last frame.,Scan the last frame.,True,Scan the last frame.,Scan the last frame.,True,True,1,1,9,0
1558,51.933,eye,32,bonus,Scan the last frame.,Scan the last frame.,Scan the last frame.,Scan the last frame.,True,Scan the last frame.,Scan the last frame.,Scan the last frame.,Scan the last frame.,Scan the last frame.,Scan the last frame.,Scan the last frame.,True,Scan the last frame.,Scan the last frame.,True,Scan the last frame.,Scan the last frame.,True,True,1,1,9,0
1559,51.967,eye,32,bonus,Scan the last frame.,Scan the last frame.,Scan the last frame.,Scan the last frame.,True,Scan the last frame.,Scan the last frame.,Scan the last frame.,Scan the last frame.,Scan the last frame.,Scan the last frame.,Scan the last frame.,True,Scan the last frame.,Scan the last frame.,True,Scan the last frame.,Scan the last frame.,True,True,1,1,9,0
1560,52.0,return,33,word,5/8 - HIDDEN,5/8 - HIDDEN,5/8 - HIDDEN,5/8 - HIDDEN,True,5/8 - HIDDEN,5/8 - HIDDEN,5/8 - HIDDEN,5/8 - HIDDEN,5/8 - HIDDEN,5/8 - HIDDEN,5/8 - HIDDEN,True,5/8 - HIDDEN,5/8 - HIDDEN,True,5/8 - HIDDEN,5/8 - HIDDEN,True,True,1,3,10,0
1561,52.033,return,33,word,5/8 - HIDDEN,5/8 - HIDDEN,5/8 - HIDDEN,5/8 - HIDDEN,True,5/8 - HIDDEN,5/8 - HIDDEN,5/8 - HIDDEN,5/8 - HIDDEN,5/8 - HIDDEN,5/8 - HIDDEN,5/8 - HIDDEN,True,5/8 - HIDDEN,5/8 - HIDDEN,True,5/8 - HIDDEN,5/8 - HIDDEN,True,True,1,3,10,0
1562,52.067,return,33,word,5/8 - HIDDEN,5/8 - HIDDEN,5/8 - HIDDEN,5/8 - HIDDEN,True,5/8 - HIDDEN,5/8 - HIDDEN,5/8 - HIDDEN,5/8 - HIDDEN,5/8 - HIDDEN,5/8 - HIDDEN,5/8 - HIDDEN,True,5/8 - HIDDEN,5/8 - HIDDEN,True,5/8 - HIDDEN,5/8 - HIDDEN,True,True,1,3,10,0
1563,52.1,return,33,word,5/8 - HIDDEN,5/8 - HIDDEN,5/8 - HIDDEN,5/8 - HIDDEN,True,5/8 - HIDDEN,5/8 - HIDDEN,5/8 - HIDDEN,5/8 - HIDDEN,5/8 - HIDDEN,5/8 - HIDDEN,5/8 - HIDDEN,True,5/8 - HIDDEN,5/8 - HIDDEN,True,5/8 - HIDDEN,5/8 - HIDDEN,True,True,1,3,11,0
1564,52.133,return,33,word,5/8 - HIDDEN,5/8 - HIDDEN,5/8 - HIDDEN,5/8 - HIDDEN,True,5/8 - HIDDEN,5/8 - HIDDEN,5/8 - HIDDEN,5/8 - HIDDEN,5/8 - HIDDEN,5/8 - HIDDEN,5/8 - HIDDEN,True,5/8 - HIDDEN,5/8 - HIDDEN,True,5/8 - HIDDEN,5/8 - HIDDEN,True,True,1,3,11,0
1565,52.167,return,33,word,5/8 - HIDDEN,5/8 - HIDDEN,5/8 - HIDDEN,5/8 - HIDDEN,True,5/8 - HIDDEN,5/8 - HIDDEN,5/8 - HIDDEN,5/8 - HIDDEN,5/8 - HIDDEN,5/8 - HIDDEN,5/8 - HIDDEN,True,5/8 - HIDDEN,5/8 - HIDDEN,True,5/8 - HIDDEN,5/8 - HIDDEN,True,True,1,3,12,0
1566,52.2,return,33,word,5/8 - HIDDEN,5/8 - HIDDEN,5/8 - HIDDEN,5/8 - HIDDEN,True,5/8 - HIDDEN,5/8 - HIDDEN,5/8 - HIDDEN,5/8 - HIDDEN,5/8 - HIDDEN,5/8 - HIDDEN,5/8 - HIDDEN,True,5/8 - HIDDEN,5/8 - HIDDEN,True,5/8 - HIDDEN,5/8 - HIDDEN,True,True,1,2,13,0
1567,52.233,return,33,word,5/8 - HIDDEN,5/8 - HIDDEN,5/8 - HIDDEN,5/8 - HIDDEN,True,5/8 - HIDDEN,5/8 - HIDDEN,5/8 - HIDDEN,5/8 - HIDDEN,5/8 - HIDDEN,5/8 - HIDDEN,5/8 - HIDDEN,True,5/8 - HIDDEN,5/8 - HIDDEN,True,5/8 - HIDDEN,5/8 - HIDDEN,True,True,1,2,14,0
1568,52.267,return,33,word,5/8 - HIDDEN,5/8 - HIDDEN,5/8 - HIDDEN,5/8 - HIDDEN,True,5/8 - HIDDEN,5/8 - HIDDEN,5/8 - HIDDEN,5/8 - HIDDEN,5/8 - HIDDEN,5/8 - HIDDEN,5/8 - HIDDEN,True,5/8 - HIDDEN,5/8 - HIDDEN,True,5/8 - HIDDEN,5/8 - HIDDEN,True,True,1,2,14,0
1569,52.3,return,33,word,5/8 - HIDDEN,5/8 - HIDDEN,5/8 - HIDDEN,5/8 - HIDDEN,True,5/8 - HIDDEN,5/8 - HIDDEN,5/8 - HIDDEN,5/8 - HIDDEN,5/8 - HIDDEN,5/8 - HIDDEN,5/8 - HIDDEN,True,5/8 - HIDDEN,5/8 - HIDDEN,True,5/8 - HIDDEN,5/8 - HIDDEN,True,True,1,2,18,0
1570,52.333,return,33,word,5/8 - HIDDEN,5/8 - HIDDEN,5/8 - HIDDEN,5/8 - HIDDEN,True,5/8 - HIDDEN,5/8 - HIDDEN,5/8 - HIDDEN,5/8 - HIDDEN,5/8 - HIDDEN,5/8 - HIDDEN,5/8 - HIDDEN,True,5/8 - HIDDEN,5/8 - HIDDEN,True,5/8 - HIDDEN,5/8 - HIDDEN,True,True,1,2,18,0
1571,52.367,return,33,word,5/8 - HIDDEN,5/8 - HIDDEN,5/8 - HIDDEN,5/8 - HIDDEN,True,5/8 - HIDDEN,5/8 - HIDDEN,5/8 - HIDDEN,5/8 - HIDDEN,5/8 - HIDDEN,5/8 - HIDDEN,5/8 - HIDDEN,True,5/8 - HIDDEN,5/8 - HIDDEN,True,5/8 - HIDDEN,5/8 - HIDDEN,True,True,1,2,18,0
1572,52.4,return,33,word,5/8 - HIDDEN,5/8 - HIDDEN,5/8 - HIDDEN,5/8 - HIDDEN,True,5/8 - HIDDEN,5/8 - HIDDEN,5/8 - HIDDEN,5/8 - HIDDEN,5/8 - HIDDEN,5/8 - HIDDEN,5/8 - HIDDEN,True,5/8 - HIDDEN,5/8 - HIDDEN,True,5/8 - HIDDEN,5/8 - HIDDEN,True,True,1,1,18,0
1573,52.433,return,33,word,5/8 - HIDDEN,5/8 - HIDDEN,5/8 - HIDDEN,5/8 - HIDDEN,True,5/8 - HIDDEN,5/8 - HIDDEN,5/8 - HIDDEN,5/8 - HIDDEN,5/8 - HIDDEN,5/8 - HIDDEN,5/8 - HIDDEN,True,5/8 - HIDDEN,5/8 - HIDDEN,True,5/8 - HIDDEN,5/8 - HIDDEN,True,True,2,2,17,0
1574,52.467,return,33,word,5/8 - HIDDEN,5/8 - HIDDEN,5/8 - HIDDEN,5/8 - HIDDEN,True,5/8 - HIDDEN,5/8 - HIDDEN,5/8 - HIDDEN,5/8 - HIDDEN,5/8 - HIDDEN,5/8 - HIDDEN,5/8 - HIDDEN,True,5/8 - HIDDEN,5/8 - HIDDEN,True,5/8 - HIDDEN,5/8 - HIDDEN,True,True,2,3,16,0
1575,52.5,return,33,word,5/8 - HIDDEN,5/8 - HIDDEN,5/8 - HIDDEN,5/8 - HIDDEN,True,5/8 - HIDDEN,5/8 - HIDDEN,5/8 - HIDDEN,5/8 - HIDDEN,5/8 - HIDDEN,5/8 - HIDDEN,5/8 - HIDDEN,True,5/8 - HIDDEN,5/8 - HIDDEN,True,5/8 - HIDDEN,5/8 - HIDDEN,True,True,2,3,13,0
1576,52.533,return,33,word,5/8 - HIDDEN,5/8 - HIDDEN,5/8 - HIDDEN,5/8 - HIDDEN,True,5/8 - HIDDEN,5/8 - HIDDEN,5/8 - HIDDEN,5/8 - HIDDEN,5/8 - HIDDEN,5/8 - HIDDEN,5/8 - HIDDEN,True,5/8 - HIDDEN,5/8 - HIDDEN,True,5/8 - HIDDEN,5/8 - HIDDEN,True,True,2,3,13,0
1577,52.567,return,33,word,5/8 - HIDDEN,5/8 - HIDDEN,5/8 - HIDDEN,5/8 - HIDDEN,True,5/8 - HIDDEN,5/8 - HIDDEN,5/8 - HIDDEN,5/8 - HIDDEN,5/8 - HIDDEN,5/8 - HIDDEN,5/8 - HIDDEN,True,5/8 - HIDDEN,5/8 - HIDDEN,True,5/8 - HIDDEN,5/8 - HIDDEN,True,True,2,2,13,0
1578,52.6,return,33,word,5/8 - HIDDEN,5/8 - HIDDEN,5/8 - HIDDEN,5/8 - HIDDEN,True,5/8 - HIDDEN,5/8 - HIDDEN,5/8 - HIDDEN,5/8 - HIDDEN,5/8 - HIDDEN,5/8 - HIDDEN,5/8 - HIDDEN,True,5/8 - HIDDEN,5/8 - HIDDEN,True,5/8 - HIDDEN,5/8 - HIDDEN,True,True,2,3,13,0
1579,52.633,return,33,word,5/8 - HIDDEN,5/8 - HIDDEN,5/8 - HIDDEN,5/8 - HIDDEN,True,5/8 - HIDDEN,5/8 - HIDDEN,5/8 - HIDDEN,5/8 - HIDDEN,5/8 - HIDDEN,5/8 - HIDDEN,5/8 - HIDDEN,True,5/8 - HIDDEN,5/8 - HIDDEN,True,5/8 - HIDDEN,5/8 - HIDDEN,True,True,2,3,11,0
1580,52.667,return,33,word,5/8 - HIDDEN,5/8 - HIDDEN,5/8 - HIDDEN,5/8 - HIDDEN,True,5/8 - HIDDEN,5/8 - HIDDEN,5/8 - HIDDEN,5/8 - HIDDEN,5/8 - HIDDEN,5/8 - HIDDEN,5/8 - HIDDEN,True,5/8 - HIDDEN,5/8 - HIDDEN,True,5/8 - HIDDEN,5/8 - HIDDEN,True,True,2,3,10,0
1581,52.7,return,33,word,5/8 - HIDDEN,5/8 - HIDDEN,5/8 - HIDDEN,5/8 - HIDDEN,True,5/8 - HIDDEN,5/8 - HIDDEN,5/8 - HIDDEN,5/8 - HIDDEN,5/8 - HIDDEN,5/8 - HIDDEN,5/8 - HIDDEN,True,5/8 - HIDDEN,5/8 - HIDDEN,True,5/8 - HIDDEN,5/8 - HIDDEN,True,True,2,3,10,0
1582,52.733,return,33,word,5/8 - HIDDEN,5/8 - HIDDEN,5/8 - HIDDEN,5/8 - HIDDEN,True,5/8 - HIDDEN,5/8 - HIDDEN,5/8 - HIDDEN,5/8 - HIDDEN,5/8 - HIDDEN,5/8 - HIDDEN,5/8 - HIDDEN,True,5/8 - HIDDEN,5/8 - HIDDEN,True,5/8 - HIDDEN,5/8 - HIDDEN,True,True,2,2,8,0
1583,52.767,return,33,word,5/8 - HIDDEN,5/8 - HIDDEN,5/8 - HIDDEN,5/8 - HIDDEN,True,5/8 - HIDDEN,5/8 - HIDDEN,5/8 - HIDDEN,5/8 - HIDDEN,5/8 - HIDDEN,5/8 - HIDDEN,5/8 - HIDDEN,True,5/8 - HIDDEN,5/8 - HIDDEN,True,5/8 - HIDDEN,5/8 - HIDDEN,True,True,2,2,6,0
1584,52.8,return,33,word,5/8 - HIDDEN,5/8 - HIDDEN,5/8 - HIDDEN,5/8 - HIDDEN,True,5/8 - HIDDEN,5/8 - HIDDEN,5/8 - HIDDEN,5/8 - HIDDEN,5/8 - HIDDEN,5/8 - HIDDEN,5/8 - HIDDEN,True,5/8 - HIDDEN,5/8 - HIDDEN,True,5/8 - HIDDEN,5/8 - HIDDEN,True,True,2,2,2,0
1585,52.833,return,33,word,5/8 - HIDDEN,5/8 - HIDDEN,5/8 - HIDDEN,5/8 - HIDDEN,True,5/8 - HIDDEN,5/8 - HIDDEN,5/8 - HIDDEN,5/8 - HIDDEN,5/8 - HIDDEN,5/8 - HIDDEN,5/8 - HIDDEN,True,5/8 - HIDDEN,5/8 - HIDDEN,True,5/8 - HIDDEN,5/8 - HIDDEN,True,True,1,2,2,0
1586,52.867,return,33,word,5/8 - HIDDEN,5/8 - HIDDEN,5/8 - HIDDEN,5/8 - HIDDEN,True,5/8 - HIDDEN,5/8 - HIDDEN,5/8 - HIDDEN,5/8 - HIDDEN,5/8 - HIDDEN,5/8 - HIDDEN,5/8 - HIDDEN,True,5/8 - HIDDEN,5/8 - HIDDEN,True,5/8 - HIDDEN,5/8 - HIDDEN,True,True,1,2,2,0
1587,52.9,return,33,word,5/8 - HIDDEN,5/8 - HIDDEN,5/8 - HIDDEN,5/8 - HIDDEN,True,5/8 - HIDDEN,5/8 - HIDDEN,5/8 - HIDDEN,5/8 - HIDDEN,5/8 - HIDDEN,5/8 - HIDDEN,5/8 - HIDDEN,True,5/8 - HIDDEN,5/8 - HIDDEN,True,5/8 - HIDDEN,5/8 - HIDDEN,True,True,1,2,2,0
1588,52.933,return,33,word,5/8 - HIDDEN,5/8 - HIDDEN,5/8 - HIDDEN,5/8 - HIDDEN,True,5/8 - HIDDEN,5/8 - HIDDEN,5/8 - HIDDEN,5/8 - HIDDEN,5/8 - HIDDEN,5/8 - HIDDEN,5/8 - HIDDEN,True,5/8 - HIDDEN,5/8 - HIDDEN,True,5/8 - HIDDEN,5/8 - HIDDEN,True,True,1,1,2,0
1589,52.967,return,33,word,5/8 - HIDDEN,5/8 - HIDDEN,5/8 - HIDDEN,5/8 - HIDDEN,True,5/8 - HIDDEN,5/8 - HIDDEN,5/8 - HIDDEN,5/8 - HIDDEN,5/8 - HIDDEN,5/8 - HIDDEN,5/8 - HIDDEN,True,5/8 - HIDDEN,5/8 - HIDDEN,True,5/8 - HIDDEN,5/8 - HIDDEN,True,True,1,1,2,0
1590,53.0,return,33,word,5/8 - HIDDEN,5/8 - HIDDEN,5/8 - HIDDEN,5/8 - HIDDEN,True,5/8 - HIDDEN,5/8 - HIDDEN,5/8 - HIDDEN,5/8 - HIDDEN,5/8 - HIDDEN,5/8 - HIDDEN,5/8 - HIDDEN,True,5/8 - HIDDEN,5/8 - HIDDEN,True,5/8 - HIDDEN,5/8 - HIDDEN,True,True,1,1,2,0
1591,53.033,return,33,word,5/8 - HIDDEN,5/8 - HIDDEN,5/8 - HIDDEN,5/8 - HIDDEN,True,5/8 - HIDDEN,5/8 - HIDDEN,5/8 - HIDDEN,5/8 - HIDDEN,5/8 - HIDDEN,5/8 - HIDDEN,5/8 - HIDDEN,True,5/8 - HIDDEN,5/8 - HIDDEN,True,5/8 - HIDDEN,5/8 - HIDDEN,True,True,1,1,2,0
1592,53.067,return,33,word,5/8 - HIDDEN,5/8 - HIDDEN,5/8 - HIDDEN,5/8 - HIDDEN,True,5/8 - HIDDEN,5/8 - HIDDEN,5/8 - HIDDEN,5/8 - HIDDEN,5/8 - HIDDEN,5/8 - HIDDEN,5/8 - HIDDEN,True,5/8 - HIDDEN,5/8 - HIDDEN,True,5/8 - HIDDEN,5/8 - HIDDEN,True,True,1,1,0,0
1593,53.1,return,33,word,5/8 - HIDDEN,5/8 - HIDDEN,5/8 - HIDDEN,5/8 - HIDDEN,True,5/8 - HIDDEN,5/8 - HIDDEN,5/8 - HIDDEN,5/8 - HIDDEN,5/8 - HIDDEN,5/8 - HIDDEN,5/8 - HIDDEN,True,5/8 - HIDDEN,5/8 - HIDDEN,True,5/8 - HIDDEN,5/8 - HIDDEN,True,True,1,1,0,0
1594,53.133,return,33,word,5/8 - HIDDEN,5/8 - HIDDEN,5/8 - HIDDEN,5/8 - HIDDEN,True,5/8 - HIDDEN,5/8 - HIDDEN,5/8 - HIDDEN,5/8 - HIDDEN,5/8 - HIDDEN,5/8 - HIDDEN,5/8 - HIDDEN,True,5/8 - HIDDEN,5/8 - HIDDEN,True,5/8 - HIDDEN,5/8 - HIDDEN,True,True,0,1,0,0
1595,53.167,return,33,word,5/8 - HIDDEN,5/8 - HIDDEN,5/8 - HIDDEN,5/8 - HIDDEN,True,5/8 - HIDDEN,5/8 - HIDDEN,5/8 - HIDDEN,5/8 - HIDDEN,5/8 - HIDDEN,5/8 - HIDDEN,5/8 - HIDDEN,True,5/8 - HIDDEN,5/8 - HIDDEN,True,5/8 - HIDDEN,5/8 - HIDDEN,True,True,0,1,0,0
1596,53.2,return,33,word,5/8 - HIDDEN,5/8 - HIDDEN,5/8 - HIDDEN,5/8 - HIDDEN,True,5/8 - HIDDEN,5/8 - HIDDEN,5/8 - HIDDEN,5/8 - HIDDEN,5/8 - HIDDEN,5/8 - HIDDEN,5/8 - HIDDEN,True,5/8 - HIDDEN,5/8 - HIDDEN,True,5/8 - HIDDEN,5/8 - HIDDEN,True,True,0,1,0,0
1597,53.233,return,33,word,5/8 - HIDDEN,5/8 - HIDDEN,5/8 - HIDDEN,5/8 - HIDDEN,True,5/8 - HIDDEN,5/8 - HIDDEN,5/8 - HIDDEN,5/8 - HIDDEN,5/8 - HIDDEN,5/8 - HIDDEN,5/8 - HIDDEN,True,5/8 - HIDDEN,5/8 - HIDDEN,True,5/8 - HIDDEN,5/8 - HIDDEN,True,True,0,1,0,0
1598,53.267,return,33,word,5/8 - HIDDEN,5/8 - HIDDEN,5/8 - HIDDEN,5/8 - HIDDEN,True,5/8 - HIDDEN,5/8 - HIDDEN,5/8 - HIDDEN,5/8 - HIDDEN,5/8 - HIDDEN,5/8 - HIDDEN,5/8 - HIDDEN,True,5/8 - HIDDEN,5/8 - HIDDEN,True,5/8 - HIDDEN,5/8 - HIDDEN,True,True,0,1,0,0
1599,53.3,return,33,word,5/8 - HIDDEN,5/8 - HIDDEN,5/8 - HIDDEN,5/8 - HIDDEN,True,5/8 - HIDDEN,5/8 - HIDDEN,5/8 - HIDDEN,5/8 - HIDDEN,5/8 - HIDDEN,5/8 - HIDDEN,5/8 - HIDDEN,True,5/8 - HIDDEN,5/8 - HIDDEN,True,5/8 - HIDDEN,5/8 - HIDDEN,True,True,0,1,0,0
1600,53.333,return,33,word,5/8 - HIDDEN,5/8 - HIDDEN,5/8 - HIDDEN,5/8 - HIDDEN,True,5/8 - HIDDEN,5/8 - HIDDEN,5/8 - HIDDEN,5/8 - HIDDEN,5/8 - HIDDEN,5/8 - HIDDEN,5/8 - HIDDEN,True,5/8 - HIDDEN,5/8 - HIDDEN,True,5/8 - HIDDEN,5/8 - HIDDEN,True,True,0,1,0,0
1601,53.367,return,33,word,5/8 - HIDDEN,5/8 - HIDDEN,5/8 - HIDDEN,5/8 - HIDDEN,True,5/8 - HIDDEN,5/8 - HIDDEN,5/8 - HIDDEN,5/8 - HIDDEN,5/8 - HIDDEN,5/8 - HIDDEN,5/8 - HIDDEN,True,5/8 - HIDDEN,5/8 - HIDDEN,True,5/8 - HIDDEN,5/8 - HIDDEN,True,True,0,1,0,0
1602,53.4,return,33,word,5/8 - HIDDEN,5/8 - HIDDEN,5/8 - HIDDEN,5/8 - HIDDEN,True,5/8 - HIDDEN,5/8 - HIDDEN,5/8 - HIDDEN,5/8 - HIDDEN,5/8 - HIDDEN,5/8 - HIDDEN,5/8 - HIDDEN,True,5/8 - HIDDEN,5/8 - HIDDEN,True,5/8 - HIDDEN,5/8 - HIDDEN,True,True,0,0,0,0
1603,53.433,return,33,word,5/8 - HIDDEN,5/8 - HIDDEN,5/8 - HIDDEN,5/8 - HIDDEN,True,5/8 - HIDDEN,5/8 - HIDDEN,5/8 - HIDDEN,5/8 - HIDDEN,5/8 - HIDDEN,5/8 - HIDDEN,5/8 - HIDDEN,True,5/8 - HIDDEN,5/8 - HIDDEN,True,5/8 - HIDDEN,5/8 - HIDDEN,True,True,0,0,0,0
1604,53.467,return,33,word,5/8 - HIDDEN,5/8 - HIDDEN,5/8 - HIDDEN,5/8 - HIDDEN,True,5/8 - HIDDEN,5/8 - HIDDEN,5/8 - HIDDEN,5/8 - HIDDEN,5/8 - HIDDEN,5/8 - HIDDEN,5/8 - HIDDEN,True,5/8 - HIDDEN,5/8 - HIDDEN,True,5/8 - HIDDEN,5/8 - HIDDEN,True,True,0,0,0,0
1605,53.5,return,34,word,6/8 - INSIDE,6/8 - INSIDE,6/8 - INSIDE,6/8 - INSIDE,True,6/8 - INSIDE,6/8 - INSIDE,6/8 - INSIDE,6/8 - INSIDE,6/8 - INSIDE,6/8 - INSIDE,6/8 - INSIDE,True,6/8 - INSIDE,6/8 - INSIDE,True,6/8 - INSIDE,6/8 - INSIDE,True,True,0,0,0,0
1606,53.533,return,34,word,6/8 - INSIDE,6/8 - INSIDE,6/8 - INSIDE,6/8 - INSIDE,True,6/8 - INSIDE,6/8 - INSIDE,6/8 - INSIDE,6/8 - INSIDE,6/8 - INSIDE,6/8 - INSIDE,6/8 - INSIDE,True,6/8 - INSIDE,6/8 - INSIDE,True,6/8 - INSIDE,6/8 - INSIDE,True,True,0,0,0,0
1607,53.567,return,34,word,6/8 - INSIDE,6/8 - INSIDE,6/8 - INSIDE,6/8 - INSIDE,True,6/8 - INSIDE,6/8 - INSIDE,6/8 - INSIDE,6/8 - INSIDE,6/8 - INSIDE,6/8 - INSIDE,6/8 - INSIDE,True,6/8 - INSIDE,6/8 - INSIDE,True,6/8 - INSIDE,6/8 - INSIDE,True,True,0,0,0,0
1608,53.6,return,34,word,6/8 - INSIDE,6/8 - INSIDE,6/8 - INSIDE,6/8 - INSIDE,True,6/8 - INSIDE,6/8 - INSIDE,6/8 - INSIDE,6/8 - INSIDE,6/8 - INSIDE,6/8 - INSIDE,6/8 - INSIDE,True,6/8 - INSIDE,6/8 - INSIDE,True,6/8 - INSIDE,6/8 - INSIDE,True,True,0,0,0,0
1609,53.633,return,34,word,6/8 - INSIDE,6/8 - INSIDE,6/8 - INSIDE,6/8 - INSIDE,True,6/8 - INSIDE,6/8 - INSIDE,6/8 - INSIDE,6/8 - INSIDE,6/8 - INSIDE,6/8 - INSIDE,6/8 - INSIDE,True,6/8 - INSIDE,6/8 - INSIDE,True,6/8 - INSIDE,6/8 - INSIDE,True,True,0,0,0,0
1610,53.667,return,34,word,6/8 - INSIDE,6/8 - INSIDE,6/8 - INSIDE,6/8 - INSIDE,True,6/8 - INSIDE,6/8 - INSIDE,6/8 - INSIDE,6/8 - INSIDE,6/8 - INSIDE,6/8 - INSIDE,6/8 - INSIDE,True,6/8 - INSIDE,6/8 - INSIDE,True,6/8 - INSIDE,6/8 - INSIDE,True,True,0,0,0,0
1611,53.7,return,34,word,6/8 - INSIDE,6/8 - INSIDE,6/8 - INSIDE,6/8 - INSIDE,True,6/8 - INSIDE,6/8 - INSIDE,6/8 - INSIDE,6/8 - INSIDE,6/8 - INSIDE,6/8 - INSIDE,6/8 - INSIDE,True,6/8 - INSIDE,6/8 - INSIDE,True,6/8 - INSIDE,6/8 - INSIDE,True,True,0,0,0,0
1612,53.733,return,34,word,6/8 - INSIDE,6/8 - INSIDE,6/8 - INSIDE,6/8 - INSIDE,True,6/8 - INSIDE,6/8 - INSIDE,6/8 - INSIDE,6/8 - INSIDE,6/8 - INSIDE,6/8 - INSIDE,6/8 - INSIDE,True,6/8 - INSIDE,6/8 - INSIDE,True,6/8 - INSIDE,6/8 - INSIDE,True,True,0,0,0,0
1613,53.767,return,34,word,6/8 - INSIDE,6/8 - INSIDE,6/8 - INSIDE,6/8 - INSIDE,True,6/8 - INSIDE,6/8 - INSIDE,6/8 - INSIDE,6/8 - INSIDE,6/8 - INSIDE,6/8 - INSIDE,6/8 - INSIDE,True,6/8 - INSIDE,6/8 - INSIDE,True,6/8 - INSIDE,6/8 - INSIDE,True,True,0,0,0,0
1614,53.8,return,34,word,6/8 - INSIDE,6/8 - INSIDE,6/8 - INSIDE,6/8 - INSIDE,True,6/8 - INSIDE,6/8 - INSIDE,6/8 - INSIDE,6/8 - INSIDE,6/8 - INSIDE,6/8 - INSIDE,6/8 - INSIDE,True,6/8 - INSIDE,6/8 - INSIDE,True,6/8 - INSIDE,6/8 - INSIDE,True,True,0,0,0,0
1615,53.833,return,34,word,6/8 - INSIDE,6/8 - INSIDE,6/8 - INSIDE,6/8 - INSIDE,True,6/8 - INSIDE,6/8 - INSIDE,6/8 - INSIDE,6/8 - INSIDE,6/8 - INSIDE,6/8 - INSIDE,6/8 - INSIDE,True,6/8 - INSIDE,6/8 - INSIDE,True,6/8 - INSIDE,6/8 - INSIDE,True,True,0,0,0,0
1616,53.867,return,34,word,6/8 - INSIDE,6/8 - INSIDE,6/8 - INSIDE,6/8 - INSIDE,True,6/8 - INSIDE,6/8 - INSIDE,6/8 - INSIDE,6/8 - INSIDE,6/8 - INSIDE,6/8 - INSIDE,6/8 - INSIDE,True,6/8 - INSIDE,6/8 - INSIDE,True,6/8 - INSIDE,6/8 - INSIDE,True,True,0,0,0,0
1617,53.9,return,34,word,6/8 - INSIDE,6/8 - INSIDE,6/8 - INSIDE,6/8 - INSIDE,True,6/8 - INSIDE,6/8 - INSIDE,6/8 - INSIDE,6/8 - INSIDE,6/8 - INSIDE,6/8 - INSIDE,6/8 - INSIDE,True,6/8 - INSIDE,6/8 - INSIDE,True,6/8 - INSIDE,6/8 - INSIDE,True,True,0,0,0,0
1618,53.933,return,34,word,6/8 - INSIDE,6/8 - INSIDE,6/8 - INSIDE,6/8 - INSIDE,True,6/8 - INSIDE,6/8 - INSIDE,6/8 - INSIDE,6/8 - INSIDE,6/8 - INSIDE,6/8 - INSIDE,6/8 - INSIDE,True,6/8 - INSIDE,6/8 - INSIDE,True,6/8 - INSIDE,6/8 - INSIDE,True,True,0,0,0,0
1619,53.967,return,34,word,6/8 - INSIDE,6/8 - INSIDE,6/8 - INSIDE,6/8 - INSIDE,True,6/8 - INSIDE,6/8 - INSIDE,6/8 - INSIDE,6/8 - INSIDE,6/8 - INSIDE,6/8 - INSIDE,6/8 - INSIDE,True,6/8 - INSIDE,6/8 - INSIDE,True,6/8 - INSIDE,6/8 - INSIDE,True,True,0,0,0,0
1620,54.0,return,34,word,6/8 - INSIDE,6/8 - INSIDE,6/8 - INSIDE,6/8 - INSIDE,True,6/8 - INSIDE,6/8 - INSIDE,6/8 - INSIDE,6/8 - INSIDE,6/8 - INSIDE,6/8 - INSIDE,6/8 - INSIDE,True,6/8 - INSIDE,6/8 - INSIDE,True,6/8 - INSIDE,6/8 - INSIDE,True,True,0,0,0,0
1621,54.033,return,34,word,6/8 - INSIDE,6/8 - INSIDE,6/8 - INSIDE,6/8 - INSIDE,True,6/8 - INSIDE,6/8 - INSIDE,6/8 - INSIDE,6/8 - INSIDE,6/8 - INSIDE,6/8 - INSIDE,6/8 - INSIDE,True,6/8 - INSIDE,6/8 - INSIDE,True,6/8 - INSIDE,6/8 - INSIDE,True,True,0,0,0,0
1622,54.067,return,34,word,6/8 - INSIDE,6/8 - INSIDE,6/8 - INSIDE,6/8 - INSIDE,True,6/8 - INSIDE,6/8 - INSIDE,6/8 - INSIDE,6/8 - INSIDE,6/8 - INSIDE,6/8 - INSIDE,6/8 - INSIDE,True,6/8 - INSIDE,6/8 - INSIDE,True,6/8 - INSIDE,6/8 - INSIDE,True,True,0,0,0,0
1623,54.1,return,34,word,6/8 - INSIDE,6/8 - INSIDE,6/8 - INSIDE,6/8 - INSIDE,True,6/8 - INSIDE,6/8 - INSIDE,6/8 - INSIDE,6/8 - INSIDE,6/8 - INSIDE,6/8 - INSIDE,6/8 - INSIDE,True,6/8 - INSIDE,6/8 - INSIDE,True,6/8 - INSIDE,6/8 - INSIDE,True,True,0,0,0,0
1624,54.133,return,34,word,6/8 - INSIDE,6/8 - INSIDE,6/8 - INSIDE,6/8 - INSIDE,True,6/8 - INSIDE,6/8 - INSIDE,6/8 - INSIDE,6/8 - INSIDE,6/8 - INSIDE,6/8 - INSIDE,6/8 - INSIDE,True,6/8 - INSIDE,6/8 - INSIDE,True,6/8 - INSIDE,6/8 - INSIDE,True,True,0,0,0,0
1625,54.167,return,34,word,6/8 - INSIDE,6/8 - INSIDE,6/8 - INSIDE,6/8 - INSIDE,True,6/8 - INSIDE,6/8 - INSIDE,6/8 - INSIDE,6/8 - INSIDE,6/8 - INSIDE,6/8 - INSIDE,6/8 - INSIDE,True,6/8 - INSIDE,6/8 - INSIDE,True,6/8 - INSIDE,6/8 - INSIDE,True,True,0,0,0,0
1626,54.2,return,34,word,6/8 - INSIDE,6/8 - INSIDE,6/8 - INSIDE,6/8 - INSIDE,True,6/8 - INSIDE,6/8 - INSIDE,6/8 - INSIDE,6/8 - INSIDE,6/8 - INSIDE,6/8 - INSIDE,6/8 - INSIDE,True,6/8 - INSIDE,6/8 - INSIDE,True,6/8 - INSIDE,6/8 - INSIDE,True,True,0,0,0,0
1627,54.233,return,34,word,6/8 - INSIDE,6/8 - INSIDE,6/8 - INSIDE,6/8 - INSIDE,True,6/8 - INSIDE,6/8 - INSIDE,6/8 - INSIDE,6/8 - INSIDE,6/8 - INSIDE,6/8 - INSIDE,6/8 - INSIDE,True,6/8 - INSIDE,6/8 - INSIDE,True,6/8 - INSIDE,6/8 - INSIDE,True,True,0,0,0,0
1628,54.267,return,34,word,6/8 - INSIDE,6/8 - INSIDE,6/8 - INSIDE,6/8 - INSIDE,True,6/8 - INSIDE,6/8 - INSIDE,6/8 - INSIDE,6/8 - INSIDE,6/8 - INSIDE,6/8 - INSIDE,6/8 - INSIDE,True,6/8 - INSIDE,6/8 - INSIDE,True,6/8 - INSIDE,6/8 - INSIDE,True,True,0,0,0,0
1629,54.3,return,34,word,6/8 - INSIDE,6/8 - INSIDE,6/8 - INSIDE,6/8 - INSIDE,True,6/8 - INSIDE,6/8 - INSIDE,6/8 - INSIDE,6/8 - INSIDE,6/8 - INSIDE,6/8 - INSIDE,6/8 - INSIDE,True,6/8 - INSIDE,6/8 - INSIDE,True,6/8 - INSIDE,6/8 - INSIDE,True,True,0,0,0,0
1630,54.333,return,34,word,6/8 - INSIDE,6/8 - INSIDE,6/8 - INSIDE,6/8 - INSIDE,True,6/8 - INSIDE,6/8 - INSIDE,6/8 - INSIDE,6/8 - INSIDE,6/8 - INSIDE,6/8 - INSIDE,6/8 - INSIDE,True,6/8 - INSIDE,6/8 - INSIDE,True,6/8 - INSIDE,6/8 - INSIDE,True,True,0,0,0,0
1631,54.367,return,34,word,6/8 - INSIDE,6/8 - INSIDE,6/8 - INSIDE,6/8 - INSIDE,True,6/8 - INSIDE,6/8 - INSIDE,6/8 - INSIDE,6/8 - INSIDE,6/8 - INSIDE,6/8 - INSIDE,6/8 - INSIDE,True,6/8 - INSIDE,6/8 - INSIDE,True,6/8 - INSIDE,6/8 - INSIDE,True,True,0,0,0,0
1632,54.4,return,34,word,6/8 - INSIDE,6/8 - INSIDE,6/8 - INSIDE,6/8 - INSIDE,True,6/8 - INSIDE,6/8 - INSIDE,6/8 - INSIDE,6/8 - INSIDE,6/8 - INSIDE,6/8 - INSIDE,6/8 - INSIDE,True,6/8 - INSIDE,6/8 - INSIDE,True,6/8 - INSIDE,6/8 - INSIDE,True,True,0,0,0,0
1633,54.433,return,34,word,6/8 - INSIDE,6/8 - INSIDE,6/8 - INSIDE,6/8 - INSIDE,True,6/8 - INSIDE,6/8 - INSIDE,6/8 - INSIDE,6/8 - INSIDE,6/8 - INSIDE,6/8 - INSIDE,6/8 - INSIDE,True,6/8 - INSIDE,6/8 - INSIDE,True,6/8 - INSIDE,6/8 - INSIDE,True,True,0,0,0,0
1634,54.467,return,34,word,6/8 - INSIDE,6/8 - INSIDE,6/8 - INSIDE,6/8 - INSIDE,True,6/8 - INSIDE,6/8 - INSIDE,6/8 - INSIDE,6/8 - INSIDE,6/8 - INSIDE,6/8 - INSIDE,6/8 - INSIDE,True,6/8 - INSIDE,6/8 - INSIDE,True,6/8 - INSIDE,6/8 - INSIDE,True,True,0,0,0,0
1635,54.5,return,34,word,6/8 - INSIDE,6/8 - INSIDE,6/8 - INSIDE,6/8 - INSIDE,True,6/8 - INSIDE,6/8 - INSIDE,6/8 - INSIDE,6/8 - INSIDE,6/8 - INSIDE,6/8 - INSIDE,6/8 - INSIDE,True,6/8 - INSIDE,6/8 - INSIDE,True,6/8 - INSIDE,6/8 - INSIDE,True,True,0,0,0,0
1636,54.533,return,34,word,6/8 - INSIDE,6/8 - INSIDE,6/8 - INSIDE,6/8 - INSIDE,True,6/8 - INSIDE,6/8 - INSIDE,6/8 - INSIDE,6/8 - INSIDE,6/8 - INSIDE,6/8 - INSIDE,6/8 - INSIDE,True,6/8 - INSIDE,6/8 - INSIDE,True,6/8 - INSIDE,6/8 - INSIDE,True,True,0,0,0,0
1637,54.567,return,34,word,6/8 - INSIDE,6/8 - INSIDE,6/8 - INSIDE,6/8 - INSIDE,True,6/8 - INSIDE,6/8 - INSIDE,6/8 - INSIDE,6/8 - INSIDE,6/8 - INSIDE,6/8 - INSIDE,6/8 - INSIDE,True,6/8 - INSIDE,6/8 - INSIDE,True,6/8 - INSIDE,6/8 - INSIDE,True,True,0,0,0,0
1638,54.6,return,34,word,6/8 - INSIDE,6/8 - INSIDE,6/8 - INSIDE,6/8 - INSIDE,True,6/8 - INSIDE,6/8 - INSIDE,6/8 - INSIDE,6/8 - INSIDE,6/8 - INSIDE,6/8 - INSIDE,6/8 - INSIDE,True,6/8 - INSIDE,6/8 - INSIDE,True,6/8 - INSIDE,6/8 - INSIDE,True,True,0,0,0,0
1639,54.633,return,34,word,6/8 - INSIDE,6/8 - INSIDE,6/8 - INSIDE,6/8 - INSIDE,True,6/8 - INSIDE,6/8 - INSIDE,6/8 - INSIDE,6/8 - INSIDE,6/8 - INSIDE,6/8 - INSIDE,6/8 - INSIDE,True,6/8 - INSIDE,6/8 - INSIDE,True,6/8 - INSIDE,6/8 - INSIDE,True,True,0,0,0,0
1640,54.667,return,34,word,6/8 - INSIDE,6/8 - INSIDE,6/8 - INSIDE,6/8 - INSIDE,True,6/8 - INSIDE,6/8 - INSIDE,6/8 - INSIDE,6/8 - INSIDE,6/8 - INSIDE,6/8 - INSIDE,6/8 - INSIDE,True,6/8 - INSIDE,6/8 - INSIDE,True,6/8 - INSIDE,6/8 - INSIDE,True,True,0,0,0,0
1641,54.7,return,34,word,6/8 - INSIDE,6/8 - INSIDE,6/8 - INSIDE,6/8 - INSIDE,True,6/8 - INSIDE,6/8 - INSIDE,6/8 - INSIDE,6/8 - INSIDE,6/8 - INSIDE,6/8 - INSIDE,6/8 - INSIDE,True,6/8 - INSIDE,6/8 - INSIDE,True,6/8 - INSIDE,6/8 - INSIDE,True,True,0,0,0,0
1642,54.733,return,34,word,6/8 - INSIDE,6/8 - INSIDE,6/8 - INSIDE,6/8 - INSIDE,True,6/8 - INSIDE,6/8 - INSIDE,6/8 - INSIDE,6/8 - INSIDE,6/8 - INSIDE,6/8 - INSIDE,6/8 - INSIDE,True,6/8 - INSIDE,6/8 - INSIDE,True,6/8 - INSIDE,6/8 - INSIDE,True,True,0,0,0,0
1643,54.767,return,34,word,6/8 - INSIDE,6/8 - INSIDE,6/8 - INSIDE,6/8 - INSIDE,True,6/8 - INSIDE,6/8 - INSIDE,6/8 - INSIDE,6/8 - INSIDE,6/8 - INSIDE,6/8 - INSIDE,6/8 - INSIDE,True,6/8 - INSIDE,6/8 - INSIDE,True,6/8 - INSIDE,6/8 - INSIDE,True,True,0,0,0,0
1644,54.8,return,34,word,6/8 - INSIDE,6/8 - INSIDE,6/8 - INSIDE,6/8 - INSIDE,True,6/8 - INSIDE,6/8 - INSIDE,6/8 - INSIDE,6/8 - INSIDE,6/8 - INSIDE,6/8 - INSIDE,6/8 - INSIDE,True,6/8 - INSIDE,6/8 - INSIDE,True,6/8 - INSIDE,6/8 - INSIDE,True,True,0,0,0,0
1645,54.833,return,34,word,6/8 - INSIDE,6/8 - INSIDE,6/8 - INSIDE,6/8 - INSIDE,True,6/8 - INSIDE,6/8 - INSIDE,6/8 - INSIDE,6/8 - INSIDE,6/8 - INSIDE,6/8 - INSIDE,6/8 - INSIDE,True,6/8 - INSIDE,6/8 - INSIDE,True,6/8 - INSIDE,6/8 - INSIDE,True,True,0,0,0,0
1646,54.867,return,34,word,6/8 - INSIDE,6/8 - INSIDE,6/8 - INSIDE,6/8 - INSIDE,True,6/8 - INSIDE,6/8 - INSIDE,6/8 - INSIDE,6/8 - INSIDE,6/8 - INSIDE,6/8 - INSIDE,6/8 - INSIDE,True,6/8 - INSIDE,6/8 - INSIDE,True,6/8 - INSIDE,6/8 - INSIDE,True,True,0,0,0,0
1647,54.9,return,34,word,6/8 - INSIDE,6/8 - INSIDE,6/8 - INSIDE,6/8 - INSIDE,True,6/8 - INSIDE,6/8 - INSIDE,6/8 - INSIDE,6/8 - INSIDE,6/8 - INSIDE,6/8 - INSIDE,6/8 - INSIDE,True,6/8 - INSIDE,6/8 - INSIDE,True,6/8 - INSIDE,6/8 - INSIDE,True,True,0,0,0,0
1648,54.933,return,34,word,6/8 - INSIDE,6/8 - INSIDE,6/8 - INSIDE,6/8 - INSIDE,True,6/8 - INSIDE,6/8 - INSIDE,6/8 - INSIDE,6/8 - INSIDE,6/8 - INSIDE,6/8 - INSIDE,6/8 - INSIDE,True,6/8 - INSIDE,6/8 - INSIDE,True,6/8 - INSIDE,6/8 - INSIDE,True,True,0,0,0,0
1649,54.967,return,34,word,6/8 - INSIDE,6/8 - INSIDE,6/8 - INSIDE,6/8 - INSIDE,True,6/8 - INSIDE,6/8 - INSIDE,6/8 - INSIDE,6/8 - INSIDE,6/8 - INSIDE,6/8 - INSIDE,6/8 - INSIDE,True,6/8 - INSIDE,6/8 - INSIDE,True,6/8 - INSIDE,6/8 - INSIDE,True,True,0,0,0,0
1650,55.0,link,35,link,https://example.com,https://example.com,https://example.com,https://example.com,True,https://example.com,https://example.com,https://example.com,https://example.com,https://example.com,https://example.com,https://example.com,True,https://example.com,https://example.com,True,https://example.com,https://example.com,True,True,0,0,0,0
1651,55.033,link,35,link,https://example.com,https://example.com,https://example.com,https://example.com,True,https://example.com,https://example.com,https://example.com,https://example.com,https://example.com,https://example.com,https://example.com,True,https://example.com,https://example.com,True,https://example.com,https://example.com,True,True,0,0,0,0
1652,55.067,link,35,link,https://example.com,https://example.com,https://example.com,https://example.com,True,https://example.com,https://example.com,https://example.com,https://example.com,https://example.com,https://example.com,https://example.com,True,https://example.com,https://example.com,True,https://example.com,https://example.com,True,True,0,0,0,0
1653,55.1,link,35,link,https://example.com,https://example.com,https://example.com,https://example.com,True,https://example.com,https://example.com,https://example.com,https://example.com,https://example.com,https://example.com,https://example.com,True,https://example.com,https://example.com,True,https://example.com,https://example.com,True,True,0,0,0,0
1654,55.133,link,35,link,https://example.com,https://example.com,https://example.com,https://example.com,True,https://example.com,https://example.com,https://example.com,https://example.com,https://example.com,https://example.com,https://example.com,True,https://example.com,https://example.com,True,https://example.com,https://example.com,True,True,0,0,0,0
1655,55.167,link,35,link,https://example.com,https://example.com,https://example.com,https://example.com,True,https://example.com,https://example.com,https://example.com,https://example.com,https://example.com,https://example.com,https://example.com,True,https://example.com,https://example.com,True,https://example.com,https://example.com,True,True,0,0,0,0
1656,55.2,link,35,link,https://example.com,https://example.com,https://example.com,https://example.com,True,https://example.com,https://example.com,https://example.com,https://example.com,https://example.com,https://example.com,https://example.com,True,https://example.com,https://example.com,True,https://example.com,https://example.com,True,True,0,0,0,0
1657,55.233,link,35,link,https://example.com,https://example.com,https://example.com,https://example.com,True,https://example.com,https://example.com,https://example.com,https://example.com,https://example.com,https://example.com,https://example.com,True,https://example.com,https://example.com,True,https://example.com,https://example.com,True,True,0,0,0,0
1658,55.267,link,35,link,https://example.com,https://example.com,https://example.com,https://example.com,True,https://example.com,https://example.com,https://example.com,https://example.com,https://example.com,https://example.com,https://example.com,True,https://example.com,https://example.com,True,https://example.com,https://example.com,True,True,0,0,0,0
1659,55.3,link,35,link,https://example.com,https://example.com,https://example.com,https://example.com,True,https://example.com,https://example.com,https://example.com,https://example.com,https://example.com,https://example.com,https://example.com,True,https://example.com,https://example.com,True,https://example.com,https://example.com,True,True,0,0,0,0
1660,55.333,link,35,link,https://example.com,https://example.com,https://example.com,https://example.com,True,https://example.com,https://example.com,https://example.com,https://example.com,https://example.com,https://example.com,https://example.com,True,https://example.com,https://example.com,True,https://example.com,https://example.com,True,True,0,0,0,0
1661,55.367,link,35,link,https://example.com,https://example.com,https://example.com,https://example.com,True,https://example.com,https://example.com,https://example.com,https://example.com,https://example.com,https://example.com,https://example.com,True,https://example.com,https://example.com,True,https://example.com,https://example.com,True,True,0,0,0,0
1662,55.4,link,35,link,https://example.com,https://example.com,https://example.com,https://example.com,True,https://example.com,https://example.com,https://example.com,https://example.com,https://example.com,https://example.com,https://example.com,True,https://example.com,https://example.com,True,https://example.com,https://example.com,True,True,0,0,0,0
1663,55.433,link,35,link,https://example.com,https://example.com,https://example.com,https://example.com,True,https://example.com,https://example.com,https://example.com,https://example.com,https://example.com,https://example.com,https://example.com,True,https://example.com,https://example.com,True,https://example.com,https://example.com,True,True,0,0,0,0
1664,55.467,link,35,link,https://example.com,https://example.com,https://example.com,https://example.com,True,https://example.com,https://example.com,https://example.com,https://example.com,https://example.com,https://example.com,https://example.com,True,https://example.com,https://example.com,True,https://example.com,https://example.com,True,True,0,0,0,0
1665,55.5,link,35,link,https://example.com,https://example.com,https://example.com,https://example.com,True,https://example.com,https://example.com,https://example.com,https://example.com,https://example.com,https://example.com,https://example.com,True,https://example.com,https://example.com,True,https://example.com,https://example.com,True,True,0,0,0,0
1666,55.533,link,35,link,https://example.com,https://example.com,https://example.com,https://example.com,True,https://example.com,https://example.com,https://example.com,https://example.com,https://example.com,https://example.com,https://example.com,True,https://example.com,https://example.com,True,https://example.com,https://example.com,True,True,0,0,0,0
1667,55.567,link,35,link,https://example.com,https://example.com,https://example.com,https://example.com,True,https://example.com,https://example.com,https://example.com,https://example.com,https://example.com,https://example.com,https://example.com,True,https://example.com,https://example.com,True,https://example.com,https://example.com,True,True,0,0,0,0
1668,55.6,link,35,link,https://example.com,https://example.com,https://example.com,https://example.com,True,https://example.com,https://example.com,https://example.com,https://example.com,https://example.com,https://example.com,https://example.com,True,https://example.com,https://example.com,True,https://example.com,https://example.com,True,True,0,0,0,0
1669,55.633,link,35,link,https://example.com,https://example.com,https://example.com,https://example.com,True,https://example.com,https://example.com,https://example.com,https://example.com,https://example.com,https://example.com,https://example.com,True,https://example.com,https://example.com,True,https://example.com,https://example.com,True,True,0,0,0,0
1670,55.667,link,35,link,https://example.com,https://example.com,https://example.com,https://example.com,True,https://example.com,https://example.com,https://example.com,https://example.com,https://example.com,https://example.com,https://example.com,True,https://example.com,https://example.com,True,https://example.com,https://example.com,True,True,0,0,0,0
1671,55.7,link,35,link,https://example.com,https://example.com,https://example.com,https://example.com,True,https://example.com,https://example.com,https://example.com,https://example.com,https://example.com,https://example.com,https://example.com,True,https://example.com,https://example.com,True,https://example.com,https://example.com,True,True,0,0,0,0
1672,55.733,link,35,link,https://example.com,https://example.com,https://example.com,https://example.com,True,https://example.com,https://example.com,https://example.com,https://example.com,https://example.com,https://example.com,https://example.com,True,https://example.com,https://example.com,True,https://example.com,https://example.com,True,True,0,0,0,0
1673,55.767,link,35,link,https://example.com,https://example.com,https://example.com,https://example.com,True,https://example.com,https://example.com,https://example.com,https://example.com,https://example.com,https://example.com,https://example.com,True,https://example.com,https://example.com,True,https://example.com,https://example.com,True,True,0,0,0,0
1674,55.8,link,35,link,https://example.com,https://example.com,https://example.com,https://example.com,True,https://example.com,https://example.com,https://example.com,https://example.com,https://example.com,https://example.com,https://example.com,True,https://example.com,https://example.com,True,https://example.com,https://example.com,True,True,0,0,0,0
1675,55.833,link,35,link,https://example.com,https://example.com,https://example.com,https://example.com,True,https://example.com,https://example.com,https://example.com,https://example.com,https://example.com,https://example.com,https://example.com,True,https://example.com,https://example.com,True,https://example.com,https://example.com,True,True,0,0,0,0
1676,55.867,link,35,link,https://example.com,https://example.com,https://example.com,https://example.com,True,https://example.com,https://example.com,https://example.com,https://example.com,https://example.com,https://example.com,https://example.com,True,https://example.com,https://example.com,True,https://example.com,https://example.com,True,True,0,0,0,0
1677,55.9,link,35,link,https://example.com,https://example.com,https://example.com,https://example.com,True,https://example.com,https://example.com,https://example.com,https://example.com,https://example.com,https://example.com,https://example.com,True,https://example.com,https://example.com,True,https://example.com,https://example.com,True,True,0,0,0,0
1678,55.933,link,35,link,https://example.com,https://example.com,https://example.com,https://example.com,True,https://example.com,https://example.com,https://example.com,https://example.com,https://example.com,https://example.com,https://example.com,True,https://example.com,https://example.com,True,https://example.com,https://example.com,True,True,0,0,0,0
1679,55.967,link,35,link,https://example.com,https://example.com,https://example.com,https://example.com,True,https://example.com,https://example.com,https://example.com,https://example.com,https://example.com,https://example.com,https://example.com,True,https://example.com,https://example.com,True,https://example.com,https://example.com,True,True,0,0,0,0
1680,56.0,link,35,link,https://example.com,https://example.com,https://example.com,https://example.com,True,https://example.com,https://example.com,https://example.com,https://example.com,https://example.com,https://example.com,https://example.com,True,https://example.com,https://example.com,True,https://example.com,https://example.com,True,True,0,0,0,0
1681,56.033,link,35,link,https://example.com,https://example.com,https://example.com,https://example.com,True,https://example.com,https://example.com,https://example.com,https://example.com,https://example.com,https://example.com,https://example.com,True,https://example.com,https://example.com,True,https://example.com,https://example.com,True,True,0,0,0,0
1682,56.067,link,35,link,https://example.com,https://example.com,https://example.com,https://example.com,True,https://example.com,https://example.com,https://example.com,https://example.com,https://example.com,https://example.com,https://example.com,True,https://example.com,https://example.com,True,https://example.com,https://example.com,True,True,0,0,0,0
1683,56.1,link,35,link,https://example.com,https://example.com,https://example.com,https://example.com,True,https://example.com,https://example.com,https://example.com,https://example.com,https://example.com,https://example.com,https://example.com,True,https://example.com,https://example.com,True,https://example.com,https://example.com,True,True,0,0,0,0
1684,56.133,link,35,link,https://example.com,https://example.com,https://example.com,https://example.com,True,https://example.com,https://example.com,https://example.com,https://example.com,https://example.com,https://example.com,https://example.com,True,https://example.com,https://example.com,True,https://example.com,https://example.com,True,True,0,0,0,0
1685,56.167,link,35,link,https://example.com,https://example.com,https://example.com,https://example.com,True,https://example.com,https://example.com,https://example.com,https://example.com,https://example.com,https://example.com,https://example.com,True,https://example.com,https://example.com,True,https://example.com,https://example.com,True,True,0,0,0,0
1686,56.2,link,35,link,https://example.com,https://example.com,https://example.com,https://example.com,True,https://example.com,https://example.com,https://example.com,https://example.com,https://example.com,https://example.com,https://example.com,True,https://example.com,https://example.com,True,https://example.com,https://example.com,True,True,0,0,0,0
1687,56.233,link,35,link,https://example.com,https://example.com,https://example.com,https://example.com,True,https://example.com,https://example.com,https://example.com,https://example.com,https://example.com,https://example.com,https://example.com,True,https://example.com,https://example.com,True,https://example.com,https://example.com,True,True,0,0,0,0
1688,56.267,link,35,link,https://example.com,https://example.com,https://example.com,https://example.com,True,https://example.com,https://example.com,https://example.com,https://example.com,https://example.com,https://example.com,https://example.com,True,https://example.com,https://example.com,True,https://example.com,https://example.com,True,True,0,0,0,0
1689,56.3,link,35,link,https://example.com,https://example.com,https://example.com,https://example.com,True,https://example.com,https://example.com,https://example.com,https://example.com,https://example.com,https://example.com,https://example.com,True,https://example.com,https://example.com,True,https://example.com,https://example.com,True,True,0,0,0,0
1690,56.333,link,35,link,https://example.com,https://example.com,https://example.com,https://example.com,True,https://example.com,https://example.com,https://example.com,https://example.com,https://example.com,https://example.com,https://example.com,True,https://example.com,https://example.com,True,https://example.com,https://example.com,True,True,0,0,0,0
1691,56.367,link,35,link,https://example.com,https://example.com,https://example.com,https://example.com,True,https://example.com,https://example.com,https://example.com,https://example.com,https://example.com,https://example.com,https://example.com,True,https://example.com,https://example.com,True,https://example.com,https://example.com,True,True,0,0,0,0
1692,56.4,link,35,link,https://example.com,https://example.com,https://example.com,https://example.com,True,https://example.com,https://example.com,https://example.com,https://example.com,https://example.com,https://example.com,https://example.com,True,https://example.com,https://example.com,True,https://example.com,https://example.com,True,True,0,0,0,0
1693,56.433,link,35,link,https://example.com,https://example.com,https://example.com,https://example.com,True,https://example.com,https://example.com,https://example.com,https://example.com,https://example.com,https://example.com,https://example.com,True,https://example.com,https://example.com,True,https://example.com,https://example.com,True,True,0,0,0,0
1694,56.467,link,35,link,https://example.com,https://example.com,https://example.com,https://example.com,True,https://example.com,https://example.com,https://example.com,https://example.com,https://example.com,https://example.com,https://example.com,True,https://example.com,https://example.com,True,https://example.com,https://example.com,True,True,0,0,0,0
1695,56.5,link,35,link,https://example.com,https://example.com,https://example.com,https://example.com,True,https://example.com,https://example.com,https://example.com,https://example.com,https://example.com,https://example.com,https://example.com,True,https://example.com,https://example.com,True,https://example.com,https://example.com,True,True,0,0,0,0
1696,56.533,link,35,link,https://example.com,https://example.com,https://example.com,https://example.com,True,https://example.com,https://example.com,https://example.com,https://example.com,https://example.com,https://example.com,https://example.com,True,https://example.com,https://example.com,True,https://example.com,https://example.com,True,True,0,0,0,0
1697,56.567,link,35,link,https://example.com,https://example.com,https://example.com,https://example.com,True,https://example.com,https://example.com,https://example.com,https://example.com,https://example.com,https://example.com,https://example.com,True,https://example.com,https://example.com,True,https://example.com,https://example.com,True,True,0,0,0,0
1698,56.6,link,35,link,https://example.com,https://example.com,https://example.com,https://example.com,True,https://example.com,https://example.com,https://example.com,https://example.com,https://example.com,https://example.com,https://example.com,True,https://example.com,https://example.com,True,https://example.com,https://example.com,True,True,0,0,0,0
1699,56.633,link,35,link,https://example.com,https://example.com,https://example.com,https://example.com,True,https://example.com,https://example.com,https://example.com,https://example.com,https://example.com,https://example.com,https://example.com,True,https://example.com,https://example.com,True,https://example.com,https://example.com,True,True,0,0,0,0
1700,56.667,link,35,link,https://example.com,https://example.com,https://example.com,https://example.com,True,https://example.com,https://example.com,https://example.com,https://example.com,https://example.com,https://example.com,https://example.com,True,https://example.com,https://example.com,True,https://example.com,https://example.com,True,True,0,0,0,0
1701,56.7,link,35,link,https://example.com,https://example.com,https://example.com,https://example.com,True,https://example.com,https://example.com,https://example.com,https://example.com,https://example.com,https://example.com,https://example.com,True,https://example.com,https://example.com,True,https://example.com,https://example.com,True,True,0,0,0,0
1702,56.733,link,35,link,https://example.com,https://example.com,https://example.com,https://example.com,True,https://example.com,https://example.com,https://example.com,https://example.com,https://example.com,https://example.com,https://example.com,True,https://example.com,https://example.com,True,https://example.com,https://example.com,True,True,0,0,0,0
1703,56.767,link,35,link,https://example.com,https://example.com,https://example.com,https://example.com,True,https://example.com,https://example.com,https://example.com,https://example.com,https://example.com,https://example.com,https://example.com,True,https://example.com,https://example.com,True,https://example.com,https://example.com,True,True,0,0,0,0
1704,56.8,link,35,link,https://example.com,https://example.com,https://example.com,https://example.com,True,https://example.com,https://example.com,https://example.com,https://example.com,https://example.com,https://example.com,https://example.com,True,https://example.com,https://example.com,True,https://example.com,https://example.com,True,True,0,0,0,0
1705,56.833,link,35,link,https://example.com,https://example.com,https://example.com,https://example.com,True,https://example.com,https://example.com,https://example.com,https://example.com,https://example.com,https://example.com,https://example.com,True,https://example.com,https://example.com,True,https://example.com,https://example.com,True,True,0,0,0,0
1706,56.867,link,35,link,https://example.com,https://example.com,https://example.com,https://example.com,True,https://example.com,https://example.com,https://example.com,https://example.com,https://example.com,https://example.com,https://example.com,True,https://example.com,https://example.com,True,https://example.com,https://example.com,True,True,0,0,0,0
1707,56.9,link,35,link,https://example.com,https://example.com,https://example.com,https://example.com,True,https://example.com,https://example.com,https://example.com,https://example.com,https://example.com,https://example.com,https://example.com,True,https://example.com,https://example.com,True,https://example.com,https://example.com,True,True,0,0,0,0
1708,56.933,link,35,link,https://example.com,https://example.com,https://example.com,https://example.com,True,https://example.com,https://example.com,https://example.com,https://example.com,https://example.com,https://example.com,https://example.com,True,https://example.com,https://example.com,True,https://example.com,https://example.com,True,True,0,0,0,0
1709,56.967,link,35,link,https://example.com,https://example.com,https://example.com,https://example.com,True,https://example.com,https://example.com,https://example.com,https://example.com,https://example.com,https://example.com,https://example.com,True,https://example.com,https://example.com,True,https://example.com,https://example.com,True,True,0,0,0,0
1710,57.0,link,35,link,https://example.com,https://example.com,https://example.com,https://example.com,True,https://example.com,https://example.com,https://example.com,https://example.com,https://example.com,https://example.com,https://example.com,True,https://example.com,https://example.com,True,https://example.com,https://example.com,True,True,0,0,0,0
1711,57.033,link,35,link,https://example.com,https://example.com,https://example.com,https://example.com,True,https://example.com,https://example.com,https://example.com,https://example.com,https://example.com,https://example.com,https://example.com,True,https://example.com,https://example.com,True,https://example.com,https://example.com,True,True,0,0,0,0
1712,57.067,link,35,link,https://example.com,https://example.com,https://example.com,https://example.com,True,https://example.com,https://example.com,https://example.com,https://example.com,https://example.com,https://example.com,https://example.com,True,https://example.com,https://example.com,True,https://example.com,https://example.com,True,True,0,0,0,0
1713,57.1,link,35,link,https://example.com,https://example.com,https://example.com,https://example.com,True,https://example.com,https://example.com,https://example.com,https://example.com,https://example.com,https://example.com,https://example.com,True,https://example.com,https://example.com,True,https://example.com,https://example.com,True,True,0,0,0,0
1714,57.133,link,35,link,https://example.com,https://example.com,https://example.com,https://example.com,True,https://example.com,https://example.com,https://example.com,https://example.com,https://example.com,https://example.com,https://example.com,True,https://example.com,https://example.com,True,https://example.com,https://example.com,True,True,0,0,0,0
1715,57.167,link,35,link,https://example.com,https://example.com,https://example.com,https://example.com,True,https://example.com,https://example.com,https://example.com,https://example.com,https://example.com,https://example.com,https://example.com,True,https://example.com,https://example.com,True,https://example.com,https://example.com,True,True,0,0,0,0
1716,57.2,link,35,link,https://example.com,https://example.com,https://example.com,https://example.com,True,https://example.com,https://example.com,https://example.com,https://example.com,https://example.com,https://example.com,https://example.com,True,https://example.com,https://example.com,True,https://example.com,https://example.com,True,True,0,0,0,0
1717,57.233,link,35,link,https://example.com,https://example.com,https://example.com,https://example.com,True,https://example.com,https://example.com,https://example.com,https://example.com,https://example.com,https://example.com,https://example.com,True,https://example.com,https://example.com,True,https://example.com,https://example.com,True,True,0,0,0,0
1718,57.267,link,35,link,https://example.com,https://example.com,https://example.com,https://example.com,True,https://example.com,https://example.com,https://example.com,https://example.com,https://example.com,https://example.com,https://example.com,True,https://example.com,https://example.com,True,https://example.com,https://example.com,True,True,0,0,0,0
1719,57.3,link,35,link,https://example.com,https://example.com,https://example.com,https://example.com,True,https://example.com,https://example.com,https://example.com,https://example.com,https://example.com,https://example.com,https://example.com,True,https://example.com,https://example.com,True,https://example.com,https://example.com,True,True,0,0,0,0
1720,57.333,link,35,link,https://example.com,https://example.com,https://example.com,https://example.com,True,https://example.com,https://example.com,https://example.com,https://example.com,https://example.com,https://example.com,https://example.com,True,https://example.com,https://example.com,True,https://example.com,https://example.com,True,True,0,0,0,0
1721,57.367,link,35,link,https://example.com,https://example.com,https://example.com,https://example.com,True,https://example.com,https://example.com,https://example.com,https://example.com,https://example.com,https://example.com,https://example.com,True,https://example.com,https://example.com,True,https://example.com,https://example.com,True,True,0,0,0,0
1722,57.4,link,35,link,https://example.com,https://example.com,https://example.com,https://example.com,True,https://example.com,https://example.com,https://example.com,https://example.com,https://example.com,https://example.com,https://example.com,True,https://example.com,https://example.com,True,https://example.com,https://example.com,True,True,0,0,0,0
1723,57.433,link,35,link,https://example.com,https://example.com,https://example.com,https://example.com,True,https://example.com,https://example.com,https://example.com,https://example.com,https://example.com,https://example.com,https://example.com,True,https://example.com,https://example.com,True,https://example.com,https://example.com,True,True,0,0,0,0
1724,57.467,link,35,link,https://example.com,https://example.com,https://example.com,https://example.com,True,https://example.com,https://example.com,https://example.com,https://example.com,https://example.com,https://example.com,https://example.com,True,https://example.com,https://example.com,True,https://example.com,https://example.com,True,True,0,0,0,0
1725,57.5,link,35,link,https://example.com,https://example.com,https://example.com,https://example.com,True,https://example.com,https://example.com,https://example.com,https://example.com,https://example.com,https://example.com,https://example.com,True,https://example.com,https://example.com,True,https://example.com,https://example.com,True,True,0,0,0,0
1726,57.533,link,35,link,https://example.com,https://example.com,https://example.com,https://example.com,True,https://example.com,https://example.com,https://example.com,https://example.com,https://example.com,https://example.com,https://example.com,True,https://example.com,https://example.com,True,https://example.com,https://example.com,True,True,0,0,0,0
1727,57.567,link,35,link,https://example.com,https://example.com,https://example.com,https://example.com,True,https://example.com,https://example.com,https://example.com,https://example.com,https://example.com,https://example.com,https://example.com,True,https://example.com,https://example.com,True,https://example.com,https://example.com,True,True,0,0,0,0
1728,57.6,link,35,link,https://example.com,https://example.com,https://example.com,https://example.com,True,https://example.com,https://example.com,https://example.com,https://example.com,https://example.com,https://example.com,https://example.com,True,https://example.com,https://example.com,True,https://example.com,https://example.com,True,True,0,0,0,0
1729,57.633,link,35,link,https://example.com,https://example.com,https://example.com,https://example.com,True,https://example.com,https://example.com,https://example.com,https://example.com,https://example.com,https://example.com,https://example.com,True,https://example.com,https://example.com,True,https://example.com,https://example.com,True,True,0,0,0,0
1730,57.667,link,35,link,https://example.com,https://example.com,https://example.com,https://example.com,True,https://example.com,https://example.com,https://example.com,https://example.com,https://example.com,https://example.com,https://example.com,True,https://example.com,https://example.com,True,https://example.com,https://example.com,True,True,0,0,0,0
1731,57.7,link,35,link,https://example.com,https://example.com,https://example.com,https://example.com,True,https://example.com,https://example.com,https://example.com,https://example.com,https://example.com,https://example.com,https://example.com,True,https://example.com,https://example.com,True,https://example.com,https://example.com,True,True,0,0,0,0
1732,57.733,link,35,link,https://example.com,https://example.com,https://example.com,https://example.com,True,https://example.com,https://example.com,https://example.com,https://example.com,https://example.com,https://example.com,https://example.com,True,https://example.com,https://example.com,True,https://example.com,https://example.com,True,True,0,0,0,0
1733,57.767,link,35,link,https://example.com,https://example.com,https://example.com,https://example.com,True,https://example.com,https://example.com,https://example.com,https://example.com,https://example.com,https://example.com,https://example.com,True,https://example.com,https://example.com,True,https://example.com,https://example.com,True,True,0,0,0,0
1734,57.8,link,35,link,https://example.com,https://example.com,https://example.com,https://example.com,True,https://example.com,https://example.com,https://example.com,https://example.com,https://example.com,https://example.com,https://example.com,True,https://example.com,https://example.com,True,https://example.com,https://example.com,True,True,0,0,0,0
1735,57.833,link,35,link,https://example.com,https://example.com,https://example.com,https://example.com,True,https://example.com,https://example.com,https://example.com,https://example.com,https://example.com,https://example.com,https://example.com,True,https://example.com,https://example.com,True,https://example.com,https://example.com,True,True,0,0,0,0
1736,57.867,link,35,link,https://example.com,https://example.com,https://example.com,https://example.com,True,https://example.com,https://example.com,https://example.com,https://example.com,https://example.com,https://example.com,https://example.com,True,https://example.com,https://example.com,True,https://example.com,https://example.com,True,True,0,0,0,0
1737,57.9,link,35,link,https://example.com,https://example.com,https://example.com,https://example.com,True,https://example.com,https://example.com,https://example.com,https://example.com,https://example.com,https://example.com,https://example.com,True,https://example.com,https://example.com,True,https://example.com,https://example.com,True,True,0,0,0,0
1738,57.933,link,35,link,https://example.com,https://example.com,https://example.com,https://example.com,True,https://example.com,https://example.com,https://example.com,https://example.com,https://example.com,https://example.com,https://example.com,True,https://example.com,https://example.com,True,https://example.com,https://example.com,True,True,0,0,0,0
1739,57.967,link,35,link,https://example.com,https://example.com,https://example.com,https://example.com,True,https://example.com,https://example.com,https://example.com,https://example.com,https://example.com,https://example.com,https://example.com,True,https://example.com,https://example.com,True,https://example.com,https://example.com,True,True,0,0,0,0
1740,58.0,link,35,link,https://example.com,https://example.com,https://example.com,https://example.com,True,https://example.com,https://example.com,https://example.com,https://example.com,https://example.com,https://example.com,https://example.com,True,https://example.com,https://example.com,True,https://example.com,https://example.com,True,True,0,0,0,0
1741,58.033,link,35,link,https://example.com,https://example.com,https://example.com,https://example.com,True,https://example.com,https://example.com,https://example.com,https://example.com,https://example.com,https://example.com,https://example.com,True,https://example.com,https://example.com,True,https://example.com,https://example.com,True,True,0,0,0,0
1742,58.067,link,35,link,https://example.com,https://example.com,https://example.com,https://example.com,True,https://example.com,https://example.com,https://example.com,https://example.com,https://example.com,https://example.com,https://example.com,True,https://example.com,https://example.com,True,https://example.com,https://example.com,True,True,0,0,0,0
1743,58.1,link,35,link,https://example.com,https://example.com,https://example.com,https://example.com,True,https://example.com,https://example.com,https://example.com,https://example.com,https://example.com,https://example.com,https://example.com,True,https://example.com,https://example.com,True,https://example.com,https://example.com,True,True,0,0,0,0
1744,58.133,link,35,link,https://example.com,https://example.com,https://example.com,https://example.com,True,https://example.com,https://example.com,https://example.com,https://example.com,https://example.com,https://example.com,https://example.com,True,https://example.com,https://example.com,True,https://example.com,https://example.com,True,True,0,0,0,0
1745,58.167,link,35,link,https://example.com,https://example.com,https://example.com,https://example.com,True,https://example.com,https://example.com,https://example.com,https://example.com,https://example.com,https://example.com,https://example.com,True,https://example.com,https://example.com,True,https://example.com,https://example.com,True,True,0,0,0,0
1746,58.2,link,35,link,https://example.com,https://example.com,https://example.com,https://example.com,True,https://example.com,https://example.com,https://example.com,https://example.com,https://example.com,https://example.com,https://example.com,True,https://example.com,https://example.com,True,https://example.com,https://example.com,True,True,0,0,0,0
1747,58.233,link,35,link,https://example.com,https://example.com,https://example.com,https://example.com,True,https://example.com,https://example.com,https://example.com,https://example.com,https://example.com,https://example.com,https://example.com,True,https://example.com,https://example.com,True,https://example.com,https://example.com,True,True,0,0,0,0
1748,58.267,link,35,link,https://example.com,https://example.com,https://example.com,https://example.com,True,https://example.com,https://example.com,https://example.com,https://example.com,https://example.com,https://example.com,https://example.com,True,https://example.com,https://example.com,True,https://example.com,https://example.com,True,True,0,0,0,0
1749,58.3,link,35,link,https://example.com,https://example.com,https://example.com,https://example.com,True,https://example.com,https://example.com,https://example.com,https://example.com,https://example.com,https://example.com,https://example.com,True,https://example.com,https://example.com,True,https://example.com,https://example.com,True,True,0,0,0,0
1750,58.333,link,35,link,https://example.com,https://example.com,https://example.com,https://example.com,True,https://example.com,https://example.com,https://example.com,https://example.com,https://example.com,https://example.com,https://example.com,True,https://example.com,https://example.com,True,https://example.com,https://example.com,True,True,0,0,0,0
1751,58.367,link,35,link,https://example.com,https://example.com,https://example.com,https://example.com,True,https://example.com,https://example.com,https://example.com,https://example.com,https://example.com,https://example.com,https://example.com,True,https://example.com,https://example.com,True,https://example.com,https://example.com,True,True,0,0,0,0
1752,58.4,link,35,link,https://example.com,https://example.com,https://example.com,https://example.com,True,https://example.com,https://example.com,https://example.com,https://example.com,https://example.com,https://example.com,https://example.com,True,https://example.com,https://example.com,True,https://example.com,https://example.com,True,True,0,0,0,0
1753,58.433,link,35,link,https://example.com,https://example.com,https://example.com,https://example.com,True,https://example.com,https://example.com,https://example.com,https://example.com,https://example.com,https://example.com,https://example.com,True,https://example.com,https://example.com,True,https://example.com,https://example.com,True,True,0,0,0,0
1754,58.467,link,35,link,https://example.com,https://example.com,https://example.com,https://example.com,True,https://example.com,https://example.com,https://example.com,https://example.com,https://example.com,https://example.com,https://example.com,True,https://example.com,https://example.com,True,https://example.com,https://example.com,True,True,0,0,0,0
1755,58.5,link,35,link,https://example.com,https://example.com,https://example.com,https://example.com,True,https://example.com,https://example.com,https://example.com,https://example.com,https://example.com,https://example.com,https://example.com,True,https://example.com,https://example.com,True,https://example.com,https://example.com,True,True,0,0,0,0
1756,58.533,link,35,link,https://example.com,https://example.com,https://example.com,https://example.com,True,https://example.com,https://example.com,https://example.com,https://example.com,https://example.com,https://example.com,https://example.com,True,https://example.com,https://example.com,True,https://example.com,https://example.com,True,True,0,0,0,0
1757,58.567,link,35,link,https://example.com,https://example.com,https://example.com,https://example.com,True,https://example.com,https://example.com,https://example.com,https://example.com,https://example.com,https://example.com,https://example.com,True,https://example.com,https://example.com,True,https://example.com,https://example.com,True,True,0,0,0,0
1758,58.6,link,35,link,https://example.com,https://example.com,https://example.com,https://example.com,True,https://example.com,https://example.com,https://example.com,https://example.com,https://example.com,https://example.com,https://example.com,True,https://example.com,https://example.com,True,https://example.com,https://example.com,True,True,0,0,0,0
1759,58.633,link,35,link,https://example.com,https://example.com,https://example.com,https://example.com,True,https://example.com,https://example.com,https://example.com,https://example.com,https://example.com,https://example.com,https://example.com,True,https://example.com,https://example.com,True,https://example.com,https://example.com,True,True,0,0,0,0
1760,58.667,link,35,link,https://example.com,https://example.com,https://example.com,https://example.com,True,https://example.com,https://example.com,https://example.com,https://example.com,https://example.com,https://example.com,https://example.com,True,https://example.com,https://example.com,True,https://example.com,https://example.com,True,True,0,0,0,0
1761,58.7,link,35,link,https://example.com,https://example.com,https://example.com,https://example.com,True,https://example.com,https://example.com,https://example.com,https://example.com,https://example.com,https://example.com,https://example.com,True,https://example.com,https://example.com,True,https://example.com,https://example.com,True,True,0,0,0,0
1762,58.733,link,35,link,https://example.com,https://example.com,https://example.com,https://example.com,True,https://example.com,https://example.com,https://example.com,https://example.com,https://example.com,https://example.com,https://example.com,True,https://example.com,https://example.com,True,https://example.com,https://example.com,True,True,0,0,0,0
1763,58.767,link,35,link,https://example.com,https://example.com,https://example.com,https://example.com,True,https://example.com,https://example.com,https://example.com,https://example.com,https://example.com,https://example.com,https://example.com,True,https://example.com,https://example.com,True,https://example.com,https://example.com,True,True,0,0,0,0
1764,58.8,link,35,link,https://example.com,https://example.com,https://example.com,https://example.com,True,https://example.com,https://example.com,https://example.com,https://example.com,https://example.com,https://example.com,https://example.com,True,https://example.com,https://example.com,True,https://example.com,https://example.com,True,True,0,0,0,0
1765,58.833,link,35,link,https://example.com,https://example.com,https://example.com,https://example.com,True,https://example.com,https://example.com,https://example.com,https://example.com,https://example.com,https://example.com,https://example.com,True,https://example.com,https://example.com,True,https://example.com,https://example.com,True,True,0,0,0,0
1766,58.867,link,35,link,https://example.com,https://example.com,https://example.com,https://example.com,True,https://example.com,https://example.com,https://example.com,https://example.com,https://example.com,https://example.com,https://example.com,True,https://example.com,https://example.com,True,https://example.com,https://example.com,True,True,0,0,0,0
1767,58.9,link,35,link,https://example.com,https://example.com,https://example.com,https://example.com,True,https://example.com,https://example.com,https://example.com,https://example.com,https://example.com,https://example.com,https://example.com,True,https://example.com,https://example.com,True,https://example.com,https://example.com,True,True,0,0,0,0
1768,58.933,link,35,link,https://example.com,https://example.com,https://example.com,https://example.com,True,https://example.com,https://example.com,https://example.com,https://example.com,https://example.com,https://example.com,https://example.com,True,https://example.com,https://example.com,True,https://example.com,https://example.com,True,True,0,0,0,0
1769,58.967,link,35,link,https://example.com,https://example.com,https://example.com,https://example.com,True,https://example.com,https://example.com,https://example.com,https://example.com,https://example.com,https://example.com,https://example.com,True,https://example.com,https://example.com,True,https://example.com,https://example.com,True,True,0,0,0,0
1770,59.0,link,35,link,https://example.com,https://example.com,https://example.com,https://example.com,True,https://example.com,https://example.com,https://example.com,https://example.com,https://example.com,https://example.com,https://example.com,True,https://example.com,https://example.com,True,https://example.com,https://example.com,True,True,0,0,0,0
1771,59.033,link,35,link,https://example.com,https://example.com,https://example.com,https://example.com,True,https://example.com,https://example.com,https://example.com,https://example.com,https://example.com,https://example.com,https://example.com,True,https://example.com,https://example.com,True,https://example.com,https://example.com,True,True,0,0,0,0
1772,59.067,link,35,link,https://example.com,https://example.com,https://example.com,https://example.com,True,https://example.com,https://example.com,https://example.com,https://example.com,https://example.com,https://example.com,https://example.com,True,https://example.com,https://example.com,True,https://example.com,https://example.com,True,True,0,0,0,0
1773,59.1,link,35,link,https://example.com,https://example.com,https://example.com,https://example.com,True,https://example.com,https://example.com,https://example.com,https://example.com,https://example.com,https://example.com,https://example.com,True,https://example.com,https://example.com,True,https://example.com,https://example.com,True,True,0,0,0,0
1774,59.133,link,35,link,https://example.com,https://example.com,https://example.com,https://example.com,True,https://example.com,https://example.com,https://example.com,https://example.com,https://example.com,https://example.com,https://example.com,True,https://example.com,https://example.com,True,https://example.com,https://example.com,True,True,0,0,0,0
1775,59.167,link,35,link,https://example.com,https://example.com,https://example.com,https://example.com,True,https://example.com,https://example.com,https://example.com,https://example.com,https://example.com,https://example.com,https://example.com,True,https://example.com,https://example.com,True,https://example.com,https://example.com,True,True,0,0,0,0
1776,59.2,link,35,link,https://example.com,https://example.com,https://example.com,https://example.com,True,https://example.com,https://example.com,https://example.com,https://example.com,https://example.com,https://example.com,https://example.com,True,https://example.com,https://example.com,True,https://example.com,https://example.com,True,True,0,0,0,0
1777,59.233,link,35,link,https://example.com,https://example.com,https://example.com,https://example.com,True,https://example.com,https://example.com,https://example.com,https://example.com,https://example.com,https://example.com,https://example.com,True,https://example.com,https://example.com,True,https://example.com,https://example.com,True,True,0,0,0,0
1778,59.267,link,35,link,https://example.com,https://example.com,https://example.com,https://example.com,True,https://example.com,https://example.com,https://example.com,https://example.com,https://example.com,https://example.com,https://example.com,True,https://example.com,https://example.com,True,https://example.com,https://example.com,True,True,0,0,0,0
1779,59.3,link,35,link,https://example.com,https://example.com,https://example.com,https://example.com,True,https://example.com,https://example.com,https://example.com,https://example.com,https://example.com,https://example.com,https://example.com,True,https://example.com,https://example.com,True,https://example.com,https://example.com,True,True,0,0,0,0
1780,59.333,link,35,link,https://example.com,https://example.com,https://example.com,https://example.com,True,https://example.com,https://example.com,https://example.com,https://example.com,https://example.com,https://example.com,https://example.com,True,https://example.com,https://example.com,True,https://example.com,https://example.com,True,True,0,0,0,0
1781,59.367,link,35,link,https://example.com,https://example.com,https://example.com,https://example.com,True,https://example.com,https://example.com,https://example.com,https://example.com,https://example.com,https://example.com,https://example.com,True,https://example.com,https://example.com,True,https://example.com,https://example.com,True,True,0,0,0,0
1782,59.4,link,35,link,https://example.com,https://example.com,https://example.com,https://example.com,True,https://example.com,https://example.com,https://example.com,https://example.com,https://example.com,https://example.com,https://example.com,True,https://example.com,https://example.com,True,https://example.com,https://example.com,True,True,0,0,0,0
1783,59.433,link,35,link,https://example.com,https://example.com,https://example.com,https://example.com,True,https://example.com,https://example.com,https://example.com,https://example.com,https://example.com,https://example.com,https://example.com,True,https://example.com,https://example.com,True,https://example.com,https://example.com,True,True,0,0,0,0
1784,59.467,link,35,link,https://example.com,https://example.com,https://example.com,https://example.com,True,https://example.com,https://example.com,https://example.com,https://example.com,https://example.com,https://example.com,https://example.com,True,https://example.com,https://example.com,True,https://example.com,https://example.com,True,True,0,0,0,0
1785,59.5,link,35,link,https://example.com,https://example.com,https://example.com,https://example.com,True,https://example.com,https://example.com,https://example.com,https://example.com,https://example.com,https://example.com,https://example.com,True,https://example.com,https://example.com,True,https://example.com,https://example.com,True,True,0,0,0,0
1786,59.533,link,35,link,https://example.com,https://example.com,https://example.com,https://example.com,True,https://example.com,https://example.com,https://example.com,https://example.com,https://example.com,https://example.com,https://example.com,True,https://example.com,https://example.com,True,https://example.com,https://example.com,True,True,0,0,0,0
1787,59.567,link,35,link,https://example.com,https://example.com,https://example.com,https://example.com,True,https://example.com,https://example.com,https://example.com,https://example.com,https://example.com,https://example.com,https://example.com,True,https://example.com,https://example.com,True,https://example.com,https://example.com,True,True,0,0,0,0
1788,59.6,link,35,link,https://example.com,https://example.com,https://example.com,https://example.com,True,https://example.com,https://example.com,https://example.com,https://example.com,https://example.com,https://example.com,https://example.com,True,https://example.com,https://example.com,True,https://example.com,https://example.com,True,True,0,0,0,0
1789,59.633,link,35,link,https://example.com,https://example.com,https://example.com,https://example.com,True,https://example.com,https://example.com,https://example.com,https://example.com,https://example.com,https://example.com,https://example.com,True,https://example.com,https://example.com,True,https://example.com,https://example.com,True,True,0,0,0,0
1790,59.667,link,35,link,https://example.com,https://example.com,https://example.com,https://example.com,True,https://example.com,https://example.com,https://example.com,https://example.com,https://example.com,https://example.com,https://example.com,True,https://example.com,https://example.com,True,https://example.com,https://example.com,True,True,0,0,0,0
1791,59.7,link,35,link,https://example.com,https://example.com,https://example.com,https://example.com,True,https://example.com,https://example.com,https://example.com,https://example.com,https://example.com,https://example.com,https://example.com,True,https://example.com,https://example.com,True,https://example.com,https://example.com,True,True,0,0,0,0
1792,59.733,link,35,link,https://example.com,https://example.com,https://example.com,https://example.com,True,https://example.com,https://example.com,https://example.com,https://example.com,https://example.com,https://example.com,https://example.com,True,https://example.com,https://example.com,True,https://example.com,https://example.com,True,True,0,0,0,0
1793,59.767,link,35,link,https://example.com,https://example.com,https://example.com,https://example.com,True,https://example.com,https://example.com,https://example.com,https://example.com,https://example.com,https://example.com,https://example.com,True,https://example.com,https://example.com,True,https://example.com,https://example.com,True,True,0,0,0,0
1794,59.8,link,35,link,https://example.com,https://example.com,https://example.com,https://example.com,True,https://example.com,https://example.com,https://example.com,https://example.com,https://example.com,https://example.com,https://example.com,True,https://example.com,https://example.com,True,https://example.com,https://example.com,True,True,0,0,0,0
1795,59.833,link,35,link,https://example.com,https://example.com,https://example.com,https://example.com,True,https://example.com,https://example.com,https://example.com,https://example.com,https://example.com,https://example.com,https://example.com,True,https://example.com,https://example.com,True,https://example.com,https://example.com,True,True,0,0,0,0
1796,59.867,link,35,link,https://example.com,https://example.com,https://example.com,https://example.com,True,https://example.com,https://example.com,https://example.com,https://example.com,https://example.com,https://example.com,https://example.com,True,https://example.com,https://example.com,True,https://example.com,https://example.com,True,True,0,0,0,0
1797,59.9,link,35,link,https://example.com,https://example.com,https://example.com,https://example.com,True,https://example.com,https://example.com,https://example.com,https://example.com,https://example.com,https://example.com,https://example.com,True,https://example.com,https://example.com,True,https://example.com,https://example.com,True,True,0,0,0,0
1798,59.933,link,35,link,https://example.com,https://example.com,https://example.com,https://example.com,True,https://example.com,https://example.com,https://example.com,https://example.com,https://example.com,https://example.com,https://example.com,True,https://example.com,https://example.com,True,https://example.com,https://example.com,True,True,0,0,0,0
1799,59.967,link,35,link,https://example.com,https://example.com,https://example.com,https://example.com,True,https://example.com,https://example.com,https://example.com,https://example.com,https://example.com,https://example.com,https://example.com,True,https://example.com,https://example.com,True,https://example.com,https://example.com,True,True,0,0,0,0
